Name,Phone Number,Email,Last Activity (UTC),Activity Types / Actions,Account Status
"Quami nut","0505460559","quaminut4321@gmail.com","2026-09-26T10:55:48.244+00:00","Profile Updated; Placed Order; Transaction/Deposit; balance_changed; order_status_changed; transaction_created; order_placed; deposit_completed; transaction_status_changed; deposit_initiated; deposit_created","Registered User"
"ESTHER GBETANU","0501711700","gbetanu200@icloud.com","2026-09-26T09:48:17.762+00:00","New Account Registered; Transaction/Deposit; transaction_status_changed; deposit_initiated; deposit_created; Attempted Login (login_failed)","Registered User"
"Savage emrys","0596471864","chinabalittle@gmail.com","2026-09-26T09:28:38.636+00:00","New Account Registered; Transaction/Deposit; transaction_status_changed; deposit_completed; balance_changed; deposit_initiated; deposit_created; login_success; Attempted Login (login_success); Attempted Login (login_failed)","Registered User"
"Joshua","0535318668","joshuakwabiah303@gmail.com","2026-09-26T08:24:43.474+00:00","Profile Updated; Placed Order; Transaction/Deposit; order_status_changed; order_placed; balance_changed; transaction_created; transaction_status_changed; deposit_completed; deposit_initiated; deposit_created; login_success; LOGIN_SUCCESS; Attempted Login (login_success); Attempted Login (LOGIN_SUCCESS)","Registered User"
"Suleiman Zeinab","0538459251","sule154zeinab@icloud.com","2026-09-26T06:02:39.116+00:00","Profile Updated; Placed Order; Transaction/Deposit; order_status_changed; transaction_status_changed; order_placed; balance_changed; transaction_created; secure_deposit_initiated; deposit_created","Registered User"
"Radwan Telly","0535757181","ridwantelly12@gmail.com","2026-09-25T22:01:14.614+00:00","New Account Registered; Placed Order; Transaction/Deposit; order_status_changed; order_placed; balance_changed; transaction_created; deposit_completed; transaction_status_changed; deposit_initiated; deposit_created; secure_deposit_initiated","Registered User"
"Desmond","0551150387","desmondbempong808@icloud.com","2026-09-25T19:54:40.693+00:00","New Account Registered; Placed Order; Transaction/Deposit; order_status_changed; order_placed; balance_changed; transaction_created; deposit_completed; transaction_status_changed; deposit_initiated; deposit_created; Attempted Login (login_failed)","Registered User"
"Wendy Agyeiwaah","0596416780","agyeiwaahw@gmail.com","2026-09-25T18:13:11.554+00:00","New Account Registered","Registered User"
"richiebezos","0558689959","richardabuh121@icloud.com","2026-09-25T14:06:48.239+00:00","New Account Registered","Registered User"
"Jay","0500029060","collinsofosu432@gmail.com","2026-09-25T13:56:32.639+00:00","Profile Updated; Placed Order; Transaction/Deposit; order_status_changed; order_placed; balance_changed; transaction_created; deposit_completed; transaction_status_changed; deposit_initiated; deposit_created","Registered User"
"Owusu Sandra","0553819430","arbhinah283@gmail.com","2026-09-25T13:49:47.726+00:00","Profile Updated; Placed Order; Transaction/Deposit; order_status_changed; order_placed; balance_changed; transaction_created; deposit_completed; transaction_status_changed; deposit_initiated; deposit_created","Registered User"
"Fidaus","0534291444","fidausaduri137@gmail.com","2026-09-25T05:27:17.714+00:00","Profile Updated; Placed Order; Transaction/Deposit; order_status_changed; login_success; LOGIN_SUCCESS; order_placed; balance_changed; transaction_created; transaction_status_changed; secure_deposit_initiated; deposit_created; Attempted Login (login_success); Attempted Login (LOGIN_SUCCESS)","Registered User"
"Otu Isaiah","0535423976","otuisaiah2@gmail.com","2026-09-25T03:53:39.587+00:00","New Account Registered; Placed Order; Transaction/Deposit; order_status_changed; order_placed; balance_changed; transaction_created; deposit_completed; transaction_status_changed; deposit_initiated; deposit_created; Attempted Login (login_failed)","Registered User"
"Christabel Amofa","0536697965","kryssiebelle@icloud.com","2026-09-25T01:45:34.59+00:00","New Account Registered; Placed Order; Transaction/Deposit; order_status_changed; order_placed; balance_changed; transaction_created; deposit_completed; transaction_status_changed; deposit_initiated; deposit_created","Registered User"
"Lilsane","0539863059","abdulrazarkalhassan842@gmail.com","2026-09-24T15:19:29.558+00:00","New Account Registered; Attempted Login (login_failed)","Registered User"
"Kyeremanteng Paul","0557378371","kyeremantengp868@gmail.com","2026-09-24T09:19:38.904+00:00","Profile Updated; New Account Registered; Transaction/Deposit; transaction_status_changed; balance_changed; secure_deposit_initiated; deposit_created","Registered User"
"Ny","0551355419","nanaduah281@gmail.com","2026-09-24T03:04:02.103+00:00","New Account Registered; Transaction/Deposit; transaction_status_changed; deposit_initiated; deposit_created; Attempted Login (login_failed)","Registered User"
"Gideon","0504033058","princeobeng118@gmil.com","2026-09-24T00:42:42.787+00:00","New Account Registered; Placed Order; Transaction/Deposit; transaction_status_changed; deposit_initiated; deposit_created; order_status_changed; order_placed; balance_changed; transaction_created; deposit_completed","Registered User"
"Lykos","0209496768","lykoslykee71@gmail.com","2026-09-23T23:11:08.736+00:00","New Account Registered; Placed Order; Transaction/Deposit; order_status_changed; order_placed; balance_changed; transaction_created; login_success; transaction_status_changed; secure_deposit_initiated; deposit_created; Attempted Login (login_success); Attempted Login (login_failed)","Registered User"
"Kelvin","0537102557","kelvinowusu@gmail.com","2026-09-23T14:37:01.339+00:00","New Account Registered; Transaction/Deposit; transaction_status_changed; deposit_initiated; deposit_created; LOGIN_SUCCESS; secure_deposit_initiated; login_success; Attempted Login (LOGIN_SUCCESS); Attempted Login (login_success)","Registered User"
"05richness","0532795218","gyamfimark40@gmail.com","2026-09-23T13:31:13.943+00:00","Profile Updated; Placed Order; Transaction/Deposit; order_status_changed; order_placed; balance_changed; transaction_created; transaction_status_changed; secure_deposit_initiated; deposit_created","Registered User"
"Ericagunor","0548461415","nanavirgin36@gmail.com","2026-09-23T11:59:14.32+00:00","New Account Registered; Placed Order; Transaction/Deposit; order_status_changed; order_placed; balance_changed; transaction_created; deposit_completed; transaction_status_changed; deposit_initiated; deposit_created; secure_deposit_initiated","Registered User"
"ForiNa GoT PaiD","0530540874","forinagotpaid@gmail.com","2026-09-23T11:37:59.492+00:00","New Account Registered","Registered User"
"Godson Arthur","0553229659","bouncergh40@gmail.com","2026-09-22T10:40:58.516+00:00","New Account Registered; Placed Order; Transaction/Deposit; order_status_changed; order_placed; balance_changed; transaction_created; login_success; deposit_completed; transaction_status_changed; deposit_initiated; deposit_created; Attempted Login (login_success)","Registered User"
"Isaac Akuaku","0536645937","jeed4president@gmail.com","2026-09-22T10:21:39.955+00:00","Profile Updated; Placed Order; Transaction/Deposit; login_success; order_status_changed; order_placed; balance_changed; transaction_created; deposit_completed; transaction_status_changed; deposit_initiated; deposit_created; Attempted Login (login_success)","Registered User"
"Justice Donkor","0596859288","donkohe275@gmail.com","2026-09-22T09:40:15.656+00:00","New Account Registered; Placed Order; Transaction/Deposit; order_status_changed; order_placed; balance_changed; transaction_created; deposit_completed; transaction_status_changed; deposit_initiated; deposit_created; login_success; Attempted Login (login_success)","Registered User"
"Holysinner_05","0205294555","justiny.12@icloud.com","2026-09-21T22:00:54.688+00:00","New Account Registered","Registered User"
"Erica Martey","0599342546","marteyerica0@gmail.com","2026-09-21T19:20:51.329+00:00","New Account Registered","Registered User"
"Shadrach","0542901094","joeshadrach35@gmail.com","2026-09-21T17:10:26.845+00:00","Profile Updated; New Account Registered; Transaction/Deposit; transaction_status_changed; deposit_initiated; deposit_created; deposit_completed; balance_changed","Registered User"
"Samuel Arthur","0548881472","acheampongsamuel139@gmail.com","2026-09-21T16:06:38.782+00:00","Profile Updated; New Account Registered; Transaction/Deposit; transaction_status_changed; deposit_initiated; deposit_created","Registered User"
"Chima sandy","0552013105","chimasunday123@gmil.com","2026-09-21T16:01:41.529+00:00","New Account Registered; Attempted Login (login_failed)","Registered User"
"Sampson","0535536116","sampsonnana40@gmail.com","2026-09-21T15:46:19.872+00:00","Profile Updated; New Account Registered; login_success; LOGIN_SUCCESS; password_reset_success; Attempted Login (login_success); Attempted Login (login_failed); Attempted Login (LOGIN_SUCCESS); Attempted Login (LOGIN_FAILED); Attempted Login (password_reset_success)","Registered User"
"Angiestylish","0538252772","kvong@email.com","2026-09-21T11:00:43.282+00:00","New Account Registered; Attempted Login (login_failed)","Registered User"
"Prince Ababio","0599427225","princeababio170@gmail.com","2026-09-21T08:53:02.906+00:00","Profile Updated; New Account Registered","Registered User"
"A4signature_8","0531327943","a4signature@gmail.com","2026-09-21T08:48:19.527+00:00","Profile Updated; Placed Order; Transaction/Deposit; balance_changed; order_status_changed; transaction_created; order_placed; deposit_completed; transaction_status_changed; deposit_initiated; deposit_created; login_success; LOGIN_SUCCESS; password_reset_success; Attempted Login (login_success); Attempted Login (login_failed); Attempted Login (LOGIN_SUCCESS); Attempted Login (password_reset_success)","Registered User"
"Richard Yeboah","0244451783","richardyeboah@gmail.com","2026-09-21T06:10:04.453+00:00","Profile Updated; New Account Registered; Placed Order; Transaction/Deposit; order_status_changed; order_placed; balance_changed; transaction_created; deposit_completed; transaction_status_changed; deposit_initiated; deposit_created","Registered User"
"Shadrack","0244951116","roughnight101@gmail.com","2026-09-21T00:04:26.236+00:00","Profile Updated; Placed Order; Transaction/Deposit; order_status_changed; order_placed; balance_changed; transaction_created; transaction_status_changed; secure_deposit_initiated; deposit_created","Registered User"
"Dybala Deeny","0599148483","dybaladeeny12@email.com","2026-09-20T23:59:58.01+00:00","Profile Active (last_seen_at); New Account Registered; Attempted Login (login_failed)","Registered User"
"Richh Macarty","0531287547","nuamahevans07@gmail.com","2026-09-20T23:59:47.957+00:00","Profile Active (last_seen_at); Profile Updated; New Account Registered; Transaction/Deposit; deposit_initiated; deposit_created","Registered User"
"Amoh Mensah isaac","0537112827","amohmensah08@gmail.com","2026-09-20T23:58:48.959341+00:00","Profile Active (last_seen_at); New Account Registered; Attempted Login (HIGH_VELOCITY_LOGIN_FAILURES); Attempted Login (login_failed)","Registered User"
"Lil Loaded","0591530811","samuelmahama819@gmail.com","2026-09-20T23:58:30.022+00:00","Attempted Login (login_failed)","Registered User"
"Desmond li Kesh","0248573848","azaman518924@gmail.com","2026-09-20T23:58:24.280693+00:00","Placed Order; Transaction/Deposit; order_status_changed; order_placed; balance_changed; transaction_created","Registered User"
"Richmond Amoah","0536074785","highestrichmond63@gmail.com","2026-09-20T23:57:19.598038+00:00","Placed Order; Transaction/Deposit; order_status_changed; order_placed; balance_changed; transaction_created; deposit_completed; transaction_status_changed; deposit_initiated; deposit_created","Registered User"
"Douglas Cudjoe","0532665902","cudjoedouglas688@gmail.com","2026-09-20T23:57:09.665734+00:00","Placed Order; Transaction/Deposit; order_status_changed; order_placed; balance_changed; transaction_created","Registered User"
"Mubarik Alhassan","0545133581","mubarikalhassan372@gmail.com","2026-09-20T23:56:56.478737+00:00","Placed Order; Transaction/Deposit; order_status_changed; order_placed; balance_changed; transaction_created","Registered User"
"Ernest","0555915519","ernestanakpor4@email.com","2026-09-20T23:56:53.48+00:00","BANNED_ACCOUNT_LOGIN_BLOCKED; Attempted Login (BANNED_DEVICE_PRELOGIN_BLOCKED); Attempted Login (BANNED_ACCOUNT_LOGIN_BLOCKED); Attempted Login (login_failed)","Registered User"
"Mike kirk","0551804471","mike71kirk@gmail.com","2026-09-20T23:56:24.535+00:00","Profile Active (last_seen_at); Placed Order; Transaction/Deposit; order_status_changed; order_placed; balance_changed; transaction_created; login_success; LOGIN_SUCCESS; deposit_completed; transaction_status_changed; deposit_initiated; deposit_created; password_reset_success; Attempted Login (login_success); Attempted Login (login_failed); Attempted Login (LOGIN_SUCCESS); Attempted Login (password_reset_success)","Registered User"
"Franklin waweru Wachira","0701081057","wachirafranklinwaweru@gmail.com","2026-09-20T23:56:24.277+00:00","Profile Active (last_seen_at); Profile Updated; New Account Registered; Transaction/Deposit; deposit_initiated; deposit_created","Registered User"
"Ayi Maxwell","0506131025","maxwellayi473@gmail.com","2026-09-20T23:55:50.229+00:00","Profile Active (last_seen_at); New Account Registered; Placed Order; Transaction/Deposit; order_status_changed; order_placed; balance_changed; transaction_created; transaction_status_changed; deposit_completed; deposit_initiated; deposit_created","Registered User"
"Tinytas","0207296392","tinytas@email.com","2026-09-20T23:55:02.394965+00:00","order_status_changed","Registered User"
"Hannah Korkor Awah","0534194810","hannahawahkorkor123@gmail.com","2026-09-20T23:55:01.102246+00:00","Profile Updated; Placed Order; Transaction/Deposit; order_status_changed; order_placed; balance_changed; transaction_created; deposit_completed; transaction_status_changed; deposit_initiated; deposit_created; secure_deposit_initiated; login_success; Attempted Login (login_success); Attempted Login (login_failed)","Registered User"
"Maxbee","0597449143","darkwamaxwell69@gmail.com","2026-09-20T23:55:01.102246+00:00","Profile Updated; Placed Order; Transaction/Deposit; order_status_changed; order_placed; balance_changed; transaction_created; deposit_completed; transaction_status_changed; deposit_initiated; deposit_created","Registered User"
"Abdul kudus","0545353060","kudusabdul432@gmail.com","2026-09-20T23:55:01.004979+00:00","Profile Active (last_seen_at); Profile Updated; New Account Registered; Placed Order; Transaction/Deposit; order_status_changed; order_placed; balance_changed; transaction_created; login_success; deposit_initiated; deposit_created; deposit_completed; transaction_status_changed; Attempted Login (login_success); Attempted Login (login_failed)","Registered User"
"Khaidra wacko","0594582832","haja24315@gmail.com","2026-09-20T23:55:00.998768+00:00","Profile Updated; Placed Order; Transaction/Deposit; order_status_changed; order_placed; balance_changed; transaction_created; deposit_completed; transaction_status_changed; deposit_initiated; deposit_created","Registered User"
"Blessing","0203552286","nicholasnyantakyi12@gmail.com","2026-09-20T23:55:00.998768+00:00","Profile Updated; Placed Order; Transaction/Deposit; order_status_changed; order_placed; balance_changed; transaction_created; deposit_completed; transaction_status_changed; deposit_initiated; deposit_created","Registered User"
"Vivian Tetteh","0550500259","viviantetteh1996@gmail.com","2026-09-20T23:55:00.998768+00:00","Placed Order; Transaction/Deposit; order_status_changed; order_placed; balance_changed; transaction_created; login_success; transaction_status_changed; deposit_completed; deposit_initiated; deposit_created; Attempted Login (login_success)","Registered User"
"Stephen Adjei","0541741461","stephenadjei233@icloud.com","2026-09-20T23:55:00.998768+00:00","Placed Order; Transaction/Deposit; order_status_changed; order_placed; balance_changed; transaction_created; transaction_status_changed; deposit_completed; deposit_initiated; deposit_created","Registered User"
"David","0545263220","davidtwum440@gmail.com","2026-09-20T23:55:00.918485+00:00","Profile Updated; Placed Order; Transaction/Deposit; order_status_changed; order_placed; balance_changed; transaction_created; deposit_completed; transaction_status_changed; deposit_initiated; deposit_created","Registered User"
"Frederick Sarpong","0506221983","fredericksarpong59@gmail.com","2026-09-20T23:55:00.915034+00:00","Profile Active (last_seen_at); Profile Updated; Placed Order; Transaction/Deposit; order_status_changed; balance_changed; order_placed; transaction_created; deposit_completed; transaction_status_changed; deposit_initiated; deposit_created","Registered User"
"Ypee💀 Baakop3🦍❤️","0534597103","withneywhite1@gmail.com","2026-09-20T23:55:00.915034+00:00","Profile Updated; Placed Order; Transaction/Deposit; order_status_changed; order_placed; balance_changed; transaction_created; deposit_completed; transaction_status_changed; deposit_initiated; deposit_created; login_success; Attempted Login (login_success)","Registered User"
"Modestro☠️🚶‍♂️","0536599304","snrmodestro@gmail.com","2026-09-20T23:55:00.90927+00:00","Profile Active (last_seen_at); Placed Order; Transaction/Deposit; balance_changed; order_status_changed; transaction_created; order_placed; deposit_completed; transaction_status_changed; deposit_initiated; deposit_created; login_success; Attempted Login (login_success)","Registered User"
"dybaladeeny12","","dybaladeeny12@emil.com","2026-09-20T23:53:12.767+00:00","Attempted Login (login_failed)","Attempted Login (Unregistered)"
"Ricch Macarty","0531287847","ricchmacarty@email.com","2026-09-20T23:50:53.269+00:00","Attempted Login (login_failed); Attempted Login (LOGIN_FAILED)","Registered User"
"Amissah Daniel","0553904207","amissahdaniel5000@gmail.com","2026-09-20T23:50:43.845168+00:00","Placed Order; Transaction/Deposit; order_status_changed; order_placed; balance_changed; transaction_created; transaction_status_changed; deposit_completed; deposit_initiated; deposit_created","Registered User"
"John","0559209593","johnboakyemensah2001@gmail.com","2026-09-20T23:50:43.758011+00:00","Placed Order; Transaction/Deposit; order_status_changed; order_placed; balance_changed; transaction_created; transaction_status_changed; secure_deposit_initiated; deposit_created","Registered User"
"Daniel dadson","0545610475","dd2622399@gmail.com","2026-09-20T23:50:01.530267+00:00","order_status_changed","Registered User"
"Clockwise","0247108388","clockwise1515@icloud.com","2026-09-20T23:50:00.86292+00:00","Profile Updated; Placed Order; Transaction/Deposit; order_status_changed; order_placed; balance_changed; transaction_created; deposit_completed; transaction_status_changed; deposit_initiated; deposit_created; login_success; Attempted Login (login_success)","Registered User"
"GRANDJUNIOR","0546633845","nanapoku929@icloud.com","2026-09-20T23:50:00.765337+00:00","Profile Active (last_seen_at); New Account Registered; Placed Order; Transaction/Deposit; order_status_changed; order_placed; balance_changed; transaction_created; deposit_completed; transaction_status_changed; deposit_initiated; deposit_created","Registered User"
"David Dankwa","0257600934","davekayd17@gmail.com","2026-09-20T23:50:00.765337+00:00","Profile Active (last_seen_at); New Account Registered; Placed Order; Transaction/Deposit; order_status_changed; order_placed; balance_changed; transaction_created; deposit_completed; transaction_status_changed; deposit_initiated; deposit_created","Registered User"
"Bsbboss","0552957752","braink518@gmail.com","2026-09-20T23:50:00.765337+00:00","Placed Order; Transaction/Deposit; order_status_changed; order_placed; balance_changed; transaction_created; deposit_completed; transaction_status_changed; deposit_initiated; deposit_created","Registered User"
"Junior","0207933231","jnrasamoah1@gmail.com","2026-09-20T23:50:00.761504+00:00","Profile Active (last_seen_at); Profile Updated; New Account Registered; Placed Order; Transaction/Deposit; order_status_changed; order_placed; balance_changed; transaction_created; login_success; deposit_completed; transaction_status_changed; deposit_initiated; deposit_created; Attempted Login (login_success)","Registered User"
"Hajara Seidu","0247175033","hajaraseidu038@email.com","2026-09-20T23:50:00.761504+00:00","Profile Updated; Placed Order; Transaction/Deposit; order_status_changed; balance_changed; order_placed; transaction_created; deposit_completed; transaction_status_changed; deposit_initiated; deposit_created","Registered User"
"amoakokingsley406","","amoakokingsley406@gmail.com","2026-09-20T23:48:03.956+00:00","Attempted Login (login_failed)","Attempted Login (Unregistered)"
"Ansong Edward","0537749474","ansonged74@gmail.com","2026-09-20T23:47:28.894+00:00","Profile Active (last_seen_at); Profile Updated; New Account Registered; Transaction/Deposit; deposit_initiated; deposit_created","Registered User"
"jay","0556137609","kaneteyesselj@gmail.com","2026-09-20T23:47:18.47+00:00","Profile Active (last_seen_at); Profile Updated; New Account Registered; Transaction/Deposit; deposit_completed; transaction_status_changed; balance_changed; deposit_initiated; deposit_created; login_success; LOGIN_SUCCESS; Attempted Login (login_success); Attempted Login (LOGIN_SUCCESS)","Registered User"
"Prince Boadi","0500117990","you@princeboadi.com","2026-09-20T23:46:32.19+00:00","Attempted Login (login_failed); Attempted Login (LOGIN_FAILED)","Registered User"
"Diana Owusu","0592190700","dianaabenatwumwaah@gmail.com","2026-09-20T23:45:43.948958+00:00","Profile Updated; Placed Order; Transaction/Deposit; order_status_changed; order_placed; balance_changed; transaction_created; deposit_completed; transaction_status_changed; deposit_initiated; deposit_created","Registered User"
"(Attempted Login)","0506676293","","2026-09-20T23:45:30.055+00:00","Attempted Login (login_failed)","Attempted Login (Unregistered)"
"(Attempted Login)","0070108157","","2026-09-20T23:45:18.191+00:00","Attempted Login (login_failed)","Attempted Login (Unregistered)"
"(Attempted Login)","0544812351","","2026-09-20T23:45:14.032+00:00","Attempted Login (login_failed)","Attempted Login (Unregistered)"
"BrightBaah","0531448058","bbaah249@gmail.com","2026-09-20T23:45:01.005222+00:00","Placed Order; Transaction/Deposit; order_status_changed; order_placed; balance_changed; transaction_created; deposit_completed; transaction_status_changed; deposit_initiated; deposit_created","Registered User"
"Ishmael Koranteng","0546581696","korantengishmael37@gmail.com","2026-09-20T23:45:00.713935+00:00","Profile Active (last_seen_at); Profile Updated; New Account Registered; Placed Order; Transaction/Deposit; order_status_changed; order_placed; balance_changed; transaction_created; deposit_completed; transaction_status_changed; deposit_initiated; deposit_created","Registered User"
"William Agyiri","0596733986","williamagyiri20@gmail.com","2026-09-20T23:45:00.713935+00:00","Placed Order; Transaction/Deposit; order_status_changed; order_placed; balance_changed; transaction_created","Registered User"
"Responsible Lyrical","0545350757","responsiblelyrical@gmail.com","2026-09-20T23:42:16.262023+00:00","Profile Active (last_seen_at); Profile Updated; New Account Registered","Registered User"
"Esther Owusu","0504375618","nharnaafiyah@gmail.com","2026-09-20T23:41:01.921+00:00","Placed Order; Transaction/Deposit; deposit_initiated; deposit_created; login_success; order_status_changed; order_placed; balance_changed; transaction_created; Attempted Login (login_success)","Registered User"
"Miss D","0538714399","nanaakua57@icloud.com","2026-09-20T23:40:01.181183+00:00","Placed Order; Transaction/Deposit; order_status_changed; order_placed; balance_changed; transaction_created; deposit_completed; transaction_status_changed; deposit_initiated; deposit_created","Registered User"
"Ofori Emmanuel","0509706565","c39082561@gmail.com","2026-09-20T23:40:00.885226+00:00","Profile Active (last_seen_at); Profile Updated; Placed Order; Transaction/Deposit; order_status_changed; transaction_status_changed; order_placed; balance_changed; transaction_created; deposit_completed; deposit_initiated; deposit_created; login_success; password_reset_success; Attempted Login (login_success); Attempted Login (login_failed); Attempted Login (password_reset_success); Attempted Login (LOGIN_FAILED)","Registered User"
"Desmond wilson","0241412532","declichy7@gmail.com","2026-09-20T23:40:00.885226+00:00","Profile Updated; Placed Order; Transaction/Deposit; order_status_changed; order_placed; balance_changed; transaction_created; deposit_completed; transaction_status_changed; deposit_initiated; deposit_created","Registered User"
"Alhassan Mohammed","0556188071","alhazzand8@gmail.com","2026-09-20T23:40:00.885226+00:00","Profile Updated; Placed Order; Transaction/Deposit; order_status_changed; order_placed; balance_changed; transaction_created; deposit_completed; transaction_status_changed; deposit_initiated; deposit_created","Registered User"
"Lamar Sarpong","0550554857","kingsfordsarpong25@gmail.com","2026-09-20T23:40:00.885226+00:00","Placed Order; Transaction/Deposit; order_status_changed; order_placed; balance_changed; transaction_created; deposit_completed; transaction_status_changed; deposit_initiated; deposit_created","Registered User"
"Beatrice","0595034991","beatricefatw@gmail.com","2026-09-20T23:40:00.858043+00:00","Profile Active (last_seen_at); Placed Order; Transaction/Deposit; order_status_changed; order_placed; balance_changed; transaction_created","Registered User"
"mike danso","","mikedanso@gmail.com","2026-09-20T23:40:00.858043+00:00","Placed Order; Transaction/Deposit; order_status_changed; order_placed; balance_changed; transaction_created","Registered User"
"DAVID Asiamah","0502024330","davidasiamah195@gmail.com","2026-09-20T23:39:39.65+00:00","login_success; LOGIN_SUCCESS; Attempted Login (login_success); Attempted Login (LOGIN_SUCCESS)","Registered User"
"Officialeminent","0591803708","senasamuel489@gmail.com","2026-09-20T23:35:01.968691+00:00","Profile Active (last_seen_at); Profile Updated; Placed Order; Transaction/Deposit; order_status_changed; order_placed; balance_changed; transaction_created; transaction_status_changed; secure_deposit_initiated; deposit_created; login_success; Attempted Login (login_success)","Registered User"
"HAWA IDDRISU","0597678142","hawaiddrisuummi@gmail.com","2026-09-20T23:35:01.569868+00:00","Profile Updated; Placed Order; Transaction/Deposit; order_status_changed; order_placed; balance_changed; transaction_created; transaction_status_changed; deposit_completed; deposit_initiated; deposit_created; secure_deposit_initiated","Registered User"
"Ebenezer","0555988473","eben0448@gmail.com","2026-09-20T23:30:03.875195+00:00","Profile Active (last_seen_at); Profile Updated; New Account Registered; Transaction/Deposit; transaction_status_changed; deposit_initiated; deposit_created; secure_deposit_initiated","Registered User"
"Nuhu Madi","0209150517","escobargh0123456789@gmail.com","2026-09-20T23:30:03.875195+00:00","Profile Updated; Placed Order; Transaction/Deposit; transaction_status_changed; order_status_changed; order_placed; balance_changed; transaction_created; deposit_completed; deposit_initiated; deposit_created","Registered User"
"Smiling","0205687193","sarawgoodrum@gmail.com","2026-09-20T23:30:03.875195+00:00","Placed Order; Transaction/Deposit; transaction_status_changed; order_status_changed; order_placed; balance_changed; transaction_created; deposit_completed; deposit_initiated; deposit_created","Registered User"
"EBENEZER AGYEI","0247570745","aeben98@gmail.com","2026-09-20T23:30:02.307242+00:00","order_status_changed; login_success; Attempted Login (login_success)","Registered User"
"Low typer💐♿️","0532887033","typerfrmdao@email.com","2026-09-20T23:30:02.213838+00:00","Placed Order; Transaction/Deposit; order_status_changed; order_placed; balance_changed; transaction_created; login_success; deposit_completed; transaction_status_changed; deposit_initiated; deposit_created; Attempted Login (login_success)","Registered User"
"K.Fosu Emmanuel","0558397553","victoriaba2005@icloud.com","2026-09-20T23:30:01.664278+00:00","Placed Order; Transaction/Deposit; order_status_changed; order_placed; balance_changed; transaction_created","Registered User"
"Benedict Amankwaa","0552811120","lillyscott008899@gmail.com","2026-09-20T23:29:38.066+00:00","Profile Active (last_seen_at); Placed Order; Transaction/Deposit; login_success; order_status_changed; order_placed; balance_changed; transaction_created; transaction_status_changed; secure_deposit_initiated; deposit_created; Attempted Login (login_success)","Registered User"
"Format for a reason","0277727606","nhyirabridget111@gmail.com","2026-09-20T23:28:42.43857+00:00","Profile Active (last_seen_at); Profile Updated; New Account Registered","Registered User"
"Kelvin Ennin","0248339867","kelvinennin8@gmail.com","2026-09-20T23:25:01.213536+00:00","Profile Updated; Placed Order; Transaction/Deposit; order_status_changed; order_placed; balance_changed; transaction_created; deposit_completed; transaction_status_changed; deposit_initiated; deposit_created","Registered User"
"Hassanbaraw","0591620029","barawhassa03@gmail.com","2026-09-20T23:25:00.965686+00:00","Profile Updated; Placed Order; Transaction/Deposit; order_status_changed; order_placed; balance_changed; transaction_created; deposit_completed; transaction_status_changed; deposit_initiated; deposit_created","Registered User"
"Mrhandsome","0545147820","kelvinkusi12@icloud.com","2026-09-20T23:25:00.965686+00:00","Placed Order; Transaction/Deposit; order_status_changed; order_placed; balance_changed; transaction_created; deposit_completed; transaction_status_changed; deposit_initiated; deposit_created","Registered User"
"Abass Saliky","0537142568","abasssaliky06@gmila.com","2026-09-20T23:25:00.965686+00:00","Placed Order; Transaction/Deposit; order_status_changed; order_placed; balance_changed; transaction_created","Registered User"
"Isaac lincoln","0558550211","awuniisaac24@icloud.com","2026-09-20T23:25:00.925717+00:00","Profile Active (last_seen_at); Profile Updated; New Account Registered; Placed Order; Transaction/Deposit; order_status_changed; order_placed; balance_changed; transaction_created; deposit_completed; transaction_status_changed; deposit_initiated; deposit_created; login_success; LOGIN_SUCCESS; password_reset_success; Attempted Login (login_success); Attempted Login (login_failed); Attempted Login (LOGIN_SUCCESS); Attempted Login (password_reset_success); Attempted Login (LOGIN_FAILED)","Registered User"
"Abo Ishmeal","0536940287","ishmealabo2@gmail.com","2026-09-20T23:24:45.655466+00:00","Profile Active (last_seen_at); Profile Updated; New Account Registered","Registered User"
"kyerewaaf14","","kyerewaaf14@gmail.com","2026-09-20T23:24:13.28+00:00","Attempted Login (login_failed)","Attempted Login (Unregistered)"
"Big meech","0242840881","s.krakue12@gmail.com","2026-09-20T23:23:01.063+00:00","Profile Active (last_seen_at); Profile Updated; New Account Registered; Transaction/Deposit; deposit_initiated; deposit_created","Registered User"
"Boateng Amankwaah Jeremia","0544567727","boatengamankwaah40@gmail.com","2026-09-20T23:21:29.984+00:00","Placed Order; Transaction/Deposit; deposit_initiated; deposit_created; order_status_changed; order_placed; balance_changed; transaction_created; deposit_completed; transaction_status_changed","Registered User"
"reginaldamankrah","","reginaldamankrah@gmail.com","2026-09-20T23:21:28.231+00:00","Attempted Login (login_failed)","Attempted Login (Unregistered)"
"Justice Abraham","0593941165","justiceabraham321@gmail.com","2026-09-20T23:21:27.649+00:00","login_success; LOGIN_SUCCESS; password_reset_success; Attempted Login (login_success); Attempted Login (LOGIN_SUCCESS); Attempted Login (password_reset_success); Attempted Login (login_failed); Attempted Login (LOGIN_FAILED)","Registered User"
"Alex","0538639332","alexagyei922@gmail.com","2026-09-20T23:20:01.537522+00:00","Profile Updated; Placed Order; Transaction/Deposit; order_status_changed; order_placed; balance_changed; transaction_created; transaction_status_changed; deposit_completed; deposit_initiated; deposit_created; login_success; Attempted Login (login_success)","Registered User"
"Koranteng Felix","0535189878","becklino209@gmail.com","2026-09-20T23:20:01.103722+00:00","Placed Order; Transaction/Deposit; order_status_changed; order_placed; balance_changed; transaction_created","Registered User"
"Ophelia clean","0549940711","opheliaclean1@gmail.com","2026-09-20T23:20:01.103722+00:00","Placed Order; Transaction/Deposit; order_status_changed; order_placed; balance_changed; transaction_created; login_success; Attempted Login (login_success)","Registered User"
"Philip amponsah","0537644168","philipamponsah001@gmail.com","2026-09-20T23:20:01.103722+00:00","Placed Order; Transaction/Deposit; order_status_changed; order_placed; balance_changed; transaction_created; login_success; LOGIN_SUCCESS; Attempted Login (login_success); Attempted Login (LOGIN_SUCCESS)","Registered User"
"Emmanuel Marc","0555331905","emmamarc@gmail.com","2026-09-20T23:20:01.101866+00:00","Profile Updated; Placed Order; Transaction/Deposit; order_status_changed; order_placed; balance_changed; transaction_created; deposit_completed; transaction_status_changed; deposit_initiated; deposit_created","Registered User"
"Monica","0558812708","monicana055@icloud.com","2026-09-20T23:20:01.101866+00:00","Placed Order; Transaction/Deposit; order_status_changed; order_placed; balance_changed; transaction_created; deposit_completed; transaction_status_changed; deposit_initiated; deposit_created; login_success; Attempted Login (login_success); Attempted Login (login_failed); Attempted Login (LOGIN_FAILED)","Registered User"
"Jeremiah Udana","0541499465","jeremiahudana77@gmail.com","2026-09-20T23:18:06.686+00:00","login_success; LOGIN_SUCCESS; Attempted Login (login_success); Attempted Login (LOGIN_SUCCESS)","Registered User"
"Christian","0556366442","christianoofosu6@gmail.com","2026-09-20T23:15:00.726302+00:00","Placed Order; Transaction/Deposit; order_status_changed; order_placed; balance_changed; transaction_created","Registered User"
"Jonathan","0546485742","lijayjr1234@gmail.com","2026-09-20T23:15:00.726302+00:00","Placed Order; Transaction/Deposit; order_status_changed; order_placed; balance_changed; transaction_created; deposit_completed; transaction_status_changed; deposit_initiated; deposit_created","Registered User"
"Lily Attrams","0531221905","lilyattrams567@gmail.com","2026-09-20T23:15:00.726302+00:00","Placed Order; Transaction/Deposit; order_status_changed; order_placed; balance_changed; transaction_created","Registered User"
"Nathaniel Koranteng","0506496824","nathanielkoranteng21@gmail.com","2026-09-20T23:12:21.485+00:00","Profile Active (last_seen_at); Profile Updated; New Account Registered; Transaction/Deposit; deposit_initiated; deposit_created","Registered User"
"Son Of Somke😜😊💕","0544261344","icemoni265@gmail.com","2026-09-20T23:10:01.222888+00:00","Profile Active (last_seen_at); New Account Registered; Placed Order; Transaction/Deposit; order_status_changed; order_placed; balance_changed; transaction_created; deposit_completed; transaction_status_changed; deposit_initiated; deposit_created; Attempted Login (login_failed)","Registered User"
"Augustus Ghunney","0279651476","augustusghunney@gmail.com","2026-09-20T23:10:01.222888+00:00","Placed Order; Transaction/Deposit; order_status_changed; order_placed; balance_changed; transaction_created; deposit_completed; transaction_status_changed; deposit_initiated; deposit_created","Registered User"
"Nyamekye Ama Ababio","0530170036","amanyamekye3940@gmail.com","2026-09-20T23:10:00.79383+00:00","Profile Active (last_seen_at); Profile Updated; Placed Order; Transaction/Deposit; order_status_changed; transaction_status_changed; order_placed; balance_changed; transaction_created; deposit_completed; deposit_initiated; deposit_created","Registered User"
"Nortey Richmond","0249011361","degend407@icloud.com","2026-09-20T23:10:00.79383+00:00","Profile Updated; Placed Order; Transaction/Deposit; order_status_changed; order_placed; balance_changed; transaction_created; deposit_completed; transaction_status_changed; deposit_initiated; deposit_created; login_success; LOGIN_SUCCESS; Attempted Login (login_success); Attempted Login (LOGIN_SUCCESS)","Registered User"
"Ebenezer Toah","0555090991","magaretopoku320@gamil.com","2026-09-20T23:10:00.79383+00:00","Placed Order; Transaction/Deposit; order_status_changed; order_placed; balance_changed; transaction_created","Registered User"
"YUNG KING","0554716630","erictetteh989@gmail.com","2026-09-20T23:07:06.013596+00:00","Profile Active (last_seen_at); Profile Updated; New Account Registered; Attempted Login (login_failed)","Registered User"
"Lee","0206557010","woodscheryl918@gmail.com","2026-09-20T23:05:44.095904+00:00","order_status_changed","Registered User"
"David Boateng","0243961612","narteyprinceamli@icloud.com","2026-09-20T23:05:09.241085+00:00","Transaction/Deposit; balance_changed; order_status_changed; transaction_created","Registered User"
"Adinan avayevu","0507807838","kizovibes38@gmail.com","2026-09-20T23:04:47.359544+00:00","Profile Active (last_seen_at); Profile Updated; New Account Registered","Registered User"
"Nathaniel Yalley","0538179623","jayecyalley@gmail.com","2026-09-20T23:01:38.866471+00:00","Profile Active (last_seen_at); Profile Updated; New Account Registered","Registered User"
"Confidential","0537748760","oboyconfidence166@gmail.com","2026-09-20T23:00:53.116498+00:00","Profile Active (last_seen_at); Profile Updated; New Account Registered","Registered User"
"nuglozegifty","","nuglozegifty@gmail.com","2026-09-20T23:00:32.957+00:00","Attempted Login (login_failed)","Attempted Login (Unregistered)"
"Nicolas Ameyike","0556226924","nicolasameyike115@gmail.com","2026-09-20T23:00:06.449209+00:00","Profile Active (last_seen_at); New Account Registered; Transaction/Deposit; transaction_status_changed; deposit_initiated; deposit_created; Attempted Login (login_failed)","Registered User"
"Prince","0554427096","pm302669@gmail.com","2026-09-20T23:00:06.449209+00:00","Profile Updated; Placed Order; Transaction/Deposit; transaction_status_changed; order_status_changed; order_placed; balance_changed; transaction_created; login_success; deposit_completed; deposit_initiated; deposit_created; Attempted Login (login_success)","Registered User"
"Emmanuella Ato-Davies","0505501956","emmanuellaatodavies2012@gmail.com","2026-09-20T23:00:06.449209+00:00","Placed Order; Transaction/Deposit; transaction_status_changed; order_status_changed; deposit_initiated; deposit_created; order_placed; balance_changed; transaction_created; deposit_completed","Registered User"
"🇨🇦 ᗪᖴᗯ_Yᗷ🫧🛍️","0247580960","kwamesefaeric@icolud.com","2026-09-20T23:00:06.449209+00:00","Placed Order; Transaction/Deposit; transaction_status_changed; deposit_completed; balance_changed; deposit_initiated; deposit_created; order_status_changed; order_placed; transaction_created; secure_deposit_initiated","Registered User"
"Itz Cashes","0537889013","youngweezy2023@gmail.com","2026-09-20T23:00:02.278659+00:00","Placed Order; Transaction/Deposit; order_status_changed; order_placed; balance_changed; transaction_created","Registered User"
"Sebas_22","0535266465","asantekwame074@gmail.com","2026-09-20T23:00:01.686246+00:00","Placed Order; Transaction/Deposit; order_status_changed; order_placed; balance_changed; transaction_created; deposit_completed; transaction_status_changed; deposit_initiated; deposit_created","Registered User"
"Matilda Owusu","0257804117","akosuathug@icloud.com","2026-09-20T23:00:01.451584+00:00","Placed Order; Transaction/Deposit; order_status_changed; order_placed; balance_changed; transaction_created; deposit_completed; transaction_status_changed; deposit_initiated; deposit_created","Registered User"
"Fredrick Eshun","0503515372","blessingesgun13@icloud.com","2026-09-20T23:00:01.451584+00:00","Placed Order; Transaction/Deposit; order_status_changed; order_placed; balance_changed; transaction_created","Registered User"
"Prince Nyamekye","0592747841","princenyamekye310@gmail.com","2026-09-20T23:00:01.411692+00:00","Profile Updated; Placed Order; Transaction/Deposit; order_status_changed; order_placed; balance_changed; transaction_created; deposit_completed; transaction_status_changed; deposit_initiated; deposit_created; login_success; Attempted Login (login_success)","Registered User"
"Dora Musa","0557272113","mdora4466@gmail.com","2026-09-20T23:00:01.411692+00:00","Profile Updated; Placed Order; Transaction/Deposit; order_status_changed; order_placed; balance_changed; transaction_created; transaction_status_changed; deposit_completed; deposit_initiated; deposit_created","Registered User"
"Charity Opoku","0550561411","charityopoku004@gmail.com","2026-09-20T23:00:01.411692+00:00","Placed Order; Transaction/Deposit; order_status_changed; order_placed; balance_changed; transaction_created; deposit_completed; transaction_status_changed; deposit_initiated; deposit_created","Registered User"
"Kings_kid26","0599964424","akwasi.nyarko123@icloud.com","2026-09-20T23:00:01.404789+00:00","Profile Active (last_seen_at); New Account Registered; Placed Order; Transaction/Deposit; balance_changed; order_status_changed; transaction_created; login_success; order_placed; deposit_completed; transaction_status_changed; deposit_initiated; deposit_created; Attempted Login (login_success)","Registered User"
"Felix Nyankey","0593829640","yankeyfelix86@gmail.com","2026-09-20T22:58:06.856166+00:00","Profile Active (last_seen_at); Profile Updated; New Account Registered","Registered User"
"(Attempted Login)","0539421916","","2026-09-20T22:57:50.171+00:00","Attempted Login (login_failed)","Attempted Login (Unregistered)"
"Highest Trilla","0246303347","cindyowusu1700@gmail.com","2026-09-20T22:56:50.603691+00:00","Profile Active (last_seen_at); Profile Updated; New Account Registered; Attempted Login (login_failed)","Registered User"
"King Smith","0539906083","kingsleyappiah2025@gmail.com","2026-09-20T22:55:00.70457+00:00","Placed Order; Transaction/Deposit; order_status_changed; order_placed; balance_changed; transaction_created; deposit_completed; transaction_status_changed; deposit_initiated; deposit_created","Registered User"
"Candice Owusuwaa Oduro","0559972337","itzcandice11@icloud.com","2026-09-20T22:54:56.465056+00:00","Profile Active (last_seen_at); Profile Updated; New Account Registered","Registered User"
"Emmanuel bekoe","0551682262","zetbezos123@gmail.com","2026-09-20T22:50:00.840681+00:00","Profile Updated; Placed Order; Transaction/Deposit; balance_changed; order_status_changed; transaction_created; order_placed; deposit_completed; transaction_status_changed; deposit_initiated; deposit_created","Registered User"
"Star life","0538886192","koomsonshadrack75@gmail.com","2026-09-20T22:50:00.75249+00:00","Profile Updated; Placed Order; Transaction/Deposit; balance_changed; order_status_changed; transaction_created; order_placed; transaction_status_changed; deposit_completed; deposit_initiated; deposit_created; secure_deposit_initiated","Registered User"
"Clement Mensah","0256624965","ndunkeclementmensah@cloud.com","2026-09-20T22:50:00.724787+00:00","Profile Updated; Placed Order; Transaction/Deposit; order_status_changed; transaction_created; order_placed; balance_changed; transaction_status_changed; deposit_completed; deposit_initiated; deposit_created; login_success; LOGIN_SUCCESS; Attempted Login (login_success); login_success; Attempted Login (login_success); Attempted Login (LOGIN_SUCCESS)","Registered User"
"matilda lokko","0536040123","mlokko111@gmail.com","2026-09-20T22:50:00.724787+00:00","Placed Order; Transaction/Deposit; order_status_changed; order_placed; balance_changed; transaction_created","Registered User"
"Nyarko Collins","0542054045","collinsnyarko200@icloud.com","2026-09-20T22:49:37.564388+00:00","Profile Active (last_seen_at); Profile Updated; New Account Registered","Registered User"
"abigelnodles","","abigelnodles@gmail.com","2026-09-20T22:49:03.113+00:00","Attempted Login (login_failed)","Attempted Login (Unregistered)"
"amponashrudoilf","","amponashrudoilf@gmail.com","2026-09-20T22:46:01.699+00:00","Attempted Login (login_failed)","Attempted Login (Unregistered)"
"Precious Lamba","9134521068","verifiedlamba508@gmail.com","2026-09-20T22:45:58.009+00:00","login_success; Attempted Login (login_failed); Attempted Login (BANNED_DEVICE_PRELOGIN_BLOCKED); Attempted Login (login_success)","Registered User"
"Chinemerem Precious","0913452106","preciouschinemerem125@gmail.com","2026-09-20T22:45:31.761+00:00","BANNED_DEVICE_PRELOGIN_BLOCKED","Registered User"
"Patience","0594799990","blesskhid@icloud.com","2026-09-20T22:45:01.605192+00:00","Profile Active (last_seen_at); Placed Order; Transaction/Deposit; order_status_changed; order_placed; balance_changed; transaction_created","Registered User"
"muhammedbelloaiman@gmail.com","0597589629","muhammedbelloaiman@gmail.com","2026-09-20T22:45:01.605192+00:00","Placed Order; Transaction/Deposit; order_status_changed; order_placed; balance_changed; transaction_created; deposit_completed; transaction_status_changed; deposit_initiated; deposit_created","Registered User"
"Asante Aaron","0598721554","aaronasante646@icloud.com","2026-09-20T22:45:01.605192+00:00","Placed Order; Transaction/Deposit; order_status_changed; order_placed; balance_changed; transaction_created; deposit_completed; transaction_status_changed; deposit_initiated; deposit_created","Registered User"
"Kelvin nkansah","0200202052","kelvinnkansah123@gmail.com","2026-09-20T22:45:01.605192+00:00","Placed Order; Transaction/Deposit; order_status_changed; order_placed; balance_changed; transaction_created; login_success; Attempted Login (login_success)","Registered User"
"Derrick Amoako","0547173637","amaokodarrick@gmail.com","2026-09-20T22:45:01.521029+00:00","Profile Active (last_seen_at); Profile Updated; Placed Order; Transaction/Deposit; balance_changed; order_status_changed; transaction_created; order_placed; deposit_completed; transaction_status_changed; deposit_initiated; deposit_created","Registered User"
"Bhra Sonata","0594593761","sonamultimedia2@gmail.com","2026-09-20T22:45:01.51254+00:00","Profile Active (last_seen_at); Placed Order; Transaction/Deposit; order_status_changed; order_placed; balance_changed; transaction_created; deposit_completed; transaction_status_changed; deposit_initiated; deposit_created; login_success; Attempted Login (login_success)","Registered User"
"Bright Malakai","0248449186","bright.malakai3306@gmail.com","2026-09-20T22:45:01.504631+00:00","Placed Order; Transaction/Deposit; order_status_changed; order_placed; balance_changed; transaction_created; deposit_completed; transaction_status_changed; deposit_initiated; deposit_created; login_success; Attempted Login (login_success)","Registered User"
"Philip Agyekum","0537209454","agyekumphilil123@icloud.com","2026-09-20T22:45:01.3182+00:00","Placed Order; Transaction/Deposit; balance_changed; order_status_changed; transaction_created; order_placed; login_success; transaction_status_changed; secure_deposit_initiated; deposit_created; Attempted Login (login_success)","Registered User"
"Robert innovate","0256651943","robertagbenu2467@gmail.com","2026-09-20T22:44:56.892525+00:00","Profile Active (last_seen_at); New Account Registered","Registered User"
"Shallonsylvester","0550605652","shallonsylvester.ss@icloud.com","2026-09-20T22:43:42.233718+00:00","Placed Order; Transaction/Deposit; balance_changed; order_status_changed; transaction_created; order_placed; login_success; deposit_completed; transaction_status_changed; deposit_initiated; deposit_created; Attempted Login (login_success)","Registered User"
"Samuel Mensah","0201523753","marymanful411@gmail.com","2026-09-20T22:42:43.623+00:00","LOGIN_SUCCESS; Attempted Login (LOGIN_SUCCESS)","Registered User"
"(Attempted Login)","0540668694","","2026-09-20T22:41:29.468+00:00","Attempted Login (login_failed)","Attempted Login (Unregistered)"
"dwomohnana149","","dwomohnana149@gmail.com","2026-09-20T22:41:22.266+00:00","Attempted Login (login_failed)","Attempted Login (Unregistered)"
"Emmanuel Aikins","0203560200","aikinsemma@icloud.com","2026-09-20T22:40:32.459+00:00","Attempted Login (login_failed)","Registered User"
"Douglas","0550895622","douglastetteh52@gmail.com","2026-09-20T22:40:01.173997+00:00","Profile Updated; Placed Order; Transaction/Deposit; order_status_changed; order_placed; balance_changed; transaction_created; transaction_status_changed; deposit_completed; deposit_initiated; deposit_created","Registered User"
"Oduro Godfred","0550338003","alkalinegodfred920@gmail.com","2026-09-20T22:40:01.163971+00:00","Placed Order; Transaction/Deposit; order_status_changed; order_placed; balance_changed; transaction_created","Registered User"
"Beauty Heroine","0558677187","beautyhero11@icloud.com","2026-09-20T22:40:01.144624+00:00","Profile Updated; Placed Order; Transaction/Deposit; order_status_changed; order_placed; balance_changed; transaction_created; deposit_completed; transaction_status_changed; deposit_initiated; deposit_created","Registered User"
"Boadum Deborah","0534460154","deborahboadum@email.com","2026-09-20T22:40:00.957885+00:00","Placed Order; Transaction/Deposit; order_status_changed; order_placed; balance_changed; transaction_created; login_success; transaction_status_changed; deposit_completed; deposit_initiated; deposit_created; Attempted Login (login_success)","Registered User"
"Christian Brown","0599902833","brownchristian1985@gmail.com","2026-09-20T22:39:27.229+00:00","login_success; LOGIN_SUCCESS; Attempted Login (login_success); Attempted Login (LOGIN_SUCCESS)","Registered User"
"Mikel adomako","0598678970","mikeladomako568@gmail.com","2026-09-20T22:35:00.979281+00:00","Profile Updated; Placed Order; Transaction/Deposit; order_status_changed; order_placed; balance_changed; transaction_created; deposit_completed; transaction_status_changed; deposit_initiated; deposit_created","Registered User"
"Bismark Obeng","0207174445","desmondobeng1122@gmail.com","2026-09-20T22:35:00.774451+00:00","Profile Updated; Placed Order; Transaction/Deposit; balance_changed; order_status_changed; transaction_created; order_placed; deposit_completed; transaction_status_changed; deposit_initiated; deposit_created","Registered User"
"Gabby","0530932377","gabbygh283@gmail.com","2026-09-20T22:35:00.765194+00:00","Placed Order; Transaction/Deposit; order_status_changed; order_placed; balance_changed; transaction_created","Registered User"
"Amoh Christ","0556647691","amohchristian@gmail.com","2026-09-20T22:35:00.765194+00:00","Placed Order; Transaction/Deposit; order_status_changed; order_placed; balance_changed; transaction_created; login_success; LOGIN_SUCCESS; Attempted Login (login_success); Attempted Login (LOGIN_SUCCESS)","Registered User"
"(Attempted Login)","0559197623","","2026-09-20T22:34:42.544+00:00","Attempted Login (login_failed)","Attempted Login (Unregistered)"
"Kojo Boateng","0538858880","kojob2013@icloud.com","2026-09-20T22:33:59.76196+00:00","Placed Order; Transaction/Deposit; balance_changed; order_status_changed; transaction_created; order_placed; login_success; Attempted Login (login_success)","Registered User"
"Faisal Ibrahim","0240200515","ibrahimfaisal63738@gmail.com","2026-09-20T22:32:34.548+00:00","Attempted Login (login_failed)","Registered User"
"King-Lance Henry Adjei","0207966740","kinglance234@gmail.com","2026-09-20T22:32:26.96+00:00","Profile Updated; Transaction/Deposit; deposit_completed; transaction_status_changed; balance_changed; deposit_initiated; deposit_created; login_success; Attempted Login (login_success)","Registered User"
"Otf Spartan","0556511584","prwomireofficial23@gmail.com","2026-09-20T22:31:39.862923+00:00","Profile Active (last_seen_at); Profile Updated; New Account Registered","Registered User"
"Drah Cynthia","0505746035","cynthiadrah106@gmail.com","2026-09-20T22:31:01.189441+00:00","Profile Active (last_seen_at); Profile Updated; New Account Registered; Attempted Login (login_failed)","Registered User"
"Hamidu Sadick","0532686994","cavanihamidu@gmail.com","2026-09-20T22:30:43.556397+00:00","Placed Order; Transaction/Deposit; order_status_changed; order_placed; balance_changed; transaction_created; deposit_completed; transaction_status_changed; deposit_initiated; deposit_created","Registered User"
"Luxury_LENCIA","0570338349","lawrenciaboateng94@gmail.com","2026-09-20T22:30:03.925066+00:00","Profile Updated; Placed Order; Transaction/Deposit; transaction_status_changed; order_status_changed; order_placed; balance_changed; transaction_created; deposit_completed; deposit_initiated; deposit_created; login_failed; Attempted Login (login_failed)","Registered User"
"Abraham Opok","0544128477","abrahamopoku111@icloud.com","2026-09-20T22:30:03.925066+00:00","Placed Order; Transaction/Deposit; transaction_status_changed; deposit_initiated; deposit_created; order_status_changed; order_placed; balance_changed; transaction_created; deposit_completed; login_success; Attempted Login (login_success)","Registered User"
"Papa Anderson","0552808047","amglagastarichies123@gmail.com","2026-09-20T22:30:03.925066+00:00","Transaction/Deposit; transaction_status_changed; deposit_initiated; deposit_created; login_success; Attempted Login (login_success); Attempted Login (login_failed)","Registered User"
"Cadmelarthur","0551813438","proffmomi996@gmail.com","2026-09-20T22:30:03.925066+00:00","Transaction/Deposit; transaction_status_changed; deposit_initiated; deposit_created","Registered User"
"Derrick Boateng","0201393972","derrickkwarkoboateng@gmail.com","2026-09-20T22:30:02.294851+00:00","order_status_changed","Registered User"
"Nina","0245077283","ninaabubakar58@gmail.com","2026-09-20T22:30:01.948355+00:00","Placed Order; Transaction/Deposit; order_status_changed; order_placed; balance_changed; transaction_created; deposit_completed; transaction_status_changed; deposit_initiated; deposit_created","Registered User"
"Dope Fred","0544829527","frederickappiah62@gmail.com","2026-09-20T22:30:01.941714+00:00","Placed Order; Transaction/Deposit; order_status_changed; order_placed; balance_changed; transaction_created","Registered User"
"Mohammed Yussif","0598435857","muhammedyussif225@gmail.com","2026-09-20T22:30:01.941714+00:00","Placed Order; Transaction/Deposit; order_status_changed; order_placed; balance_changed; transaction_created","Registered User"
"Joyce Atuahene","0245335705","joyceatuahene998@gmail.com","2026-09-20T22:30:01.716957+00:00","Profile Active (last_seen_at); Profile Updated; New Account Registered; Placed Order; Transaction/Deposit; order_status_changed; order_placed; balance_changed; transaction_created; deposit_completed; transaction_status_changed; deposit_initiated; deposit_created","Registered User"
"Cosmos Tetteh","0556590354","cosmos2233@icloud.com","2026-09-20T22:29:45.446+00:00","password_reset_success; Attempted Login (password_reset_success)","Registered User"
"celebritylifestyel","","celebritylifestyel@gmail.com","2026-09-20T22:29:38.829+00:00","Attempted Login (login_failed)","Attempted Login (Unregistered)"
"Raymond kekeli","0545487176","raymondkekeli@gmail.com","2026-09-20T22:29:34.68+00:00","Profile Active (last_seen_at); Transaction/Deposit; login_success; LOGIN_SUCCESS; balance_changed; order_status_changed; transaction_created; Attempted Login (login_success); Attempted Login (LOGIN_SUCCESS); Attempted Login (login_failed); Attempted Login (LOGIN_FAILED)","Registered User"
"Pamela Amoako","0208507973","pamelaamoako4@icloud.com","2026-09-20T22:25:44.089279+00:00","Placed Order; Transaction/Deposit; order_status_changed; order_placed; balance_changed; transaction_created; deposit_completed; transaction_status_changed; deposit_initiated; deposit_created","Registered User"
"Agyemang Joel","0551329569","agyemang@gmil.com","2026-09-20T22:25:37.115344+00:00","Profile Active (last_seen_at); New Account Registered; Attempted Login (login_failed)","Registered User"
"Mavis Diame","0500368408","mavisdiame9@gmail.com","2026-09-20T22:25:01.194444+00:00","Placed Order; Transaction/Deposit; order_status_changed; order_placed; balance_changed; transaction_created; deposit_completed; transaction_status_changed; deposit_initiated; deposit_created","Registered User"
"Abigail Ahinful","0556431974","ahinfulabigail93@gmail.com","2026-09-20T22:25:01.193527+00:00","Profile Updated; Placed Order; Transaction/Deposit; order_status_changed; order_placed; balance_changed; transaction_created; deposit_completed; transaction_status_changed; deposit_initiated; deposit_created","Registered User"
"Madua chi","0559488776","maduachineye654@gmail.com","2026-09-20T22:25:00.804419+00:00","Profile Updated; Placed Order; Transaction/Deposit; order_status_changed; order_placed; balance_changed; transaction_created; deposit_completed; transaction_status_changed; deposit_initiated; deposit_created","Registered User"
"AKWASI BOAFO","0245011553","terryayisi13@gmail.com","2026-09-20T22:25:00.803289+00:00","Profile Updated; Placed Order; Transaction/Deposit; order_status_changed; order_placed; balance_changed; transaction_created; deposit_completed; transaction_status_changed; deposit_initiated; deposit_created; login_success; Attempted Login (login_success)","Registered User"
"Keseku Grace","0240337413","kesekugrace17@gmail.com","2026-09-20T22:25:00.803289+00:00","Placed Order; Transaction/Deposit; order_status_changed; order_placed; balance_changed; transaction_created; deposit_completed; transaction_status_changed; deposit_initiated; deposit_created","Registered User"
"bhestysino","","bhestysino@gmail.com","2026-09-20T22:24:55.867+00:00","Attempted Login (login_failed)","Attempted Login (Unregistered)"
"(Attempted Login)","0538787642","","2026-09-20T22:24:18.219+00:00","Attempted Login (login_failed)","Attempted Login (Unregistered)"
"Prince Adjei","0256829920","rsnetwork1568@gmail.com","2026-09-20T22:23:51.448+00:00","login_success; Attempted Login (login_success); Attempted Login (login_failed)","Registered User"
"Banuogah Alexe","0204963502","banuogahalex@icloud.com","2026-09-20T22:22:10.26811+00:00","Profile Active (last_seen_at); Profile Updated; New Account Registered","Registered User"
"Atom jnr","0546083285","atomj246@gmail.com","2026-09-20T22:20:01.106905+00:00","Profile Active (last_seen_at); Profile Updated; New Account Registered; Placed Order; Transaction/Deposit; balance_changed; order_status_changed; transaction_created; order_placed; transaction_status_changed; secure_deposit_initiated; deposit_created; deposit_completed; deposit_initiated","Registered User"
"George Amoah","0502066261","amoahgeorge2009@gmail.com","2026-09-20T22:20:01.088495+00:00","Profile Active (last_seen_at); Profile Updated; New Account Registered; Placed Order; Transaction/Deposit; order_status_changed; order_placed; balance_changed; transaction_created; deposit_completed; transaction_status_changed; deposit_initiated; deposit_created; Attempted Login (login_failed)","Registered User"
"Gaddafi","0531614561","blessnana333@icloud.com","2026-09-20T22:20:01.088495+00:00","Profile Updated; Placed Order; Transaction/Deposit; order_status_changed; order_placed; balance_changed; transaction_created; deposit_completed; transaction_status_changed; deposit_initiated; deposit_created","Registered User"
"Godey","0256487720","ernestina300.g@gmail.com","2026-09-20T22:20:01.088495+00:00","Profile Updated; Placed Order; Transaction/Deposit; order_status_changed; order_placed; balance_changed; transaction_created; deposit_completed; transaction_status_changed; deposit_initiated; deposit_created; login_success; password_reset_success; Attempted Login (login_success); Attempted Login (login_failed); Attempted Login (password_reset_success)","Registered User"
"(Attempted Login)","0557410335","","2026-09-20T22:18:56.826+00:00","Attempted Login (login_failed)","Attempted Login (Unregistered)"
"blessingduk","","blessingduk@gmail.com","2026-09-20T22:18:17.514+00:00","Attempted Login (login_failed)","Attempted Login (Unregistered)"
"Felicia Osei","0591444339","ofelicia651@gmail.com","2026-09-20T22:17:13.689904+00:00","Profile Active (last_seen_at); Profile Updated; New Account Registered; Attempted Login (login_failed)","Registered User"
"Better Days","0504004415","betterdays.com@icloud.com","2026-09-20T22:15:44.318131+00:00","Profile Active (last_seen_at); Profile Updated; New Account Registered","Registered User"
"Enock Ayerh","0240518915","ayerh05@gmail.com","2026-09-20T22:15:38.476+00:00","Profile Active (last_seen_at)","Registered User"
"Pamzy","0207103600","pamzyjnrr@gmail.com","2026-09-20T22:15:01.20393+00:00","Profile Updated; Placed Order; Transaction/Deposit; order_status_changed; order_placed; balance_changed; transaction_created; deposit_completed; transaction_status_changed; deposit_initiated; deposit_created","Registered User"
"Bayan IDris","0551753761","bayanidris69@gmail.com","2026-09-20T22:15:01.194112+00:00","Placed Order; Transaction/Deposit; balance_changed; order_status_changed; transaction_created; order_placed; login_success; Attempted Login (login_success)","Registered User"
"(Attempted Login)","0556748691","","2026-09-20T22:12:11.283+00:00","Attempted Login (login_failed)","Attempted Login (Unregistered)"
"Gerrald Benson","0596047674","gerraldbenson49@gmail.com","2026-09-20T22:10:02.589254+00:00","order_status_changed","Registered User"
"Biggest","0595724901","charlesdompreh21@gmail.com","2026-09-20T22:10:02.057004+00:00","Transaction/Deposit; order_status_changed; balance_changed; transaction_created","Registered User"
"Lamptey Sandra","0538305428","lampteysandra@gmail.com","2026-09-20T22:10:01.12471+00:00","Placed Order; Transaction/Deposit; order_status_changed; order_placed; balance_changed; transaction_created; deposit_completed; transaction_status_changed; deposit_initiated; deposit_created","Registered User"
"Abena Charity","0205710447","arhincharity45@gmail.com","2026-09-20T22:10:01.12471+00:00","Placed Order; Transaction/Deposit; order_status_changed; order_placed; balance_changed; transaction_created; deposit_completed; transaction_status_changed; deposit_initiated; deposit_created","Registered User"
"Bigman forever","0591851350","cypherbaron@gmail.com","2026-09-20T22:10:01.12471+00:00","Placed Order; Transaction/Deposit; order_status_changed; order_placed; balance_changed; transaction_created","Registered User"
"Atsu Emma","0503434378","atsue0580@gmail.com","2026-09-20T22:06:15.572672+00:00","Profile Active (last_seen_at); Profile Updated; New Account Registered","Registered User"
"Chris Atta","0268157047","chrisatta@gmail.com","2026-09-20T22:05:01.394312+00:00","Placed Order; Transaction/Deposit; order_status_changed; order_placed; balance_changed; transaction_created; deposit_completed; transaction_status_changed; deposit_initiated; deposit_created","Registered User"
"PRINCE OPOKU AGYEMANG","0550694473","apauagyemang2000@gmail.com","2026-09-20T22:05:01.394312+00:00","Placed Order; Transaction/Deposit; order_status_changed; order_placed; balance_changed; transaction_created; deposit_completed; transaction_status_changed; deposit_initiated; deposit_created; login_success; LOGIN_SUCCESS; password_reset_success; Attempted Login (login_success); Attempted Login (login_failed); Attempted Login (LOGIN_SUCCESS); Attempted Login (HIGH_VELOCITY_LOGIN_FAILURES); Attempted Login (password_reset_success); Attempted Login (LOGIN_FAILED)","Registered User"
"Paul Armah","0508984209","rubysmith1290@gmail.com","2026-09-20T22:05:01.199491+00:00","Profile Updated; Placed Order; Transaction/Deposit; order_status_changed; order_placed; balance_changed; transaction_created; deposit_completed; transaction_status_changed; deposit_initiated; deposit_created","Registered User"
"Amankwah Bernard","0249558378","kwadwobernard1324@gmaill.com","2026-09-20T22:05:01.098095+00:00","Profile Active (last_seen_at); New Account Registered; Placed Order; Transaction/Deposit; order_status_changed; order_placed; balance_changed; transaction_created; deposit_completed; transaction_status_changed; deposit_initiated; deposit_created","Registered User"
"Jr cee","0533325751","itzceejr@icloud.com","2026-09-20T22:05:01.098095+00:00","Placed Order; Transaction/Deposit; order_status_changed; order_placed; balance_changed; transaction_created","Registered User"
"Zuwiera Braimah","0248488837","zuwaszee@gmail.com","2026-09-20T22:05:01.098095+00:00","Placed Order; Transaction/Deposit; order_status_changed; order_placed; balance_changed; transaction_created; deposit_completed; transaction_status_changed; deposit_initiated; deposit_created","Registered User"
"Fallen Angel","0552602660","marcusappiah3040@gmail.com","2026-09-20T22:04:28.527+00:00","Attempted Login (login_failed)","Registered User"
"Eph Tee","0270423520","ephraimtetteh18@gmail.com","2026-09-20T22:00:59.795945+00:00","Profile Active (last_seen_at); Profile Updated; New Account Registered","Registered User"
"Gbormittah Eli","0539233507","eligbormittah322@gmail.com","2026-09-20T22:00:06.047598+00:00","Placed Order; Transaction/Deposit; transaction_status_changed; deposit_initiated; deposit_created; order_status_changed; order_placed; balance_changed; transaction_created; login_success; LOGIN_SUCCESS; password_reset_success; Attempted Login (login_success); Attempted Login (LOGIN_SUCCESS); Attempted Login (password_reset_success)","Registered User"
"James Abaaba","0555413053","abaabajames6@gmail.com","2026-09-20T22:00:06.047598+00:00","Placed Order; Transaction/Deposit; transaction_status_changed; deposit_initiated; deposit_created; order_status_changed; order_placed; balance_changed; transaction_created","Registered User"
"Hubert Amoah","0547002097","lindaansah977@gmail.com","2026-09-20T22:00:06.047598+00:00","Transaction/Deposit; transaction_status_changed; deposit_initiated; deposit_created; login_success; Attempted Login (login_success)","Registered User"
"Jennifer Oppong","0243072866","jenniferoppong681@gmail.com","2026-09-20T22:00:03.551781+00:00","Placed Order; Transaction/Deposit; order_status_changed; order_placed; balance_changed; transaction_created; login_success; Attempted Login (login_success)","Registered User"
"Derrick whyte","0593902465","derricktwasam@gmail.com","2026-09-20T22:00:03.551781+00:00","Placed Order; Transaction/Deposit; order_status_changed; order_placed; balance_changed; transaction_created; deposit_completed; transaction_status_changed; deposit_initiated; deposit_created","Registered User"
"Secure","0245581266","kateypatrick@icloud.com","2026-09-20T22:00:03.551781+00:00","Placed Order; Transaction/Deposit; order_status_changed; order_placed; balance_changed; transaction_created; login_success; Attempted Login (login_success)","Registered User"
"Ibrahim mariam","0546331748","evidencegh18@icloud.com","2026-09-20T22:00:03.551781+00:00","Placed Order; Transaction/Deposit; order_status_changed; order_placed; balance_changed; transaction_created; transaction_status_changed; deposit_completed; deposit_initiated; deposit_created","Registered User"
"Mawuli Ayawklle","0538455636","mawuliayawklle2027@gmail.com","2026-09-20T21:58:26.655401+00:00","Profile Active (last_seen_at); New Account Registered","Registered User"
"Oppong Ransford","0208973492","oppongransford56@gmail.co","2026-09-20T21:55:44.420024+00:00","Placed Order; Transaction/Deposit; order_status_changed; transaction_status_changed; order_placed; balance_changed; transaction_created; deposit_completed; deposit_initiated; deposit_created; login_success; secure_deposit_initiated; Attempted Login (login_success)","Registered User"
"Rosemond Mila","0256560240","milarosemond@gmail.com","2026-09-20T21:55:01.080897+00:00","Profile Active (last_seen_at); Profile Updated; New Account Registered; Placed Order; Transaction/Deposit; order_status_changed; order_placed; balance_changed; transaction_created; deposit_completed; transaction_status_changed; deposit_initiated; deposit_created","Registered User"
"Aboagye Daniella","0598295862","daniellaaboagye604@gmail.com","2026-09-20T21:51:51.252+00:00","login_success; Attempted Login (login_success)","Registered User"
"Theresah Obiri","0243322170","theresahasarebeauty20@gmail.com","2026-09-20T21:50:43.76938+00:00","Placed Order; Transaction/Deposit; order_status_changed; order_placed; balance_changed; transaction_created; transaction_status_changed; secure_deposit_initiated; deposit_created","Registered User"
"Sulleman Ibrahim","0598093777","floransmike@gmail.com","2026-09-20T21:50:18.559157+00:00","Profile Active (last_seen_at); Profile Updated; New Account Registered; Attempted Login (login_failed)","Registered User"
"Afanvi paulina","0208885900","paulinaafanvi616@gmail.com","2026-09-20T21:50:15.789+00:00","login_success; Attempted Login (login_success)","Registered User"
"OSEI BONSU SAMUEL","0244930560","osein895@gmail.com","2026-09-20T21:50:01.445681+00:00","Profile Active (last_seen_at); New Account Registered; Placed Order; Transaction/Deposit; order_status_changed; order_placed; balance_changed; transaction_created; transaction_status_changed; deposit_completed; deposit_initiated; deposit_created; login_success; Attempted Login (login_success)","Registered User"
"Biggest icloud","0538597945","rtbicloud21@gmail.com","2026-09-20T21:50:01.445681+00:00","Placed Order; Transaction/Deposit; order_status_changed; order_placed; balance_changed; transaction_created","Registered User"
"Grace Quansah","0554490786","quansahgrace2007@gmail.com","2026-09-20T21:49:39.608+00:00","Profile Active (last_seen_at)","Registered User"
"adwoagadiella","","adwoagadiella@gmail.com","2026-09-20T21:48:53.386+00:00","Attempted Login (login_failed)","Attempted Login (Unregistered)"
"(Attempted Login)","0536430731","","2026-09-20T21:48:19.302+00:00","Attempted Login (login_failed)","Attempted Login (Unregistered)"
"Gbafa Nelisa","0241701167","bigm3754@gmail.com","2026-09-20T21:47:42.645+00:00","Attempted Login (login_failed)","Registered User"
"Danesting","0256394761","nghtgn@gmail.com","2026-09-20T21:47:26.13+00:00","Attempted Login (HIGH_VELOCITY_LOGIN_FAILURES); Attempted Login (LOGIN_FAILED); Attempted Login (login_failed)","Registered User"
"Agyei","0599390548","agyeibismark@icloud.com","2026-09-20T21:45:44.679717+00:00","Profile Active (last_seen_at); Profile Updated; New Account Registered","Registered User"
"Selorm justices","0537000165","selormjustice777@gmail.com","2026-09-20T21:45:44.16246+00:00","Placed Order; Transaction/Deposit; order_status_changed; order_placed; balance_changed; transaction_created","Registered User"
"Austin","0539806691","austinebwoy23454@icloud.com","2026-09-20T21:45:44.072858+00:00","Profile Updated; Placed Order; Transaction/Deposit; order_status_changed; order_placed; balance_changed; transaction_created; transaction_status_changed; deposit_initiated; deposit_created; deposit_completed; login_success; LOGIN_SUCCESS; Attempted Login (login_success); Attempted Login (LOGIN_SUCCESS)","Registered User"
"Nabil Wunnam","0597895895","nabil.wunnam1@gmail.com","2026-09-20T21:45:03.980943+00:00","order_status_changed","Registered User"
"Anagbo Kennedy","0595215036","anagbokennedy007@icloud.com","2026-09-20T21:45:01.747885+00:00","Profile Updated; Placed Order; Transaction/Deposit; order_status_changed; order_placed; balance_changed; transaction_created; deposit_completed; transaction_status_changed; deposit_initiated; deposit_created; LOGIN_SUCCESS; login_success; Attempted Login (LOGIN_SUCCESS); Attempted Login (login_success)","Registered User"
"Bhaddest dj Xylem","0596364388","djkhofixylem23@gmail.com","2026-09-20T21:45:01.63825+00:00","Placed Order; Transaction/Deposit; order_status_changed; order_placed; balance_changed; transaction_created","Registered User"
"Ms Offset","0548551815","agustaina2235@gmail.com","2026-09-20T21:45:01.63825+00:00","Placed Order; Transaction/Deposit; order_status_changed; order_placed; balance_changed; transaction_created","Registered User"
"Vanessa Adjei","0500031201","vanessaadjeimensah@gmail.com","2026-09-20T21:45:01.637078+00:00","Placed Order; Transaction/Deposit; order_status_changed; order_placed; balance_changed; transaction_created; deposit_completed; transaction_status_changed; deposit_initiated; deposit_created; login_success; LOGIN_SUCCESS; password_reset_success; Attempted Login (login_success); Attempted Login (LOGIN_SUCCESS); Attempted Login (login_failed); Attempted Login (LOGIN_FAILED); Attempted Login (password_reset_success)","Registered User"
"Frederick kow Koomson","0505818252","frederickkoomson218@gmail.com","2026-09-20T21:43:38.703399+00:00","Profile Active (last_seen_at); Profile Updated; New Account Registered","Registered User"
"Kporsorgah Beatrice","0544129210","kporsorgahbeatrice2211@gmail.com","2026-09-20T21:40:00.906297+00:00","Placed Order; Transaction/Deposit; order_status_changed; order_placed; balance_changed; transaction_created","Registered User"
"HIGH STAR","0533153527","khingpee020@gmail.com","2026-09-20T21:40:00.795893+00:00","Placed Order; Transaction/Deposit; order_status_changed; balance_changed; transaction_created; order_placed; login_success; LOGIN_SUCCESS; Attempted Login (login_success); Attempted Login (LOGIN_SUCCESS)","Registered User"
"Jeffery Hagan","0203086768","jefferyhagan009@gmail.com","2026-09-20T21:40:00.615915+00:00","Profile Active (last_seen_at); New Account Registered; Placed Order; Transaction/Deposit; order_status_changed; order_placed; balance_changed; transaction_created; deposit_completed; transaction_status_changed; deposit_initiated; deposit_created","Registered User"
"Bright Okah","0549550839","okahbright89@gmail.com","2026-09-20T21:35:01.643616+00:00","Profile Active (last_seen_at); Profile Updated; New Account Registered; Placed Order; Transaction/Deposit; order_status_changed; order_placed; balance_changed; transaction_created; deposit_completed; transaction_status_changed; deposit_initiated; deposit_created","Registered User"
"Dorcas Owusu","0242109357","dorcasowusudansowaa@gmail.com","2026-09-20T21:35:01.643616+00:00","Profile Updated; Placed Order; Transaction/Deposit; order_status_changed; order_placed; balance_changed; transaction_created; login_success; deposit_completed; transaction_status_changed; deposit_initiated; deposit_created; Attempted Login (login_success)","Registered User"
"Julius Junior","0538115192","tkid10699@gmail.com","2026-09-20T21:35:01.527301+00:00","Profile Updated; Placed Order; Transaction/Deposit; order_status_changed; order_placed; balance_changed; transaction_created; transaction_status_changed; secure_deposit_initiated; deposit_created","Registered User"
"Benedicta Tiwaa Danso","0559282310","btiwaadanso@gmail.com","2026-09-20T21:30:04.022243+00:00","Profile Updated; Placed Order; Transaction/Deposit; transaction_status_changed; order_status_changed; order_placed; balance_changed; transaction_created; deposit_completed; deposit_initiated; deposit_created","Registered User"
"Earl Michael Appenteng","0556227914","earlmichael554@gmail.com","2026-09-20T21:30:04.022243+00:00","Profile Updated; Placed Order; Transaction/Deposit; transaction_status_changed; deposit_initiated; deposit_created; order_status_changed; login_success; order_placed; balance_changed; transaction_created; secure_deposit_initiated; Attempted Login (login_success)","Registered User"
"Wisdom Dogbey","0550627876","bonesvirgin@gmail.com","2026-09-20T21:30:04.022243+00:00","Placed Order; Transaction/Deposit; transaction_status_changed; deposit_initiated; deposit_created; LOGIN_SUCCESS; login_success; order_status_changed; order_placed; balance_changed; transaction_created; secure_deposit_initiated; password_reset_success; Attempted Login (LOGIN_SUCCESS); Attempted Login (password_reset_success); Attempted Login (login_failed); Attempted Login (LOGIN_FAILED); Attempted Login (login_success)","Registered User"
"🎀  𝒟𝒩𝒜  🎀   ••.•`","0535759910","naveradwomoj@gmail.com","2026-09-20T21:30:01.971501+00:00","order_status_changed","Registered User"
"Fadil","0556176368","fadilyussif123@gmail.com","2026-09-20T21:30:01.643651+00:00","Placed Order; Transaction/Deposit; order_status_changed; balance_changed; transaction_created; order_placed; login_success; LOGIN_SUCCESS; Attempted Login (login_success); Attempted Login (LOGIN_SUCCESS)","Registered User"
"Harry Mensah","0207457605","mensahharry70@gmail.com","2026-09-20T21:30:01.29182+00:00","Profile Updated; Placed Order; Transaction/Deposit; order_status_changed; transaction_created; order_placed; balance_changed; deposit_completed; transaction_status_changed; deposit_initiated; deposit_created","Registered User"
"Solomon Boakye","0598076344","sboakye580@gmail.com","2026-09-20T21:26:04.490247+00:00","Profile Active (last_seen_at); New Account Registered","Registered User"
"Gilbert","0247469090","gilbertafari@gmail.com","2026-09-20T21:25:43.858004+00:00","order_status_changed","Registered User"
"Gaza boi","0595312867","lotriciabrown@gmail.com","2026-09-20T21:25:25.151918+00:00","Profile Active (last_seen_at); Profile Updated; New Account Registered","Registered User"
"Aporsoh gangster","0547275924","starboy_37@icloud.com","2026-09-20T21:25:24.460947+00:00","Profile Active (last_seen_at); Profile Updated; New Account Registered","Registered User"
"Annabel Vidal❤️❤️","0553082522","nnblvdl@gmail.com","2026-09-20T21:25:00.72827+00:00","Placed Order; Transaction/Deposit; order_status_changed; order_placed; balance_changed; transaction_created","Registered User"
"Comfort","0594259650","comfortabenaa535@gmail.com","2026-09-20T21:25:00.701854+00:00","Placed Order; Transaction/Deposit; order_status_changed; order_placed; balance_changed; transaction_created","Registered User"
"Apawu-Bri Mawunyo Kwadzo","0256786614","mawunyokwadzo20@gmail.com","2026-09-20T21:23:08.843181+00:00","Profile Active (last_seen_at); Profile Updated; New Account Registered","Registered User"
"Gideon Dadzie","0546644184","gideondadzie403@gmail.com","2026-09-20T21:22:52.854+00:00","login_success; Attempted Login (login_success)","Registered User"
"Beatrice","0536039999","beatriceboakye903@gmail.com","2026-09-20T21:20:44.348765+00:00","order_status_changed","Registered User"
"Caleb Agyemang","0531516150","agyemangcaleb83@gmail.com","2026-09-20T21:20:43.769288+00:00","Profile Updated; Placed Order; Transaction/Deposit; order_status_changed; balance_changed; transaction_created; order_placed; deposit_completed; transaction_status_changed; deposit_initiated; deposit_created; login_success; LOGIN_SUCCESS; password_reset_success; Attempted Login (login_success); Attempted Login (LOGIN_SUCCESS); Attempted Login (password_reset_success); Attempted Login (login_failed); Attempted Login (LOGIN_FAILED)","Registered User"
"Clifford Tettey","0598128217","cliffordtettey84@gmail.com","2026-09-20T21:20:43.57459+00:00","Placed Order; Transaction/Deposit; order_status_changed; order_placed; balance_changed; transaction_created","Registered User"
"Mohammed Ali","0531320960","mohammedsudais269@gmail.com","2026-09-20T21:20:19.518+00:00","login_success; LOGIN_SUCCESS; Attempted Login (login_success); Attempted Login (LOGIN_SUCCESS)","Registered User"
"Monica jills","0555422085","monicajills2@gmail.com","2026-09-20T21:20:00.995514+00:00","Placed Order; Transaction/Deposit; balance_changed; order_status_changed; transaction_created; order_placed; transaction_status_changed; secure_deposit_initiated; deposit_created","Registered User"
"Omar Scizo","0596447880","omarscizo2005@gmail.com","2026-09-20T21:20:00.984602+00:00","Profile Updated; Placed Order; Transaction/Deposit; order_status_changed; order_placed; balance_changed; transaction_created; transaction_status_changed; deposit_initiated; deposit_created; deposit_completed","Registered User"
"Ben jfast","2335429331","benjaminmensah764@gmail.com","2026-09-20T21:20:00.787377+00:00","Placed Order; Transaction/Deposit; order_status_changed; order_placed; balance_changed; transaction_created","Registered User"
"KING VON","0534561029","stephen5345610@gmail.com","2026-09-20T21:18:33.768729+00:00","Profile Active (last_seen_at); Profile Updated; New Account Registered","Registered User"
"(Attempted Login)","0053315357","","2026-09-20T21:18:27.677+00:00","Attempted Login (login_failed)","Attempted Login (Unregistered)"
"Lil berries","0546559707","judithametepe92@gmail.com","2026-09-20T21:15:43.619628+00:00","Placed Order; Transaction/Deposit; balance_changed; order_status_changed; transaction_created; order_placed","Registered User"
"Stephanie","0554088510","donkorstephanie@998.com","2026-09-20T21:15:07.716+00:00","login_success; Attempted Login (login_success)","Registered User"
"Josephine sarpomaa","0551251675","josephinesarpomaa492@gmail.com","2026-09-20T21:15:01.650648+00:00","Placed Order; Transaction/Deposit; order_status_changed; order_placed; balance_changed; transaction_created","Registered User"
"Grace Ephyarh","0243492494","gracegadasu31@gmail.com","2026-09-20T21:15:01.645908+00:00","Profile Updated; Placed Order; Transaction/Deposit; order_status_changed; order_placed; balance_changed; transaction_created; deposit_completed; transaction_status_changed; deposit_initiated; deposit_created; login_success; Attempted Login (login_success)","Registered User"
"Benedicta Oteng","0240835568","bene1@email.com","2026-09-20T21:14:59.146+00:00","Profile Active (last_seen_at); Profile Updated; New Account Registered; login_success; LOGIN_SUCCESS; Attempted Login (login_success); Attempted Login (LOGIN_SUCCESS)","Registered User"
"Atsu Luke","0594665890","atsuluke@gmail.com","2026-09-20T21:12:11.689939+00:00","Profile Active (last_seen_at); Profile Updated; New Account Registered","Registered User"
"ye","0538227619","ephraimappiah17@gmail.com","2026-09-20T21:11:26.173+00:00","Placed Order; Transaction/Deposit; admin_deposit_rejected; settings_changed; login_success; order_status_changed; deposit_completed; transaction_status_changed; balance_changed; deposit_initiated; deposit_created; order_placed; transaction_created; Attempted Login (login_success)","Registered User"
"Zigi","0594534626","zboot61@gmail.com","2026-09-20T21:10:43.716227+00:00","Profile Active (last_seen_at); Profile Updated; New Account Registered; Placed Order; Transaction/Deposit; balance_changed; order_status_changed; transaction_created; transaction_status_changed; order_placed; deposit_completed; deposit_initiated; deposit_created","Registered User"
"Elizabeth ESHUN̈","0552485493","elizabethf@gmail.com","2026-09-20T21:09:26.346954+00:00","Profile Active (last_seen_at); Profile Updated; New Account Registered","Registered User"
"Son official joker","0549763956","desmondlugu58@icloud.com","2026-09-20T21:07:41.969+00:00","Transaction/Deposit; deposit_completed; transaction_status_changed; balance_changed; deposit_initiated; deposit_created; login_success; Attempted Login (login_success)","Registered User"
"Kwaku Essel","0555646270","esselkwaku752@icloud.com","2026-09-20T21:05:43.882959+00:00","Placed Order; Transaction/Deposit; order_status_changed; transaction_created; order_placed; balance_changed; login_success; Attempted Login (login_success); Attempted Login (login_failed)","Registered User"
"Okiki","0547229875","okikiwaris91@gmail.com","2026-09-20T21:05:00.918025+00:00","Profile Updated; Placed Order; Transaction/Deposit; order_status_changed; order_placed; balance_changed; transaction_created; transaction_status_changed; secure_deposit_initiated; deposit_created","Registered User"
"Ť Jäÿ👍👍🧑🏿‍🦱🤲🏿💀🫵�","0539719590","derricknuer4@gmail.com","2026-09-20T21:05:00.918025+00:00","Profile Updated; Placed Order; Transaction/Deposit; order_status_changed; balance_changed; order_placed; transaction_created; deposit_completed; transaction_status_changed; deposit_initiated; deposit_created","Registered User"
"Davor  Daniel","0551505254","omonigedaniel@gmail.com","2026-09-20T21:05:00.918025+00:00","Profile Updated; Placed Order; Transaction/Deposit; order_status_changed; order_placed; balance_changed; transaction_created; login_success; LOGIN_SUCCESS; transaction_status_changed; deposit_completed; deposit_initiated; deposit_created; Attempted Login (login_success); Attempted Login (LOGIN_SUCCESS)","Registered User"
"Darling","0531362401","ansahphilip284@gmail.com","2026-09-20T21:05:00.918025+00:00","Placed Order; Transaction/Deposit; order_status_changed; order_placed; balance_changed; transaction_created","Registered User"
"George","0540929468","demzyarage123@gmail.com","2026-09-20T21:05:00.918025+00:00","Placed Order; Transaction/Deposit; order_status_changed; order_placed; balance_changed; transaction_created; deposit_completed; transaction_status_changed; deposit_initiated; deposit_created","Registered User"
"Bismark Akumjaab","0597664827","bismarkakumjaa@gmail.com","2026-09-20T21:05:00.918025+00:00","Placed Order; Transaction/Deposit; order_status_changed; order_placed; balance_changed; transaction_created; login_success; LOGIN_SUCCESS; Attempted Login (login_success); Attempted Login (LOGIN_SUCCESS)","Registered User"
"Richard Anane","0545752657","richardanane2007@icloud.com","2026-09-20T21:02:59.229936+00:00","Profile Active (last_seen_at); Profile Updated; New Account Registered","Registered User"
"Rhich Perkins","0556102594","rhichperkins@gmail.com","2026-09-20T21:00:43.953179+00:00","Profile Updated; Placed Order; Transaction/Deposit; order_status_changed; order_placed; balance_changed; transaction_created; deposit_completed; transaction_status_changed; deposit_initiated; deposit_created","Registered User"
"Gbotsyo Beauty","0552266014","queenlydaisybae@gmail.com","2026-09-20T21:00:43.953179+00:00","Placed Order; Transaction/Deposit; order_status_changed; order_placed; balance_changed; transaction_created","Registered User"
"Lotsu Emmanuel","0593290345","lotsuemmanuel95@gmail.com","2026-09-20T21:00:43.855099+00:00","Profile Updated; Placed Order; Transaction/Deposit; order_status_changed; order_placed; balance_changed; transaction_created; deposit_completed; transaction_status_changed; deposit_initiated; deposit_created","Registered User"
"Yolanda","0200161095","i0553214652@gmail.com","2026-09-20T21:00:02.716052+00:00","Placed Order; Transaction/Deposit; order_status_changed; order_placed; balance_changed; transaction_created","Registered User"
"Osuan","0531300572","osuanezekiel011@email.com","2026-09-20T21:00:02.458827+00:00","Profile Active (last_seen_at); Profile Updated; New Account Registered; Placed Order; Transaction/Deposit; transaction_status_changed; deposit_initiated; deposit_created; order_status_changed; order_placed; balance_changed; transaction_created; deposit_completed","Registered User"
"🎱______lSHAQ______🇬🇧 �","0591717361","kyeremehphilip@icloud.com","2026-09-20T21:00:02.458827+00:00","Profile Active (last_seen_at); Profile Updated; New Account Registered; Transaction/Deposit; transaction_status_changed; deposit_initiated; deposit_created; Attempted Login (login_failed)","Registered User"
"Dale John","0557727973","ghgattuso94@gmail.com","2026-09-20T21:00:02.458827+00:00","Profile Active (last_seen_at); Profile Updated; New Account Registered; Transaction/Deposit; transaction_status_changed; deposit_initiated; deposit_created","Registered User"
"Emmanuel Sappor","0556699492","sapporemmanuel20@gmail.com","2026-09-20T21:00:02.458827+00:00","Profile Active (last_seen_at); Profile Updated; New Account Registered; Transaction/Deposit; transaction_status_changed; deposit_initiated; deposit_created","Registered User"
"Joyce Tetteh","0536651108","joycetetteh583@gmail.com","2026-09-20T21:00:02.458827+00:00","Profile Updated; Transaction/Deposit; transaction_status_changed; deposit_completed; balance_changed; deposit_initiated; deposit_created","Registered User"
"Kelvin COBBINAH","0594062055","kelvincobbinah324@gmail.com","2026-09-20T21:00:02.458827+00:00","Transaction/Deposit; transaction_status_changed; deposit_initiated; deposit_created","Registered User"
"BENONI Amesimeku","0550083634","benoniamesimeku@gmail.com","2026-09-20T21:00:02.458827+00:00","Transaction/Deposit; transaction_status_changed; deposit_initiated; deposit_created; login_success; Attempted Login (login_success)","Registered User"
"Rodney Nuamah","0209281695","amkutin@icloud.com","2026-09-20T20:59:46.971+00:00","login_success; Attempted Login (login_success)","Registered User"
"Dankwa Ellis Abetiaa","0507899489","abetiaadankwa@gmail.com","2026-09-20T20:59:33.067686+00:00","Profile Active (last_seen_at); Profile Updated; New Account Registered","Registered User"
"siahpaulina6","","siahpaulina6@gmail.com","2026-09-20T20:57:17.075+00:00","Attempted Login (login_failed)","Attempted Login (Unregistered)"
"Prince Jackson","0530838458","abutrice18@gmail.com","2026-09-20T20:55:15.206772+00:00","Profile Active (last_seen_at); Profile Updated; New Account Registered; Attempted Login (login_failed)","Registered User"
"Emmanuel","0505551271","arhin9113@gmail.com","2026-09-20T20:55:01.593095+00:00","order_status_changed","Registered User"
"Dennis Welbeck","0539162520","welbeckdennis22@gmail.com","2026-09-20T20:55:01.281276+00:00","Placed Order; Transaction/Deposit; balance_changed; order_status_changed; transaction_created; order_placed","Registered User"
"Treepo Emi","0533147868","treepoemi@gmail.com","2026-09-20T20:55:01.19422+00:00","Profile Updated; Placed Order; Transaction/Deposit; order_status_changed; order_placed; balance_changed; transaction_created; deposit_completed; transaction_status_changed; deposit_initiated; deposit_created","Registered User"
"Nana Darko","0274021351","nkwakye062@gmail.com","2026-09-20T20:55:01.113+00:00","Placed Order; Transaction/Deposit; order_status_changed; order_placed; balance_changed; transaction_created; login_success; Attempted Login (login_success)","Registered User"
"Raymond Abrahams","0203042111","abrahamsray01@gmail.com","2026-09-20T20:51:29.828118+00:00","Profile Active (last_seen_at); Profile Updated; New Account Registered","Registered User"
"Andrews Asante","0503325893","pogasty128@gmail.com","2026-09-20T20:50:44.041731+00:00","Placed Order; Transaction/Deposit; order_status_changed; order_placed; balance_changed; transaction_created","Registered User"
"Aslam","0505803716","aslambawei39@gmail.com","2026-09-20T20:50:01.762741+00:00","order_status_changed","Registered User"
"Roland Aihoon","0242137516","aihoonroland81@gmail.com","2026-09-20T20:50:01.264843+00:00","Profile Active (last_seen_at); Profile Updated; Placed Order; Transaction/Deposit; order_status_changed; order_placed; balance_changed; transaction_created; transaction_status_changed; secure_deposit_initiated; deposit_created","Registered User"
"Konadu Diana","0535737088","konadudiana633@gmail.com","2026-09-20T20:50:01.262885+00:00","Placed Order; Transaction/Deposit; order_status_changed; order_placed; balance_changed; transaction_created; deposit_completed; transaction_status_changed; deposit_initiated; deposit_created","Registered User"
"Agyekum Lincoln","0544516831","edwardlincoln2024@icloud.com","2026-09-20T20:50:01.262885+00:00","Placed Order; Transaction/Deposit; order_status_changed; balance_changed; order_placed; transaction_created; deposit_completed; transaction_status_changed; deposit_initiated; deposit_created","Registered User"
"Xenom","0558674284","mrxenom25@gmail.com","2026-09-20T20:49:52.43306+00:00","Profile Active (last_seen_at); Profile Updated; New Account Registered","Registered User"
"Wise tension","0533794335","usmannartey0@icloud.com","2026-09-20T20:47:01.204+00:00","login_success; Attempted Login (login_success)","Registered User"
"Mozkiz Gaza","0552503354","mozammilahmed920@gmail.com","2026-09-20T20:46:46.905+00:00","Profile Updated; Placed Order; Transaction/Deposit; login_success; password_reset_success; order_status_changed; order_placed; balance_changed; transaction_created; deposit_completed; transaction_status_changed; deposit_initiated; deposit_created; Attempted Login (login_success); Attempted Login (password_reset_success)","Registered User"
"sinnerholy680","","sinnerholy680@gmail.com","2026-09-20T20:41:18.787+00:00","Attempted Login (HIGH_VELOCITY_LOGIN_FAILURES); Attempted Login (login_failed)","Attempted Login (Unregistered)"
"Possible","0598647607","toosweetba245@gmail.com","2026-09-20T20:40:01.444066+00:00","Profile Active (last_seen_at); Profile Updated; New Account Registered; Placed Order; Transaction/Deposit; order_status_changed; order_placed; balance_changed; transaction_created; deposit_completed; transaction_status_changed; deposit_initiated; deposit_created","Registered User"
"(Attempted Login)","0537811866","","2026-09-20T20:38:23.685+00:00","Attempted Login (login_failed)","Attempted Login (Unregistered)"
"esselkwaku752","","esselkwaku752@gmail.com","2026-09-20T20:37:05.623+00:00","Attempted Login (login_failed)","Attempted Login (Unregistered)"
"Iliasu Mohammed","0542211226","iliasumohammed17@gmail.com","2026-09-20T20:36:11.566+00:00","Placed Order; Transaction/Deposit; login_success; order_status_changed; transaction_status_changed; order_placed; balance_changed; transaction_created; deposit_completed; deposit_initiated; deposit_created; secure_deposit_initiated; Attempted Login (login_success)","Registered User"
"Nana Akhua","0537397353","eve@gmail.com","2026-09-20T20:35:01.346674+00:00","Placed Order; Transaction/Deposit; order_status_changed; order_placed; balance_changed; transaction_created","Registered User"
"bbymanasseh","0543774408","manassehappiah907@gmail.com","2026-09-20T20:35:01.247454+00:00","Placed Order; Transaction/Deposit; order_status_changed; admin_deposit_rejected; deposit_approved_admin; order_placed; balance_changed; transaction_created; ADMIN_BALANCE_OVERRIDE; transaction_status_changed; deposit_completed; deposit_initiated; deposit_created; settings_changed; secure_deposit_initiated; login_success; LOGIN_SUCCESS; password_reset_success; user_updated; Attempted Login (login_success); Attempted Login (login_failed); Attempted Login (LOGIN_SUCCESS); Attempted Login (password_reset_success); Attempted Login (LOGIN_FAILED)","Registered User"
"Isaac Acheampong","0257100686","isaacacheampong1123@icloud.com","2026-09-20T20:34:03.446147+00:00","Profile Active (last_seen_at); New Account Registered","Registered User"
"Ametefegodsakekwamebee","0245078557","ametefegodsake@gmail.com","2026-09-20T20:31:18.271+00:00","Profile Active (last_seen_at); Profile Updated; New Account Registered; Placed Order; Transaction/Deposit; order_status_changed; transaction_status_changed; order_placed; balance_changed; transaction_created; deposit_initiated; deposit_created; deposit_completed; LOGIN_SUCCESS; login_success; Attempted Login (LOGIN_SUCCESS); Attempted Login (login_failed); Attempted Login (LOGIN_FAILED); Attempted Login (login_success)","Registered User"
"Joo Kiki","0555472012","jookiki@gmail.com","2026-09-20T20:30:19.831+00:00","Attempted Login (login_failed); Attempted Login (LOGIN_FAILED)","Registered User"
"MARIAM SEIDU","0257200502","mariamseidu1122@icloud.com","2026-09-20T20:30:04.368817+00:00","Profile Active (last_seen_at); New Account Registered; Transaction/Deposit; transaction_status_changed; deposit_initiated; deposit_created","Registered User"
"Zed p comics","0596639256","zedpbaby73@gmail.com","2026-09-20T20:30:04.368817+00:00","Transaction/Deposit; transaction_status_changed; deposit_initiated; deposit_created","Registered User"
"Sweetpola11","0200017079","baahe1419@gmail.com","2026-09-20T20:30:04.368817+00:00","Transaction/Deposit; transaction_status_changed; deposit_initiated; deposit_created","Registered User"
"Josephine Oparebea Addo","0538936281","jxtphina2006@icloud.com","2026-09-20T20:30:01.170948+00:00","Profile Updated; Placed Order; Transaction/Deposit; order_status_changed; order_placed; balance_changed; transaction_created; deposit_completed; transaction_status_changed; deposit_initiated; deposit_created","Registered User"
"Nafisatu Fuseini","0539830778","nafisatufuseini11@gmail.com","2026-09-20T20:30:00.80972+00:00","Placed Order; Transaction/Deposit; order_status_changed; order_placed; balance_changed; transaction_created; deposit_completed; transaction_status_changed; deposit_initiated; deposit_created","Registered User"
"Calibiano","8142272196","bhianogroup@gmail.com","2026-09-20T20:27:33.112605+00:00","Profile Active (last_seen_at); Profile Updated; New Account Registered","Registered User"
"Sarfokelvin","0549549382","sarfokelvin777@email.com","2026-09-20T20:27:20.144874+00:00","Profile Active (last_seen_at); Profile Updated; New Account Registered","Registered User"
"Angel Youngin","0202518953","angelyoungin123@gmail.com","2026-09-20T20:25:43.52047+00:00","Placed Order; Transaction/Deposit; order_status_changed; order_placed; balance_changed; transaction_created","Registered User"
"Kingsley","0274987451","nyankingsley03@gmail.com","2026-09-20T20:25:01.14452+00:00","Placed Order; Transaction/Deposit; order_status_changed; order_placed; balance_changed; transaction_created; deposit_completed; transaction_status_changed; deposit_initiated; deposit_created","Registered User"
"A2k official","0554612378","amoskyeremeh29@gmail.com","2026-09-20T20:25:01.023172+00:00","Placed Order; Transaction/Deposit; order_status_changed; order_placed; balance_changed; transaction_created; login_success; Attempted Login (login_success)","Registered User"
"sarfokelvin860","","sarfokelvin860@email.com","2026-09-20T20:24:58.27+00:00","Attempted Login (login_failed); Attempted Login (HIGH_VELOCITY_LOGIN_FAILURES)","Attempted Login (Unregistered)"
"Kelvin sarfo","0549549383","kelvinoppong777@email.com","2026-09-20T20:23:30.157+00:00","password_reset_success; Attempted Login (password_reset_success)","Registered User"
"Holy Sinner","0558305233","holysinner@gmail.com","2026-09-20T20:22:26.249+00:00","password_reset_success; Attempted Login (password_reset_success); Attempted Login (login_failed); Attempted Login (LOGIN_FAILED)","Registered User"
"Emmanuel kwarteng","2332059142","emmanuelkwarteng@gmail.com","2026-09-20T20:21:10.134192+00:00","Profile Active (last_seen_at); New Account Registered","Registered User"
"(Attempted Login)","0205914207","","2026-09-20T20:20:23.285+00:00","Attempted Login (login_failed)","Attempted Login (Unregistered)"
"Clement","0545518351","clement@244gmail.com","2026-09-20T20:20:00.980612+00:00","Profile Active (last_seen_at); Profile Updated; New Account Registered; Placed Order; Transaction/Deposit; order_status_changed; order_placed; balance_changed; transaction_created; transaction_status_changed; secure_deposit_initiated; deposit_created","Registered User"
"Emmanuel","0533045252","kofiflick44@gmail.com","2026-09-20T20:20:00.886979+00:00","Profile Active (last_seen_at); Profile Updated; New Account Registered; Placed Order; Transaction/Deposit; balance_changed; order_status_changed; transaction_created; login_success; order_placed; transaction_status_changed; secure_deposit_initiated; deposit_created; Attempted Login (login_success); Attempted Login (login_failed)","Registered User"
"Kweku Jesus","+233208605092","kwekujesus27@gmail.com","2026-09-20T20:20:00.871754+00:00","Placed Order; Transaction/Deposit; order_status_changed; order_placed; balance_changed; transaction_created","Registered User"
"John","0504906362","agyakwaaugustine223@gmail.com","2026-09-20T20:20:00.777035+00:00","Profile Updated; Placed Order; Transaction/Deposit; order_status_changed; order_placed; balance_changed; transaction_created; transaction_status_changed; deposit_completed; deposit_initiated; deposit_created","Registered User"
"(Attempted Login)","0556126168","","2026-09-20T20:19:04.745+00:00","Attempted Login (login_failed)","Attempted Login (Unregistered)"
"jamespaddy35@gmail.com","0256848418","jamespaddy35@gmail.com","2026-09-20T20:18:40.418+00:00","login_success; Attempted Login (login_success)","Registered User"
"austinebwoy23454","","austinebwoy23454@gmail.com","2026-09-20T20:18:39.715+00:00","Attempted Login (login_failed)","Attempted Login (Unregistered)"
"Abena Sweet","0206244413","siawmavis@gmail.com","2026-09-20T20:15:44.009981+00:00","Profile Updated; Placed Order; Transaction/Deposit; order_status_changed; order_placed; balance_changed; transaction_created; deposit_completed; transaction_status_changed; deposit_initiated; deposit_created","Registered User"
"Kevin","0911501841","marleymathers022@gamil.com","2026-09-20T20:15:02.068993+00:00","Profile Updated; Placed Order; Transaction/Deposit; order_status_changed; order_placed; balance_changed; transaction_created; transaction_status_changed; login_success; deposit_initiated; deposit_created; Attempted Login (ADMIN_BALANCE_OVERRIDE); Attempted Login (login_success)","Registered User"
"Jeremiah Anarfi","0538009770","jeremiahanarfi50@icloud.com","2026-09-20T20:14:18.990381+00:00","Profile Active (last_seen_at); Profile Updated; New Account Registered; Attempted Login (login_failed)","Registered User"
"Ernest Addoson","0544871783","andrewaddo898@gmail.com","2026-09-20T20:11:54.877775+00:00","Profile Active (last_seen_at); Profile Updated; New Account Registered","Registered User"
"Mark Abbey","0592765824","markabbey356@gmail.com","2026-09-20T20:10:43.800163+00:00","Placed Order; Transaction/Deposit; order_status_changed; login_success; order_placed; balance_changed; transaction_created; deposit_completed; transaction_status_changed; deposit_initiated; deposit_created; Attempted Login (login_success)","Registered User"
"Kennedy Owusu","0558219863","kennedy63@gmail.com","2026-09-20T20:10:01.411122+00:00","Placed Order; Transaction/Deposit; order_status_changed; order_placed; balance_changed; transaction_created; deposit_completed; transaction_status_changed; deposit_initiated; deposit_created","Registered User"
"Wahab Shaibu","0557935286","stacyhalwas@gmail.com","2026-09-20T20:10:01.216633+00:00","Profile Updated; Placed Order; Transaction/Deposit; order_status_changed; order_placed; balance_changed; transaction_created; deposit_completed; transaction_status_changed; deposit_initiated; deposit_created","Registered User"
"Solomon Mensah","0551081419","solomenz0017@gmail.com","2026-09-20T20:10:01.10635+00:00","Profile Active (last_seen_at); Profile Updated; New Account Registered; Placed Order; Transaction/Deposit; order_status_changed; order_placed; balance_changed; transaction_created; deposit_completed; transaction_status_changed; deposit_initiated; deposit_created","Registered User"
"Sampson Wealth","0200862617","sampsonwealth107@gmail.com","2026-09-20T20:10:01.10635+00:00","Placed Order; Transaction/Deposit; order_status_changed; order_placed; balance_changed; transaction_created; transaction_status_changed; deposit_completed; deposit_initiated; deposit_created; login_success; Attempted Login (login_success)","Registered User"
"Ask Of Mayor","0531461571","philipessel059@icloud.com","2026-09-20T20:10:01.10635+00:00","Placed Order; Transaction/Deposit; order_status_changed; order_placed; balance_changed; transaction_created; deposit_completed; transaction_status_changed; deposit_initiated; deposit_created","Registered User"
"Arafat","0537814562","arafatsadique43@gmail.com","2026-09-20T20:10:01.10635+00:00","Placed Order; Transaction/Deposit; order_status_changed; order_placed; balance_changed; transaction_created","Registered User"
"Micheal Akomani","0547951479","michealakomani@icloud.com","2026-09-20T20:10:01.10635+00:00","Placed Order; Transaction/Deposit; order_status_changed; order_placed; balance_changed; transaction_created; transaction_status_changed; secure_deposit_initiated; deposit_created","Registered User"
"David Mensah","0257971534","davidmansah1534@icloud.com","2026-09-20T20:10:01.090526+00:00","Profile Updated; Placed Order; Transaction/Deposit; order_status_changed; order_placed; balance_changed; transaction_created; deposit_completed; transaction_status_changed; deposit_initiated; deposit_created","Registered User"
"Malka yofi","0596514551","robertaarhinful706@gmail.com","2026-09-20T20:10:01.090526+00:00","Placed Order; Transaction/Deposit; order_status_changed; order_placed; balance_changed; transaction_created","Registered User"
"obengberko778","","obengberko778@gmail.com","2026-09-20T20:09:51.919+00:00","Attempted Login (login_failed)","Attempted Login (Unregistered)"
"tomenumeshack6","","tomenumeshack6@gmail.com","2026-09-20T20:09:47.306+00:00","Attempted Login (login_failed)","Attempted Login (Unregistered)"
"HENRY OHENE NTI BROBBEY","0205056817","henryohenentibrobbey@gmail.com","2026-09-20T20:07:47.322+00:00","Attempted Login (login_failed)","Registered User"
"Daniel","0245070963","danielblessing8@gmail.com","2026-09-20T20:05:01.07957+00:00","Profile Updated; Placed Order; Transaction/Deposit; order_status_changed; order_placed; balance_changed; transaction_created; deposit_completed; transaction_status_changed; deposit_initiated; deposit_created","Registered User"
"Bulletmha","0550873824","ansahbright953@gmail.com","2026-09-20T20:05:00.886664+00:00","Profile Updated; Placed Order; Transaction/Deposit; order_status_changed; order_placed; balance_changed; transaction_created; deposit_completed; transaction_status_changed; deposit_initiated; deposit_created; login_success; Attempted Login (login_success)","Registered User"
"Regina Nkuah","0257326155","rnkuah46@email.com","2026-09-20T20:05:00.759416+00:00","Placed Order; Transaction/Deposit; order_status_changed; transaction_status_changed; order_placed; balance_changed; transaction_created; deposit_completed; deposit_initiated; deposit_created","Registered User"
"(Attempted Login)","9134101472","","2026-09-20T20:02:04.025+00:00","Attempted Login (login_failed)","Attempted Login (Unregistered)"
"Talkless","0540678735","side70885@gmail.com","2026-09-20T20:00:44.35759+00:00","Placed Order; Transaction/Deposit; balance_changed; order_status_changed; transaction_created; order_placed","Registered User"
"Ethel","0595193022","ethelagyei092@gmail.com","2026-09-20T20:00:04.713354+00:00","order_status_changed","Registered User"
"Y_M_C_RICH💚🦅","0595759298","yr4978312@gmail.com","2026-09-20T20:00:04.315757+00:00","Placed Order; Transaction/Deposit; order_status_changed; balance_changed; order_placed; transaction_created; deposit_completed; transaction_status_changed; deposit_initiated; deposit_created","Registered User"
"Philipa Asiamah","0543943626","philipa478@icloud.com","2026-09-20T20:00:04.21602+00:00","Placed Order; Transaction/Deposit; order_status_changed; order_placed; balance_changed; transaction_created","Registered User"
"Stacy Aboagye","0245478417","stacyaboagye1@gmail.com","2026-09-20T20:00:04.190989+00:00","Profile Active (last_seen_at); Profile Updated; Placed Order; Transaction/Deposit; order_status_changed; order_placed; balance_changed; transaction_created; login_success; LOGIN_SUCCESS; deposit_completed; transaction_status_changed; deposit_initiated; deposit_created; password_reset_success; Attempted Login (login_success); Attempted Login (LOGIN_SUCCESS); Attempted Login (login_failed); Attempted Login (LOGIN_FAILED); Attempted Login (password_reset_success)","Registered User"
"James Walker","0542999655","jameswallker36@gmail.com","2026-09-20T20:00:04.190989+00:00","Placed Order; Transaction/Deposit; order_status_changed; transaction_status_changed; order_placed; balance_changed; transaction_created; deposit_completed; deposit_initiated; deposit_created; secure_deposit_initiated","Registered User"
"Miss Cathy","0552637996","misscath541@gmail.com","2026-09-20T20:00:04.167002+00:00","Profile Updated; Placed Order; Transaction/Deposit; order_status_changed; order_placed; balance_changed; transaction_created; deposit_completed; transaction_status_changed; deposit_initiated; deposit_created","Registered User"
"Kwasi bonsu","0241818635","kellytrey412@gmail.com","2026-09-20T20:00:04.167002+00:00","Placed Order; Transaction/Deposit; order_status_changed; order_placed; balance_changed; transaction_created","Registered User"
"DANIEL EDEM GAKPO","0534486054","edemgakpo07@gmail.com","2026-09-20T20:00:02.37443+00:00","Transaction/Deposit; transaction_status_changed; deposit_initiated; deposit_created; login_success; LOGIN_SUCCESS; password_reset_success; Attempted Login (login_success); Attempted Login (LOGIN_SUCCESS); Attempted Login (password_reset_success)","Registered User"
"Ricch khan","0599608821","acheapongg210@gmail.com","2026-09-20T19:59:44.925942+00:00","Profile Active (last_seen_at); Profile Updated; New Account Registered","Registered User"
"(Attempted Login)","0536346597","","2026-09-20T19:58:58.661+00:00","Attempted Login (login_failed)","Attempted Login (Unregistered)"
"morrisonmorrison954","","morrisonmorrison954@gmail.com","2026-09-20T19:58:07.915+00:00","Attempted Login (login_failed)","Attempted Login (Unregistered)"
"Lucky ghod","0257285814","luckygh581@gmail.com","2026-09-20T19:58:04.397082+00:00","Profile Active (last_seen_at); Profile Updated; New Account Registered","Registered User"
"Jerome boateng","0532844845","jeromeboatengicloud@gmail.com","2026-09-20T19:56:06.961126+00:00","Profile Active (last_seen_at); New Account Registered; Attempted Login (login_failed)","Registered User"
"Ebenezer","0594734297","agyeiebenezer015@gmail.com","2026-09-20T19:56:04.380569+00:00","Profile Active (last_seen_at); Profile Updated; New Account Registered","Registered User"
"Godfather","0554885520","segubless@gmail.com","2026-09-20T19:55:56.549861+00:00","Profile Active (last_seen_at); Profile Updated; New Account Registered","Registered User"
"Frimpong aboagye ofori","0248104253","terminatorofori85@gmail.com","2026-09-20T19:55:21.247073+00:00","Profile Active (last_seen_at); New Account Registered; Attempted Login (login_failed)","Registered User"
"Kwaku Inusah","0599202722","oldboy@gmail.com","2026-09-20T19:52:49.715917+00:00","Profile Active (last_seen_at); Profile Updated; New Account Registered","Registered User"
"Michael Mensah","0257326721","mavisyeboah639@gmail.com","2026-09-20T19:51:27.915+00:00","password_reset_success; Attempted Login (HIGH_VELOCITY_LOGIN_FAILURES); Attempted Login (LOGIN_FAILED); Attempted Login (login_failed); Attempted Login (password_reset_success)","Registered User"
"Hayford Nyantakyi","0535630871","hayfordnyantakyi6@gmail.com","2026-09-20T19:51:08.813784+00:00","Profile Active (last_seen_at); Profile Updated; New Account Registered; Attempted Login (login_failed)","Registered User"
"Kelvin Boateng","0548398045","kelvinmichaelboateng@gmail.com","2026-09-20T19:50:01.462391+00:00","Placed Order; Transaction/Deposit; order_status_changed; order_placed; balance_changed; transaction_created; deposit_completed; transaction_status_changed; deposit_initiated; deposit_created; login_success; Attempted Login (login_success)","Registered User"
"AyaanDeBarber","0544757675","dehoodbarber@gmail.com","2026-09-20T19:50:01.363008+00:00","Placed Order; Transaction/Deposit; order_status_changed; order_placed; balance_changed; transaction_created","Registered User"
"Adu Gyamfi Angela","0554331171","maryobiyaa749@gmail.com","2026-09-20T19:50:01.363008+00:00","Placed Order; Transaction/Deposit; order_status_changed; order_placed; balance_changed; transaction_created; transaction_status_changed; secure_deposit_initiated; deposit_created","Registered User"
"francisorlando","0537806986","francisorlando188@gmail.com","2026-09-20T19:50:01.363008+00:00","Placed Order; Transaction/Deposit; order_status_changed; order_placed; balance_changed; transaction_created","Registered User"
"Nhanha Quece","0533056999","desmondgyebi3@gmail.com","2026-09-20T19:50:01.358548+00:00","Placed Order; Transaction/Deposit; balance_changed; order_status_changed; transaction_created; order_placed; login_success; Attempted Login (login_success)","Registered User"
"Djane Abraham","0247209768","djanieabraham55@gmail.com","2026-09-20T19:47:16.555292+00:00","Profile Active (last_seen_at); Profile Updated; New Account Registered","Registered User"
"Henry Cyrus Cudjoe","0506023709","expensivesmile@12email.com","2026-09-20T19:46:56.605+00:00","Profile Active (last_seen_at); Profile Updated; New Account Registered","Registered User"
"Alvin Kobina Crentsil","2335079440","alvincrentsil1234@gmail.com","2026-09-20T19:45:52.961988+00:00","Profile Active (last_seen_at); Profile Updated; New Account Registered","Registered User"
"Dennis Musiala","0535172335","dmusiala08@icloud.com","2026-09-20T19:45:01.78049+00:00","Placed Order; Transaction/Deposit; order_status_changed; order_placed; balance_changed; transaction_created; login_success; Attempted Login (login_success)","Registered User"
"Gabriel Ankrah","0534556917","ankrahgabriel251@gmail.com","2026-09-20T19:45:01.513389+00:00","Placed Order; Transaction/Deposit; order_status_changed; order_placed; balance_changed; transaction_created; login_success; password_reset_success; Attempted Login (login_success); Attempted Login (HIGH_VELOCITY_LOGIN_FAILURES); Attempted Login (password_reset_success); Attempted Login (LOGIN_FAILED); Attempted Login (login_failed)","Registered User"
"Asiedu Desmond","0539538883","nketiahdesmond@icloud.com","2026-09-20T19:42:53.233035+00:00","Profile Active (last_seen_at); Profile Updated; New Account Registered","Registered User"
"Kendy","0596472819","ayehkendy@gmail.com","2026-09-20T19:41:40.650162+00:00","Profile Active (last_seen_at); Profile Updated; New Account Registered; Attempted Login (HIGH_VELOCITY_LOGIN_FAILURES); Attempted Login (login_failed)","Registered User"
"Siceno","0534452009","elizabethachampomaah@gmail.com","2026-09-20T19:41:16.265+00:00","Profile Active (last_seen_at); Profile Updated; New Account Registered; Attempted Login (login_failed)","Registered User"
"David Rockson","0203586276","davidrockson81@gmail.com","2026-09-20T19:41:12.536+00:00","Profile Active (last_seen_at); Profile Updated; New Account Registered; Attempted Login (login_failed); Attempted Login (LOGIN_FAILED)","Registered User"
"Godwin Ensowah","0535541758","gensowah@gmail.com","2026-09-20T19:40:53.809341+00:00","Profile Active (last_seen_at); Profile Updated; New Account Registered; Attempted Login (login_failed)","Registered User"
"Gabriel Osei Frimpong","0535920657","lesslaw713@gmail.com","2026-09-20T19:40:49.563302+00:00","Profile Active (last_seen_at); Profile Updated; New Account Registered","Registered User"
"Kennedy Owusu","0208705017","kennedyowusu15@email.com","2026-09-20T19:40:43.691486+00:00","Placed Order; Transaction/Deposit; order_status_changed; order_placed; balance_changed; transaction_created; deposit_completed; transaction_status_changed; deposit_initiated; deposit_created","Registered User"
"Christopher Anokye","0539594995","anokyechristopher200@gmail.com","2026-09-20T19:40:01.617278+00:00","Profile Updated; Placed Order; Transaction/Deposit; order_status_changed; balance_changed; transaction_created; order_placed; login_success; deposit_completed; transaction_status_changed; deposit_initiated; deposit_created; Attempted Login (login_success)","Registered User"
"Christabel Mensah","0546552872","christabelm958@gmail.com","2026-09-20T19:40:01.094194+00:00","Placed Order; Transaction/Deposit; order_status_changed; order_placed; balance_changed; transaction_created","Registered User"
"Nancy Ayinporka","0249059253","nancyayinporka52@gmail.com","2026-09-20T19:37:11.37448+00:00","Profile Active (last_seen_at); Profile Updated; New Account Registered; Transaction/Deposit; transaction_status_changed; deposit_initiated; deposit_created; Attempted Login (login_failed)","Registered User"
"Special","8066028984","idahosaaliana@gmail.com","2026-09-20T19:37:06.873472+00:00","Profile Active (last_seen_at); Profile Updated; New Account Registered; Transaction/Deposit; transaction_status_changed; deposit_initiated; deposit_created","Registered User"
"Rich Burngelo","0558756281","godslovesmith45@gmail.com","2026-09-20T19:36:47.733+00:00","login_success; Attempted Login (login_success); Attempted Login (login_failed)","Registered User"
"John voni","0507604172","charlyjordan602@gmail.com","2026-09-20T19:35:43.880822+00:00","Placed Order; Transaction/Deposit; balance_changed; order_status_changed; transaction_created; order_placed","Registered User"
"Godwin Tetteh","0538479304","abigailattrams@icloud.com","2026-09-20T19:35:02.493617+00:00","Transaction/Deposit; balance_changed; order_status_changed; transaction_created","Registered User"
"Godson","0555140982","official.99freaky@gmail.com","2026-09-20T19:35:02.466603+00:00","Transaction/Deposit; balance_changed; order_status_changed; transaction_created","Registered User"
"Michael Nelson","0273449234","joycemaclean1234k@gmail.com","2026-09-20T19:35:02.46436+00:00","Transaction/Deposit; balance_changed; order_status_changed; transaction_created","Registered User"
"Nkrumah Adelaide Appiah","0549268735","adelaideappiahnkrumah@gmail.com","2026-09-20T19:35:02.457696+00:00","Transaction/Deposit; balance_changed; order_status_changed; transaction_created","Registered User"
"Gladys","0556099570","gladysnelson93@gmail.com","2026-09-20T19:35:01.735833+00:00","Placed Order; Transaction/Deposit; order_status_changed; order_placed; balance_changed; transaction_created","Registered User"
"Appiah Griffith Nana","0507648093","appiahgriffithnana965@gmail.com","2026-09-20T19:35:01.735833+00:00","Placed Order; Transaction/Deposit; order_status_changed; order_placed; balance_changed; transaction_created; transaction_status_changed; deposit_completed; deposit_initiated; deposit_created","Registered User"
"Tracy","0594526513","lydiablay@gmail.com","2026-09-20T19:35:01.733238+00:00","Placed Order; Transaction/Deposit; balance_changed; order_status_changed; transaction_created; order_placed","Registered User"
"Jude kofi","0541512685","charlesamissah2685@gmail.com","2026-09-20T19:35:01.718361+00:00","Placed Order; Transaction/Deposit; balance_changed; order_status_changed; transaction_created; order_placed","Registered User"
"Hellina Adowa Pokuaa Adde","0545076414","reubenafrane@gmail.com","2026-09-20T19:35:01.716833+00:00","Placed Order; Transaction/Deposit; balance_changed; order_status_changed; transaction_created; order_placed","Registered User"
"SILENCEKILLER","0538240697","killersilence333@gmail.com","2026-09-20T19:35:01.710326+00:00","Profile Updated; Placed Order; Transaction/Deposit; balance_changed; order_status_changed; transaction_created; order_placed; transaction_status_changed; secure_deposit_initiated; deposit_created; deposit_initiated; Attempted Login (login_failed); Attempted Login (LOGIN_FAILED)","Registered User"
"Biggest zhaza","0545293020","bwoykilla@gmail.com","2026-09-20T19:33:31.119303+00:00","Profile Active (last_seen_at); Profile Updated; New Account Registered","Registered User"
"Cardinal cutie","0539829357","princessokyere953@gmail.com","2026-09-20T19:33:10.359+00:00","password_reset_success; Attempted Login (password_reset_success); Attempted Login (login_failed); Attempted Login (LOGIN_FAILED)","Registered User"
"Martin","0548169911","oseimartin169@gmail.com","2026-09-20T19:32:36.706+00:00","login_success; Attempted Login (login_success)","Registered User"
"okyereprincess95","","okyereprincess95@gmail.com","2026-09-20T19:31:36.486+00:00","Attempted Login (login_failed)","Attempted Login (Unregistered)"
"Faraj","0539961610","abdulyazidfarajtimtoniwumbeiabdulyazid@gmail.com","2026-09-20T19:30:43.665933+00:00","Profile Active (last_seen_at); Placed Order; Transaction/Deposit; balance_changed; order_status_changed; transaction_created; order_placed; transaction_status_changed; secure_deposit_initiated; deposit_created","Registered User"
"(Attempted Login)","0595804373","","2026-09-20T19:30:30.266+00:00","Attempted Login (login_failed)","Attempted Login (Unregistered)"
"killabwoy32","","killabwoy32@gmail.com","2026-09-20T19:30:17.256+00:00","Attempted Login (login_failed)","Attempted Login (Unregistered)"
"Daniel Asiedu","0505265184","asiedudaniel609@gmail.com","2026-09-20T19:30:02.319526+00:00","Transaction/Deposit; balance_changed; order_status_changed; transaction_created","Registered User"
"Samed Abdul wadud","0545763716","atuugmunaya@gmail.com","2026-09-20T19:30:02.268723+00:00","Placed Order; Transaction/Deposit; balance_changed; order_status_changed; transaction_created; order_placed","Registered User"
"Emmanuel Owusu","0561488483","demsee38@gmail.com","2026-09-20T19:30:01.690285+00:00","Profile Active (last_seen_at); Profile Updated; New Account Registered; Transaction/Deposit; transaction_status_changed; deposit_initiated; deposit_created","Registered User"
"Apana Eugenia","0599176564","davidapana716@gmail.com","2026-09-20T19:30:01.690285+00:00","Profile Active (last_seen_at); Profile Updated; New Account Registered; Transaction/Deposit; transaction_status_changed; secure_deposit_initiated; deposit_created; Attempted Login (login_failed)","Registered User"
"Ampomah prince","0256916474","ampomahp56@gmail.com","2026-09-20T19:30:01.690285+00:00","Transaction/Deposit; transaction_status_changed; deposit_initiated; deposit_created; login_success; LOGIN_SUCCESS; password_reset_success; Attempted Login (login_success); Attempted Login (login_failed); Attempted Login (LOGIN_SUCCESS); Attempted Login (LOGIN_FAILED); Attempted Login (password_reset_success)","Registered User"
"EnochOdame","0547543023","enochodame14@gmail.com","2026-09-20T19:29:34.948+00:00","login_success; LOGIN_SUCCESS; password_reset_success; Attempted Login (login_success); Attempted Login (login_failed); Attempted Login (LOGIN_SUCCESS); Attempted Login (password_reset_success)","Registered User"
"Randy Jude adu","0207316439","juderandy_123@icloud.com","2026-09-20T19:27:43.656+00:00","Profile Active (last_seen_at); Placed Order; Transaction/Deposit; deposit_completed; transaction_status_changed; balance_changed; deposit_initiated; deposit_created; order_status_changed; order_placed; transaction_created; secure_deposit_initiated; login_success; LOGIN_SUCCESS; password_reset_success; Attempted Login (login_success); Attempted Login (LOGIN_SUCCESS); Attempted Login (password_reset_success)","Registered User"
"Agyei Lovelyn","0534846192","mslovelyn@gmail.com","2026-09-20T19:26:33.319181+00:00","Profile Active (last_seen_at); Profile Updated; New Account Registered","Registered User"
"(Attempted Login)","0537626076","","2026-09-20T19:25:03.674+00:00","Attempted Login (login_failed)","Attempted Login (Unregistered)"
"Prince Cruz","0504848996","myd1415@icloud.com","2026-09-20T19:24:55.831+00:00","Attempted Login (login_failed)","Registered User"
"Kelvin Okyere","0548464555","liledgecom6@gmail.com","2026-09-20T19:24:52.232226+00:00","Placed Order; Transaction/Deposit; balance_changed; order_status_changed; transaction_created; order_placed; login_success; Attempted Login (login_success)","Registered User"
"Noble media 360","2332486754","noblegift@gmail.com","2026-09-20T19:22:33.868753+00:00","Profile Active (last_seen_at); Profile Updated; New Account Registered","Registered User"
"Herbert Osabutey","0508398691","osabuteyherbert3@gmail.com","2026-09-20T19:22:30.074+00:00","login_success; Attempted Login (login_success)","Registered User"
"Appiah kubi","0552190171","kubi39922@gmail.com","2026-09-20T19:20:01.09796+00:00","Placed Order; Transaction/Deposit; order_status_changed; order_placed; balance_changed; transaction_created; login_success; deposit_completed; transaction_status_changed; deposit_initiated; deposit_created; Attempted Login (login_success)","Registered User"
"Moorblay","0504385649","moorblay123@icloud.com","2026-09-20T19:20:01.09796+00:00","Placed Order; Transaction/Deposit; order_status_changed; order_placed; balance_changed; transaction_created","Registered User"
"Sarah Adorable","0531609003","saraiadoring@098.com","2026-09-20T19:20:00.825304+00:00","Profile Active (last_seen_at); Placed Order; Transaction/Deposit; order_status_changed; order_placed; balance_changed; transaction_created; transaction_status_changed; deposit_completed; deposit_initiated; deposit_created; secure_deposit_initiated","Registered User"
"CHARO","0538300127","charoboss081@gmail.com","2026-09-20T19:20:00.825304+00:00","Profile Updated; Placed Order; Transaction/Deposit; order_status_changed; order_placed; balance_changed; transaction_created; transaction_status_changed; deposit_completed; deposit_initiated; deposit_created","Registered User"
"Zangi paid","0706305428","mialicas80@gmail.com","2026-09-20T19:20:00.244453+00:00","Profile Active (last_seen_at); Profile Updated; New Account Registered","Registered User"
"Frederick Ashirifie","0278388747","ashirifiefrederick@yahoo.com","2026-09-20T19:15:02.134974+00:00","order_status_changed","Registered User"
"Blessing","0506889128","blessinggyasi28@gmail.com","2026-09-20T19:15:01.359277+00:00","Placed Order; Transaction/Deposit; order_status_changed; order_placed; balance_changed; transaction_created","Registered User"
"Philip Osei","0548503998","philiposei633@gmail.com","2026-09-20T19:15:01.328895+00:00","Placed Order; Transaction/Deposit; order_status_changed; order_placed; balance_changed; transaction_created; deposit_completed; transaction_status_changed; deposit_initiated; deposit_created; login_success; LOGIN_SUCCESS; Attempted Login (login_success); Attempted Login (LOGIN_SUCCESS)","Registered User"
"Jason","0556258580","jasoneagle93@gmail.com","2026-09-20T19:15:01.317538+00:00","Profile Updated; Placed Order; Transaction/Deposit; order_status_changed; order_placed; balance_changed; transaction_created; deposit_completed; transaction_status_changed; deposit_initiated; deposit_created","Registered User"
"Joel nart","0558113308","joelnartey722@gmail.com","2026-09-20T19:15:01.317538+00:00","Placed Order; Transaction/Deposit; order_status_changed; order_placed; balance_changed; transaction_created; transaction_status_changed","Registered User"
"Wahabu Braimah","0543951135","wahabbraimah@gmail.com","2026-09-20T19:14:56.79718+00:00","Profile Active (last_seen_at); Profile Updated; New Account Registered; Attempted Login (login_failed)","Registered User"
"(Attempted Login)","0249059243","","2026-09-20T19:11:45.674+00:00","Attempted Login (login_failed)","Attempted Login (Unregistered)"
"GAMASTY","0256258584","gamasty300@gmail.com","2026-09-20T19:10:05.106583+00:00","Profile Active (last_seen_at); New Account Registered","Registered User"
"Angelina Nana Ama Gyan","0548559183","angelinagyan88@gmail.com","2026-09-20T19:10:01.114514+00:00","Placed Order; Transaction/Deposit; order_status_changed; order_placed; balance_changed; transaction_created; deposit_completed; transaction_status_changed; deposit_initiated; deposit_created; login_success; Attempted Login (login_success)","Registered User"
"Real Chipser","0598356419","abubakarsuleimansuleiman815@gmail.com","2026-09-20T19:10:01.000808+00:00","Placed Order; Transaction/Deposit; order_status_changed; order_placed; balance_changed; transaction_created","Registered User"
"Ibrahim seidu","0599384742","sonofgaming26@icloud.com","2026-09-20T19:10:00.733939+00:00","Profile Updated; Placed Order; Transaction/Deposit; order_status_changed; order_placed; balance_changed; transaction_created; transaction_status_changed; deposit_completed; deposit_initiated; deposit_created; secure_deposit_initiated","Registered User"
"Chronixx Law","0537222161","gladysshen53@gmail.com","2026-09-20T19:10:00.733939+00:00","Placed Order; Transaction/Deposit; order_status_changed; order_placed; balance_changed; transaction_created; login_success; LOGIN_SUCCESS; Attempted Login (login_success); Attempted Login (LOGIN_SUCCESS)","Registered User"
"Gerrard Awuah Adjei","0533570986","gerrardinhoalaserid@gmail.com","2026-09-20T19:07:47.256+00:00","login_success; Attempted Login (login_success)","Registered User"
"Joshua Coffie","0598907365","joshuacoffie68@outlook.com","2026-09-20T19:07:36.323508+00:00","Profile Active (last_seen_at); New Account Registered","Registered User"
"Daniel Amoo","0544714033","danielamoo456@icloud.com","2026-09-20T19:07:20.451451+00:00","Profile Active (last_seen_at); Profile Updated; New Account Registered","Registered User"
"Levelup appiah","0500356580","levelupointe2@gmail.com","2026-09-20T19:05:54.127775+00:00","Profile Active (last_seen_at); Profile Updated; New Account Registered","Registered User"
"Vivian Acquah","0507049384","acquahvivian641@gmail.com","2026-09-20T19:05:36.213+00:00","password_reset_success; Attempted Login (HIGH_VELOCITY_LOGIN_FAILURES); Attempted Login (password_reset_success); Attempted Login (LOGIN_FAILED); Attempted Login (login_failed)","Registered User"
"Henry Anim","0532333029","henryanim345@gmail.com","2026-09-20T19:05:09.896617+00:00","Profile Active (last_seen_at); Profile Updated; New Account Registered; Attempted Login (login_failed); Attempted Login (HIGH_VELOCITY_LOGIN_FAILURES)","Registered User"
"Rabbi","0257197004","dzigbarabbi2010@gmail.com","2026-09-20T19:05:01.553489+00:00","Profile Updated; Placed Order; Transaction/Deposit; order_status_changed; transaction_created; order_placed; balance_changed; transaction_status_changed; secure_deposit_initiated; deposit_created; deposit_initiated","Registered User"
"Skygee","0591805393","s39889393@email.com","2026-09-20T19:05:01.553489+00:00","Profile Updated; Placed Order; Transaction/Deposit; order_status_changed; order_placed; balance_changed; transaction_created; deposit_completed; transaction_status_changed; deposit_initiated; deposit_created","Registered User"
"c40075308","","c40075308@gmail.com","2026-09-20T19:04:35.67+00:00","Attempted Login (HIGH_VELOCITY_LOGIN_FAILURES); Attempted Login (login_failed)","Attempted Login (Unregistered)"
"sherifadam812","","sherifadam812@gmail.com","2026-09-20T19:00:49.567+00:00","Attempted Login (login_failed)","Attempted Login (Unregistered)"
"Florence Arthur","0543213538","thompsonoppongmensah625@g.mail.com","2026-09-20T19:00:04.130033+00:00","Profile Updated; Placed Order; Transaction/Deposit; order_status_changed; transaction_status_changed; order_placed; balance_changed; transaction_created; deposit_completed; deposit_initiated; deposit_created; login_failed; Attempted Login (login_failed); Attempted Login (LOGIN_FAILED)","Registered User"
"Bertha","0551232080","esiawonam02@gmail.com","2026-09-20T19:00:04.130033+00:00","Placed Order; Transaction/Deposit; order_status_changed; order_placed; balance_changed; transaction_created","Registered User"
"Victoria Gyamfua","0240366493","gyamfuav80@gmail.com","2026-09-20T19:00:04.125706+00:00","Profile Updated; Placed Order; Transaction/Deposit; order_status_changed; order_placed; balance_changed; transaction_created; deposit_completed; transaction_status_changed; deposit_initiated; deposit_created","Registered User"
"Philip Ageman","0257614376","helinananahmaa@icloud.com","2026-09-20T19:00:04.116365+00:00","Profile Updated; Placed Order; Transaction/Deposit; order_status_changed; order_placed; balance_changed; transaction_created; transaction_status_changed; secure_deposit_initiated; deposit_created","Registered User"
"Kofi Odoom","0256401266","odoomkofi@gmail.com","2026-09-20T19:00:03.274907+00:00","Profile Active (last_seen_at); Profile Updated; New Account Registered; Transaction/Deposit; transaction_status_changed; deposit_initiated; deposit_created; login_success; LOGIN_SUCCESS; Attempted Login (login_success); Attempted Login (LOGIN_SUCCESS)","Registered User"
"Aliyah Mohammed","0266051844","aliyahmohammed065@gmail.com","2026-09-20T19:00:03.274907+00:00","Profile Active (last_seen_at); Profile Updated; New Account Registered; Transaction/Deposit; transaction_status_changed; deposit_initiated; deposit_created","Registered User"
"Alice Ackom","0552159345","aliceackom04@gmail.com","2026-09-20T19:00:03.274907+00:00","Profile Active (last_seen_at); Profile Updated; New Account Registered; Transaction/Deposit; transaction_status_changed; deposit_initiated; deposit_created","Registered User"
"Daddy","0539479838","futurenbastrar@gmail.com","2026-09-20T19:00:03.274907+00:00","Transaction/Deposit; transaction_status_changed; deposit_initiated; deposit_created; secure_deposit_initiated","Registered User"
"Black history","0597770741","wisdomokyere200@gmail.com","2026-09-20T19:00:03.274907+00:00","Transaction/Deposit; transaction_status_changed; deposit_initiated; deposit_created; login_success; Attempted Login (login_success)","Registered User"
"Michelle Kyei Badu","0550419942","bmkyei@icloud.com","2026-09-20T19:00:03.274907+00:00","Transaction/Deposit; transaction_status_changed; deposit_initiated; deposit_created","Registered User"
"Trappywasty","0536281981","antwiagyeiwasty1@icloud.com","2026-09-20T18:58:54.06197+00:00","Profile Active (last_seen_at); Profile Updated; New Account Registered","Registered User"
"Jamel quansah","0502025214","youngduck17@email.com","2026-09-20T18:58:40.108777+00:00","Profile Active (last_seen_at); Profile Updated; New Account Registered","Registered User"
"(Attempted Login)","0205400988","","2026-09-20T18:58:35.636+00:00","Attempted Login (login_failed)","Attempted Login (Unregistered)"
"Adwoa Febiri","0201262206","605540@wiuc-ghana.edu.gh","2026-09-20T18:55:01.352612+00:00","Placed Order; Transaction/Deposit; order_status_changed; order_placed; balance_changed; transaction_created","Registered User"
"Semakor Godwin","0593087581","godwinsemekor320@gmail.com","2026-09-20T18:53:49.114+00:00","login_success; LOGIN_SUCCESS; password_reset_success; Attempted Login (login_success); Attempted Login (login_failed); Attempted Login (LOGIN_SUCCESS); Attempted Login (password_reset_success); Attempted Login (LOGIN_FAILED)","Registered User"
"Tiwaa Linda","0550851862","lindatiwaa85@gmail.com","2026-09-20T18:53:20.544+00:00","Profile Active (last_seen_at)","Registered User"
"Michelle blessing Andes","0535604075","ngozianderson333@gmail.com","2026-09-20T18:50:01.625891+00:00","Profile Updated; Placed Order; Transaction/Deposit; order_status_changed; order_placed; balance_changed; transaction_created; deposit_completed; transaction_status_changed; deposit_initiated; deposit_created","Registered User"
"Collins Mensah","0593513785","dovemens12@icloud.com","2026-09-20T18:50:01.543599+00:00","Placed Order; Transaction/Deposit; order_status_changed; order_placed; balance_changed; transaction_created; login_success; Attempted Login (login_success)","Registered User"
"Irene","0557654574","adjeiirene@gmail.com","2026-09-20T18:50:01.239311+00:00","Profile Active (last_seen_at); Profile Updated; New Account Registered; Placed Order; Transaction/Deposit; order_status_changed; order_placed; balance_changed; transaction_created; deposit_completed; transaction_status_changed; deposit_initiated; deposit_created","Registered User"
"Samuel Ohene Asah","0548781383","samueloheneasah@gmail.com","2026-09-20T18:50:01.239311+00:00","Profile Updated; Placed Order; Transaction/Deposit; order_status_changed; order_placed; balance_changed; transaction_created; deposit_completed; transaction_status_changed; deposit_initiated; deposit_created; secure_deposit_initiated","Registered User"
"Antwi Daniella","2332011415","antwidaniella958@gmail.com","2026-09-20T18:50:01.239311+00:00","Profile Updated; Placed Order; Transaction/Deposit; order_status_changed; transaction_status_changed; order_placed; balance_changed; transaction_created; deposit_completed; deposit_initiated; deposit_created","Registered User"
"Chris Smith","0553729870","chrissmithboakye0@gmail.com","2026-09-20T18:50:01.239311+00:00","Profile Updated; Placed Order; Transaction/Deposit; order_status_changed; order_placed; balance_changed; transaction_created; transaction_status_changed; secure_deposit_initiated; deposit_created","Registered User"
"0548954673grace","","0548954673grace@gmail.com","2026-09-20T18:49:31.058+00:00","Attempted Login (login_failed)","Attempted Login (Unregistered)"
"James Owusu Darko","0594776653","jamesowusu123.com@gmail.com","2026-09-20T18:48:34.071052+00:00","Profile Active (last_seen_at); Profile Updated; New Account Registered","Registered User"
"Justice","0543502207","maavero5@gmail.com","2026-09-20T18:47:58.688+00:00","Profile Updated; Transaction/Deposit; deposit_completed; transaction_status_changed; balance_changed; deposit_initiated; deposit_created; login_success; Attempted Login (login_success)","Registered User"
"Samuel Kwarteng","0598460425","kwartengsamuel271@gmail.com","2026-09-20T18:47:04.918197+00:00","Profile Active (last_seen_at); Profile Updated; New Account Registered","Registered User"
"Humble humble","0547717258","humble122@gmail.com","2026-09-20T18:46:11.962+00:00","login_success; Attempted Login (login_success)","Registered User"
"Tygermoore","0559613892","afrifaelijah941@gmail.com","2026-09-20T18:45:01.5667+00:00","Profile Active (last_seen_at); Profile Updated; New Account Registered; Placed Order; Transaction/Deposit; order_status_changed; order_placed; balance_changed; transaction_created; deposit_completed; transaction_status_changed; deposit_initiated; deposit_created","Registered User"
"John","0550338085","clementopwazy@gmail.com","2026-09-20T18:45:01.496615+00:00","Profile Updated; Placed Order; Transaction/Deposit; order_status_changed; balance_changed; transaction_created; order_placed; deposit_completed; transaction_status_changed; deposit_initiated; deposit_created; login_success; Attempted Login (login_success)","Registered User"
"PRINCE GYAMFI","2335302823","princeaikins09@gmail.com","2026-09-20T18:44:53.037+00:00","Attempted Login (login_failed)","Registered User"
"Jnr Kidi","0246993328","jnrkidi112@gmail.com","2026-09-20T18:40:43.473117+00:00","Placed Order; Transaction/Deposit; balance_changed; order_status_changed; transaction_created; order_placed","Registered User"
"Rahman Adisah","0593500638","rahmanadisah1@gmail.com","2026-09-20T18:40:11.699+00:00","login_success; Attempted Login (login_success)","Registered User"
"Michael Takyi","+233596366115","takyimichael95@gmail.com","2026-09-20T18:40:01.51357+00:00","Placed Order; Transaction/Deposit; order_status_changed; order_placed; balance_changed; transaction_created; deposit_completed; transaction_status_changed; deposit_initiated; deposit_created; login_success; LOGIN_SUCCESS; Attempted Login (login_success); Attempted Login (LOGIN_SUCCESS)","Registered User"
"Amin Mohammed Bello","0593631223","aminmohammedbello0593631223@gmail.com","2026-09-20T18:38:17.14604+00:00","Profile Active (last_seen_at); Profile Updated; New Account Registered","Registered User"
"Melomey Frederick","0544594227","lhoverbhoi113@gmail.com","2026-09-20T18:36:06.996+00:00","Profile Active (last_seen_at); Profile Updated; New Account Registered; Transaction/Deposit; deposit_completed; transaction_status_changed; balance_changed; deposit_initiated; deposit_created","Registered User"
"Richlove Adez","0536413813","richlovedenkyi@icloud.com","2026-09-20T18:35:01.685238+00:00","Profile Active (last_seen_at); Profile Updated; New Account Registered; Placed Order; Transaction/Deposit; order_status_changed; order_placed; balance_changed; transaction_created; deposit_completed; transaction_status_changed; deposit_initiated; deposit_created","Registered User"
"Brigth Mensah","0597338681","brigthmensah@icloud.com","2026-09-20T18:35:01.685238+00:00","Placed Order; Transaction/Deposit; order_status_changed; order_placed; balance_changed; transaction_created","Registered User"
"Melomey","0503429676","melomeyfrederick487@gmail.com","2026-09-20T18:32:36.952+00:00","Attempted Login (login_failed); Attempted Login (LOGIN_FAILED)","Registered User"
"Ramila Iddrisu","2335541214","ramilaiddrisu@gmail.com","2026-09-20T18:31:36.420474+00:00","Profile Active (last_seen_at); Profile Updated; New Account Registered","Registered User"
"Francis Amponsah","0596292413","morphy205@gmail.com","2026-09-20T18:30:54.668+00:00","Profile Updated; Transaction/Deposit; deposit_completed; transaction_status_changed; balance_changed; deposit_initiated; deposit_created","Registered User"
"Wendy Sekyere","0556984681","wendysekyere3@gmail.com","2026-09-20T18:30:43.833308+00:00","Placed Order; Transaction/Deposit; order_status_changed; order_placed; balance_changed; transaction_created; transaction_status_changed; deposit_completed; deposit_initiated; deposit_created; secure_deposit_initiated","Registered User"
"Krakah Ernest","0207497490","krakahernest749@gmail.com","2026-09-20T18:30:34.577327+00:00","Profile Active (last_seen_at); Profile Updated; New Account Registered","Registered User"
"Albert Bonsu","0536506512","adubonsua@gmail.com","2026-09-20T18:30:02.909784+00:00","order_status_changed","Registered User"
"•||•🔫𝐹𝐵𝐵 📿𝒫𝒜𝐵𝐿𝒪","0546118988","moody12mary@gail.com","2026-09-20T18:30:01.522903+00:00","Profile Updated; Placed Order; Transaction/Deposit; order_status_changed; order_placed; balance_changed; transaction_created; deposit_completed; transaction_status_changed; deposit_initiated; deposit_created; login_success; LOGIN_SUCCESS; password_reset_success; Attempted Login (login_success); Attempted Login (LOGIN_SUCCESS); Attempted Login (password_reset_success); Attempted Login (HIGH_VELOCITY_LOGIN_FAILURES); Attempted Login (login_failed)","Registered User"
"Cookie.back1","0533727013","kwameworlanyo845@gmail.com","2026-09-20T18:30:01.522903+00:00","Placed Order; Transaction/Deposit; order_status_changed; order_placed; balance_changed; transaction_created; deposit_completed; transaction_status_changed; deposit_initiated; deposit_created","Registered User"
"Jnr likee","0591570818","millicentbicon84@gmail.com","2026-09-20T18:30:01.522903+00:00","Placed Order; Transaction/Deposit; order_status_changed; transaction_status_changed; order_placed; balance_changed; transaction_created; deposit_completed; deposit_initiated; deposit_created; secure_deposit_initiated","Registered User"
"MajeedMohammed","0537115927","majeedmohammed8783@gmail.com","2026-09-20T18:30:01.116816+00:00","Profile Active (last_seen_at); Profile Updated; New Account Registered; Transaction/Deposit; transaction_status_changed; deposit_initiated; deposit_created; secure_deposit_initiated; Attempted Login (login_failed)","Registered User"
"Solomon Addai Boateng","0241476162","solomonaddaiboateng5@gmail.com","2026-09-20T18:30:01.116816+00:00","Profile Active (last_seen_at); Profile Updated; New Account Registered; Transaction/Deposit; transaction_status_changed; deposit_initiated; deposit_created","Registered User"
"Samuel Amenyo","0557198229","samuelamenyo787@gmail.com","2026-09-20T18:30:01.116816+00:00","Profile Active (last_seen_at); New Account Registered; Transaction/Deposit; transaction_status_changed; deposit_initiated; deposit_created","Registered User"
"WheezyEmpire","0538697572","wheezyempire@gmail.com","2026-09-20T18:30:01.116816+00:00","Profile Active (last_seen_at); New Account Registered; Transaction/Deposit; transaction_status_changed; deposit_initiated; deposit_created; login_success; LOGIN_SUCCESS; Attempted Login (login_success); Attempted Login (LOGIN_SUCCESS); Attempted Login (login_failed)","Registered User"
"Vivianenimil@gmail.com","0599458764","theresah@gmail.com","2026-09-20T18:30:01.116816+00:00","Transaction/Deposit; transaction_status_changed; deposit_initiated; deposit_created","Registered User"
"Agyei Samuel","0201928999","agyei11samuel@gmail.com","2026-09-20T18:30:01.116816+00:00","Transaction/Deposit; transaction_status_changed; deposit_initiated; deposit_created","Registered User"
"ᖇIᑕᕼᗰᗩᑎ🧃 𝓖𝓾𝔂 𝓖𝓾𝔂🏝","0530267247","jeffterbaffoe440@gmail.com","2026-09-20T18:30:01.116816+00:00","Transaction/Deposit; transaction_status_changed; deposit_initiated; deposit_created","Registered User"
"Samuel","0538929481","ybiney@gmail.com","2026-09-20T18:29:17.85+00:00","Profile Active (last_seen_at); Profile Updated; New Account Registered; Placed Order; Transaction/Deposit; login_success; LOGIN_SUCCESS; balance_changed; order_status_changed; transaction_created; order_placed; transaction_status_changed; secure_deposit_initiated; deposit_created; Attempted Login (login_success); Attempted Login (LOGIN_SUCCESS)","Registered User"
"Enoch Opare","0551267014","enochopare749@gmail.com","2026-09-20T18:28:43.679+00:00","login_success; Attempted Login (login_success)","Registered User"
"God sent","0556845335","godsentk419@gmail.com","2026-09-20T18:26:56.984+00:00","login_success; Attempted Login (login_success)","Registered User"
"Joshua Coffie","0233550150","joshuacoffie68@gmail.com","2026-09-20T18:26:20.103+00:00","Attempted Login (login_failed)","Registered User"
"Agbenyegah Gloria","0554992649","agbenyegahglotia3@gmail.com","2026-09-20T18:25:01.631477+00:00","Placed Order; Transaction/Deposit; order_status_changed; order_placed; balance_changed; transaction_created","Registered User"
"RKHOUSE","0550990965","rapkuremusik@gmail.com","2026-09-20T18:25:01.242491+00:00","Profile Updated; Placed Order; Transaction/Deposit; order_status_changed; order_placed; balance_changed; transaction_created; deposit_completed; transaction_status_changed; deposit_initiated; deposit_created","Registered User"
"Abena val","0265600370","judithvalentina@gmail.com","2026-09-20T18:25:01.241288+00:00","Placed Order; Transaction/Deposit; order_status_changed; order_placed; balance_changed; transaction_created","Registered User"
"Nketiah Emmanuel","0594884584","emmanuelnketiah508@gmail.com","2026-09-20T18:22:51.17366+00:00","Profile Active (last_seen_at); Profile Updated; New Account Registered","Registered User"
"Mr.ro","0505652190","evansnapor0@gmail.com","2026-09-20T18:20:01.345377+00:00","Placed Order; Transaction/Deposit; order_status_changed; order_placed; balance_changed; transaction_created; deposit_completed; transaction_status_changed; deposit_initiated; deposit_created; secure_deposit_initiated; login_success; Attempted Login (login_success)","Registered User"
"Millicent Yankey","0257084236","millicentyankey71@icloud.com","2026-09-20T18:20:01.345377+00:00","Placed Order; Transaction/Deposit; order_status_changed; order_placed; balance_changed; transaction_created","Registered User"
"Quami Reality","0548044926","quamireality9@gmail.com","2026-09-20T18:20:01.247899+00:00","Placed Order; Transaction/Deposit; order_status_changed; order_placed; balance_changed; transaction_created","Registered User"
"Emmanuel Boafo","0591120265","nuelstyled9@gmail.com","2026-09-20T18:19:52.017+00:00","login_success; LOGIN_SUCCESS; password_reset_success; Attempted Login (login_success); Attempted Login (LOGIN_SUCCESS); Attempted Login (password_reset_success)","Registered User"
"Fredrick 73","0548362417","botwefredrick73@gmail.com","2026-09-20T18:19:25.139663+00:00","Profile Active (last_seen_at); Profile Updated; New Account Registered; Transaction/Deposit; transaction_status_changed; login_success; deposit_initiated; deposit_created; Attempted Login (login_success); Attempted Login (login_failed)","Registered User"
"Gideon Andrey","0534568810","andreygideon6@gmail.com","2026-09-20T18:18:24.920531+00:00","Profile Active (last_seen_at); Profile Updated; New Account Registered","Registered User"
"ENOCH YAGLUU","0543712294","enochyagluu28@gmail.com","2026-09-20T18:15:01.216428+00:00","Placed Order; Transaction/Deposit; order_status_changed; order_placed; balance_changed; transaction_created","Registered User"
"Amoateng Benedict","0599911803","amoatengbenedict281@gmail.com","2026-09-20T18:15:01.198286+00:00","Placed Order; Transaction/Deposit; order_status_changed; order_placed; balance_changed; transaction_created; deposit_completed; transaction_status_changed; deposit_initiated; deposit_created","Registered User"
"Roland Oppong","0548463774","oppongroland74@icloud.com","2026-09-20T18:15:01.198286+00:00","Placed Order; Transaction/Deposit; order_status_changed; transaction_status_changed; order_placed; balance_changed; transaction_created; deposit_completed; deposit_initiated; deposit_created; secure_deposit_initiated","Registered User"
"Godfred Agyei","0556262065","godfredagyei544@gmail.com","2026-09-20T18:15:00.805417+00:00","Profile Updated; Placed Order; Transaction/Deposit; order_status_changed; transaction_status_changed; order_placed; balance_changed; transaction_created; deposit_completed; deposit_initiated; deposit_created","Registered User"
"(Attempted Login)","0595307868","","2026-09-20T18:14:55.31+00:00","Attempted Login (login_failed)","Attempted Login (Unregistered)"
"Augustajones","0550150042","augustajones270@gmail.com","2026-09-20T18:14:02.982+00:00","Profile Active (last_seen_at); Profile Updated; New Account Registered; login_success; Attempted Login (login_success); Attempted Login (login_failed)","Registered User"
"Ernest Dogbe","0552479873","dogbeernest45@gmail.com","2026-09-20T18:11:45.112313+00:00","Profile Updated; Placed Order; Transaction/Deposit; transaction_status_changed; order_status_changed; order_placed; balance_changed; transaction_created; deposit_completed; deposit_initiated; deposit_created","Registered User"
"(Attempted Login)","0279470603","","2026-09-20T18:10:20.515+00:00","Attempted Login (login_failed)","Attempted Login (Unregistered)"
"Emmanuel Adjei","0592454059","expogart25@gmail.com","2026-09-20T18:10:01.634006+00:00","Profile Active (last_seen_at); Profile Updated; Placed Order; Transaction/Deposit; order_status_changed; order_placed; balance_changed; transaction_created; transaction_status_changed; secure_deposit_initiated; deposit_created","Registered User"
"Esmond Asante","0596592534","asanteesmond662@icoud.com","2026-09-20T18:10:01.629459+00:00","Placed Order; Transaction/Deposit; order_status_changed; order_placed; balance_changed; transaction_created; login_success; LOGIN_SUCCESS; Attempted Login (login_success); Attempted Login (LOGIN_SUCCESS)","Registered User"
"Lawsonashitey","0205547200","ashiteylawson5@gmail.com","2026-09-20T18:09:31.525+00:00","login_success; Attempted Login (login_success); Attempted Login (login_failed); Attempted Login (LOGIN_FAILED); Attempted Login (login_failed)","Registered User"
"Debrah Agyekum","0548105360","codes2855@gmail.com","2026-09-20T18:08:21.239+00:00","login_success; Attempted Login (login_success)","Registered User"
"Mensah Clement","0246683079","mensahclementyj@gmail.com","2026-09-20T18:07:31.445979+00:00","Profile Active (last_seen_at); Profile Updated; New Account Registered; Attempted Login (login_failed)","Registered User"
"(Attempted Login)","0557341881","","2026-09-20T18:07:30.596+00:00","Attempted Login (login_failed)","Attempted Login (Unregistered)"
"sandrasaki759","","sandrasaki759@gmail.com","2026-09-20T18:07:20.64+00:00","Attempted Login (login_failed)","Attempted Login (Unregistered)"
"abutrice8","","abutrice8@gmail.com","2026-09-20T18:07:06.103+00:00","Attempted Login (login_failed)","Attempted Login (Unregistered)"
"(Attempted Login)","0592817015","","2026-09-20T18:07:01.109+00:00","Attempted Login (login_failed)","Attempted Login (Unregistered)"
"Mireku Isaac","0532942059","mirekuisaac140@email.com","2026-09-20T18:05:05.439532+00:00","Transaction/Deposit; balance_changed; order_status_changed; transaction_created","Registered User"
"Bruno payet","0538123015","brunopayet281@gmail.com","2026-09-20T18:05:01.606016+00:00","Profile Active (last_seen_at); Profile Updated; New Account Registered; Placed Order; Transaction/Deposit; order_status_changed; order_placed; balance_changed; transaction_created; deposit_completed; transaction_status_changed; deposit_initiated; deposit_created","Registered User"
"WTF_is_Casmin","0207625011","acheampongotabil@icloud.com","2026-09-20T18:05:01.229317+00:00","Profile Updated; Placed Order; Transaction/Deposit; balance_changed; order_status_changed; transaction_created; order_placed; transaction_status_changed; secure_deposit_initiated; deposit_created; login_success; Attempted Login (login_success)","Registered User"
"Rita Asaah-Osei","0554987552","asaahoseir@gmail.com","2026-09-20T18:04:11.976+00:00","Profile Updated; Placed Order; Transaction/Deposit; login_success; balance_changed; order_status_changed; transaction_created; order_placed; transaction_status_changed; secure_deposit_initiated; deposit_created; Attempted Login (login_success)","Registered User"
"Edmund Osei Yeboah","0538443605","oseiyeboahedmund@gmail.com","2026-09-20T18:04:03.595+00:00","LOGIN_SUCCESS; Attempted Login (LOGIN_SUCCESS)","Registered User"
"(Attempted Login)","0024588557","","2026-09-20T18:02:58.026+00:00","Attempted Login (login_failed)","Attempted Login (Unregistered)"
"Kobby","0532692466","tweneboakodua228@gmail.com","2026-09-20T18:02:07.905758+00:00","Profile Active (last_seen_at); Profile Updated; New Account Registered","Registered User"
"Fuseni Musa","0549923417","fusenimusa018@gmail.com","2026-09-20T18:00:43.923529+00:00","Profile Updated; Placed Order; Transaction/Deposit; order_status_changed; transaction_status_changed; order_placed; balance_changed; transaction_created; deposit_completed; deposit_initiated; deposit_created; secure_deposit_initiated","Registered User"
"David Alhassan","0249779636","alhassand846@gmail.com","2026-09-20T18:00:43.923529+00:00","Profile Updated; Placed Order; Transaction/Deposit; order_status_changed; transaction_status_changed; order_placed; balance_changed; transaction_created; secure_deposit_initiated; deposit_created","Registered User"
"Mcd","0771943645","youngzimscotts2030@gmail.com","2026-09-20T18:00:11.161896+00:00","Profile Active (last_seen_at); Profile Updated; New Account Registered","Registered User"
"Adjei Emmanuel","0568490469","donmillions92@gmail.com","2026-09-20T18:00:02.54811+00:00","Profile Active (last_seen_at); Profile Updated; Placed Order; Transaction/Deposit; transaction_status_changed; deposit_initiated; deposit_created; order_status_changed; order_placed; balance_changed; transaction_created; deposit_completed","Registered User"
"Akwesi Agyemang Emmanuel","0243739081","agyemangakwasi605@gmail.com","2026-09-20T18:00:02.54811+00:00","Profile Active (last_seen_at); Profile Updated; New Account Registered; Transaction/Deposit; transaction_status_changed; deposit_initiated; deposit_created","Registered User"
"Proso boi","0540778749","justiceowusu553@icloud.com","2026-09-20T18:00:02.54811+00:00","Placed Order; Transaction/Deposit; transaction_status_changed; order_status_changed; order_placed; balance_changed; transaction_created; deposit_completed; deposit_initiated; deposit_created; secure_deposit_initiated","Registered User"
"Rececca Eshun","0591561517","rehun489@gmail.com","2026-09-20T18:00:02.54811+00:00","Transaction/Deposit; transaction_status_changed; deposit_initiated; deposit_created; login_success; Attempted Login (login_success)","Registered User"
"Ansong Kelvin","0551803664","vanillabeatrice310@gmail.com","2026-09-20T18:00:01.935515+00:00","Placed Order; Transaction/Deposit; order_status_changed; order_placed; balance_changed; transaction_created","Registered User"
"Gifty","0206093698","giftyduamor17@gmail.com","2026-09-20T18:00:01.847375+00:00","Placed Order; Transaction/Deposit; order_status_changed; order_placed; balance_changed; transaction_created","Registered User"
"kojomandela64","","kojomandela64@gmail.com","2026-09-20T17:59:31.729+00:00","Attempted Login (login_failed)","Attempted Login (Unregistered)"
"Nana Kuami","0206468900","cb3750656@gmail.com","2026-09-20T17:59:07.448524+00:00","Profile Active (last_seen_at); Profile Updated; New Account Registered","Registered User"
"Andryica","0539842668","www.andryica75@icloud.com","2026-09-20T17:58:34.542+00:00","Profile Active (last_seen_at); Profile Updated; New Account Registered; LOGIN_SUCCESS; Attempted Login (login_failed); Attempted Login (LOGIN_FAILED); Attempted Login (LOGIN_SUCCESS)","Registered User"
"Kusi Fredrick","0553977446","kusifredrick469@gmail.com","2026-09-20T17:57:04.959+00:00","login_success; LOGIN_SUCCESS; password_reset_success; Attempted Login (login_success); Attempted Login (login_failed); Attempted Login (LOGIN_SUCCESS); Attempted Login (password_reset_success); Attempted Login (LOGIN_FAILED)","Registered User"
"James AWUAH","0533266017","awuahjames53@gmail.com","2026-09-20T17:55:01.110913+00:00","Profile Updated; Placed Order; Transaction/Deposit; order_status_changed; transaction_status_changed; order_placed; balance_changed; transaction_created; login_success; deposit_completed; deposit_initiated; deposit_created; secure_deposit_initiated; Attempted Login (login_success)","Registered User"
"(Attempted Login)","0599219011","","2026-09-20T17:54:13.079+00:00","Attempted Login (login_failed)","Attempted Login (Unregistered)"
"Shadrack kumi","0539503404","shadrackl658@gmail.com","2026-09-20T17:53:14.465+00:00","login_success; Attempted Login (login_success)","Registered User"
"Solomon Baako Ali","0533549150","nyarkoernest273@gmail.com","2026-09-20T17:50:01.42405+00:00","Profile Updated; Placed Order; Transaction/Deposit; order_status_changed; order_placed; balance_changed; transaction_created; transaction_status_changed; secure_deposit_initiated; deposit_created","Registered User"
"Suzzy","0257541843","toosweet2054@gmail.com","2026-09-20T17:50:01.086863+00:00","Profile Active (last_seen_at); Profile Updated; New Account Registered; Placed Order; Transaction/Deposit; order_status_changed; order_placed; balance_changed; transaction_created; transaction_status_changed; secure_deposit_initiated; deposit_created","Registered User"
"Andrew’s larbi","0546118615","alishahills867@gmail.com","2026-09-20T17:47:20.546+00:00","login_success; Attempted Login (login_success)","Registered User"
"Essilfie King David Blankson","0545255981","kingdavidblanksonessilfie@gmail.com","2026-09-20T17:45:55.577+00:00","login_success; Attempted Login (login_success); Attempted Login (login_failed)","Registered User"
"barrister","","barrister@gmail.com","2026-09-20T17:41:41.802+00:00","Attempted Login (login_failed)","Attempted Login (Unregistered)"
"Nana Poku","0541023795","nanapoku2026@iclould.com","2026-09-20T17:40:02.139+00:00","login_success; LOGIN_SUCCESS; password_reset_success; Attempted Login (login_success); Attempted Login (LOGIN_SUCCESS); Attempted Login (password_reset_success)","Registered User"
"Big vibz","0555388573","kojovibz180@gmail.com","2026-09-20T17:40:01.557361+00:00","order_status_changed","Registered User"
"Kelvin Boateng","0598182084","thinktwice830@gmail.com","2026-09-20T17:38:22.917063+00:00","Placed Order; Transaction/Deposit; balance_changed; order_status_changed; transaction_created; order_placed","Registered User"
"Awini Christopher","0535195801","christopher100k@icloud.com","2026-09-20T17:35:01.38656+00:00","Placed Order; Transaction/Deposit; order_status_changed; balance_changed; order_placed; transaction_created; deposit_completed; transaction_status_changed; deposit_initiated; deposit_created","Registered User"
"Trappers 4kt","0256743144","atangae920@gmail.com","2026-09-20T17:27:14.972611+00:00","Profile Active (last_seen_at); Profile Updated; New Account Registered; Transaction/Deposit; transaction_status_changed; deposit_initiated; deposit_created","Registered User"
"Samuel kornor","0256450086","samuelkornor29@gmail.com","2026-09-20T17:25:01.333685+00:00","Profile Updated; Placed Order; Transaction/Deposit; order_status_changed; balance_changed; transaction_created; order_placed; transaction_status_changed; secure_deposit_initiated; deposit_created; login_success; Attempted Login (login_success)","Registered User"
"Roger Aduah","0534319217","rogeraduah4@gmail.com","2026-09-20T17:25:01.229014+00:00","Placed Order; Transaction/Deposit; balance_changed; order_status_changed; transaction_created; order_placed; deposit_completed; transaction_status_changed; deposit_initiated; deposit_created","Registered User"
"George Ocran","0543067607","georgeocran567@gmail.com","2026-09-20T17:25:01.214387+00:00","Profile Active (last_seen_at); New Account Registered; Placed Order; Transaction/Deposit; order_status_changed; order_placed; balance_changed; transaction_created; transaction_status_changed; secure_deposit_initiated; deposit_created; login_success; LOGIN_SUCCESS; Attempted Login (login_success); Attempted Login (LOGIN_SUCCESS)","Registered User"
"Stephanie Yamoah","0247804654","stephanieyamoah84@gmail.com","2026-09-20T17:25:01.214387+00:00","Placed Order; Transaction/Deposit; order_status_changed; order_placed; balance_changed; transaction_created","Registered User"
"Kelvin Anim","0539939791","kelvinanim549@gmail.com","2026-09-20T17:25:01.214387+00:00","Placed Order; Transaction/Deposit; order_status_changed; order_placed; balance_changed; transaction_created","Registered User"
"Tetteh hillary","0536097504","tettehhillary3@gmail.com","2026-09-20T17:24:23.520416+00:00","Profile Updated; Placed Order; Transaction/Deposit; balance_changed; order_status_changed; transaction_created; order_placed; deposit_completed; transaction_status_changed; deposit_initiated; deposit_created","Registered User"
"Bernice Adams","0536015204","adamsjemila12345@gmail.com","2026-09-20T17:23:03.616+00:00","LOGIN_SUCCESS; Attempted Login (LOGIN_SUCCESS)","Registered User"
"NDY Rich Vibes","0530887784","nboaranadari@email.com","2026-09-20T17:20:43.722713+00:00","Placed Order; Transaction/Deposit; order_status_changed; order_placed; balance_changed; transaction_created","Registered User"
"Omah","0240592084","angelamills7812@gmail.com","2026-09-20T17:20:10.441+00:00","login_success; Attempted Login (login_success)","Registered User"
"Kick since Gh","0537272634","sandraadwubi393@gmail.com","2026-09-20T17:20:01.126608+00:00","Profile Active (last_seen_at); New Account Registered; Placed Order; Transaction/Deposit; order_status_changed; order_placed; balance_changed; transaction_created; transaction_status_changed; secure_deposit_initiated; deposit_created","Registered User"
"Gidisu Prince","0541858433","evilgodshow46@gmail.com","2026-09-20T17:20:00.835062+00:00","Profile Updated; Placed Order; Transaction/Deposit; order_status_changed; order_placed; balance_changed; transaction_created; transaction_status_changed; secure_deposit_initiated; deposit_created","Registered User"
"Dadzie Joseph","0535943063","dilligent45@gmail.com","2026-09-20T17:20:00.835062+00:00","Placed Order; Transaction/Deposit; order_status_changed; order_placed; balance_changed; transaction_created","Registered User"
"Dave","0257021771","fobidavis7@gmail.com","2026-09-20T17:20:00.835062+00:00","Placed Order; Transaction/Deposit; order_status_changed; order_placed; balance_changed; transaction_created; transaction_status_changed; deposit_completed; deposit_initiated; deposit_created; secure_deposit_initiated","Registered User"
"Bismarknyamekye","0559581676","bismarknyamekye909@icloud.com","2026-09-20T17:17:55.771+00:00","Placed Order; Transaction/Deposit; login_success; LOGIN_SUCCESS; order_status_changed; order_placed; balance_changed; transaction_created; Attempted Login (login_success); Attempted Login (LOGIN_SUCCESS)","Registered User"
"Wan Keywords","0550258444","margaretobo40@gmail.com","2026-09-20T17:17:28.286861+00:00","Profile Active (last_seen_at); Profile Updated; New Account Registered","Registered User"
"Ofosu Rebecca","0559923191","ofosurebecca05@gmail.com","2026-09-20T17:17:08.18+00:00","Attempted Login (login_failed); Attempted Login (LOGIN_FAILED)","Registered User"
"Kelvin","0539159849","kelvinoppong01@icloud.com","2026-09-20T17:15:43.728371+00:00","Placed Order; Transaction/Deposit; order_status_changed; order_placed; balance_changed; transaction_created","Registered User"
"Henry Martey","0554322654","henrymartey72@gmail.com","2026-09-20T17:15:04.072038+00:00","order_status_changed","Registered User"
"Beatrice Essel","0543741612","esselbeatrice78@gmail.com","2026-09-20T17:15:01.866045+00:00","Profile Active (last_seen_at); Profile Updated; New Account Registered; Placed Order; Transaction/Deposit; order_status_changed; order_placed; balance_changed; transaction_created; transaction_status_changed; secure_deposit_initiated; deposit_created","Registered User"
"Paul Frimpong","0597608536","paulyawfrimpong2@gmail.com","2026-09-20T17:15:01.866045+00:00","Profile Updated; Placed Order; Transaction/Deposit; order_status_changed; order_placed; balance_changed; transaction_created; transaction_status_changed; secure_deposit_initiated; deposit_created","Registered User"
"Emmanuel Kwarteng","0591508306","kwamekilit19@gmail.com","2026-09-20T17:15:01.866045+00:00","Placed Order; Transaction/Deposit; order_status_changed; order_placed; balance_changed; transaction_created","Registered User"
"Sheila korankye","0540166167","korankyez74@gmail.com","2026-09-20T17:15:01.866045+00:00","Placed Order; Transaction/Deposit; order_status_changed; order_placed; balance_changed; transaction_created","Registered User"
"Comfort Mensah","0545937199","adwoabigdreams@gmail.com","2026-09-20T17:15:01.673394+00:00","Placed Order; Transaction/Deposit; order_status_changed; order_placed; balance_changed; transaction_created; deposit_completed; transaction_status_changed; deposit_initiated; deposit_created","Registered User"
"Regina Osei","0268390901","reginaosei777@gmail.com","2026-09-20T17:15:01.673394+00:00","Placed Order; Transaction/Deposit; order_status_changed; login_success; password_reset_success; order_placed; balance_changed; transaction_created; Attempted Login (login_success); Attempted Login (login_failed); Attempted Login (password_reset_success)","Registered User"
"Makavilli","0201943057","calantwidanso@gmail.com","2026-09-20T17:14:23.287383+00:00","Profile Active (last_seen_at); Profile Updated; New Account Registered","Registered User"
"Caleb opoku","0537945029","calebopoku90@gmail.com","2026-09-20T17:12:13.564+00:00","Profile Active (last_seen_at); login_success; Attempted Login (login_success)","Registered User"
"Dorcas Gameli","0598238819","dorcasgameli1@gmail.com","2026-09-20T17:10:01.509798+00:00","order_status_changed","Registered User"
"Angela kyei","0504944369","angelaboadukyei@gmail.com","2026-09-20T17:10:01.178861+00:00","Profile Active (last_seen_at); Profile Updated; New Account Registered; Placed Order; Transaction/Deposit; order_status_changed; order_placed; balance_changed; transaction_created; transaction_status_changed; deposit_completed; deposit_initiated; deposit_created","Registered User"
"Ansu JNR","0598795260","ansujunior19@gmail.com","2026-09-20T17:10:01.178861+00:00","Placed Order; Transaction/Deposit; order_status_changed; order_placed; balance_changed; transaction_created; transaction_status_changed; secure_deposit_initiated; deposit_created","Registered User"
"Ali suleman","0539462327","albertocecilia00500@gmail.com","2026-09-20T17:10:01.178861+00:00","Placed Order; Transaction/Deposit; order_status_changed; balance_changed; order_placed; transaction_created; deposit_completed; transaction_status_changed; deposit_initiated; deposit_created","Registered User"
"Broken Bones","0559203858","dsturbkhid@gmail.com","2026-09-20T17:10:01.156241+00:00","Profile Updated; Placed Order; Transaction/Deposit; order_status_changed; order_placed; balance_changed; transaction_created; transaction_status_changed; secure_deposit_initiated; deposit_created; login_success; LOGIN_SUCCESS; Attempted Login (login_success); Attempted Login (LOGIN_SUCCESS)","Registered User"
"LAMPARD OSEI","0595176681","lampardosei069@gmail.com","2026-09-20T17:05:43.946515+00:00","Profile Updated; Placed Order; Transaction/Deposit; order_status_changed; order_placed; balance_changed; transaction_created; deposit_completed; transaction_status_changed; deposit_initiated; deposit_created","Registered User"
"Osei Poku Beatrice","0533809522","beatriceosei522@icloud.com","2026-09-20T17:05:43.946515+00:00","Profile Updated; Placed Order; Transaction/Deposit; order_status_changed; order_placed; balance_changed; transaction_created; transaction_status_changed; secure_deposit_initiated; deposit_created","Registered User"
"King Cero","0500062875","kingcero205@icloud.com","2026-09-20T17:05:00.939152+00:00","Profile Updated; Placed Order; Transaction/Deposit; order_status_changed; order_placed; balance_changed; transaction_created; login_success; deposit_completed; transaction_status_changed; deposit_initiated; deposit_created; Attempted Login (login_success)","Registered User"
"Andy","0557452117","marysewel40@gmail.com","2026-09-20T17:00:06.27814+00:00","Profile Active (last_seen_at); Profile Updated; New Account Registered; Transaction/Deposit; transaction_status_changed; deposit_initiated; deposit_created; secure_deposit_initiated; Attempted Login (login_failed)","Registered User"
"Kweku safety","0591918866","akotowisdom7@gmail.com","2026-09-20T17:00:02.474597+00:00","Placed Order; Transaction/Deposit; order_status_changed; balance_changed; order_placed; transaction_created; transaction_status_changed; secure_deposit_initiated; deposit_created","Registered User"
"Aaron Sackey","0204193567","aaronsackey999@gmail.com","2026-09-20T17:00:02.474597+00:00","Placed Order; Transaction/Deposit; order_status_changed; order_placed; balance_changed; transaction_created","Registered User"
"Hanz Belvina","0531579495","hanzbelvina@gmail.com","2026-09-20T16:58:19.739+00:00","Placed Order; Transaction/Deposit; deposit_completed; transaction_status_changed; balance_changed; deposit_initiated; deposit_created; order_status_changed; order_placed; transaction_created; login_success; Attempted Login (login_success)","Registered User"
"Boafo Emmanuella","0598109846","emmanuellaabena108@gmail.com","2026-09-20T16:57:04.538281+00:00","Profile Active (last_seen_at); Profile Updated; New Account Registered","Registered User"
"Issah Fatawu","0559695742","issahfatawu442@icloud.com","2026-09-20T16:55:46.12+00:00","login_success; Attempted Login (login_success)","Registered User"
"Epiphania","0555693881","amenuveveepiphania@gmail.com","2026-09-20T16:55:01.587476+00:00","order_status_changed","Registered User"
"Juliet Muonibe","0537105801","julietmuonibe2006@gmail.com","2026-09-20T16:55:01.21901+00:00","Profile Active (last_seen_at); New Account Registered; Placed Order; Transaction/Deposit; order_status_changed; order_placed; balance_changed; transaction_created; transaction_status_changed; secure_deposit_initiated; deposit_created; Attempted Login (login_failed)","Registered User"
"Eli mensah","0551691704","elimensah442@icloud.com","2026-09-20T16:55:00.87985+00:00","Placed Order; Transaction/Deposit; order_status_changed; order_placed; balance_changed; transaction_created; transaction_status_changed; secure_deposit_initiated; deposit_created; deposit_initiated","Registered User"
"Perry Hyde","0502736726","jeffereyhyde@gmail.com","2026-09-20T16:50:43.741903+00:00","Profile Updated; Placed Order; Transaction/Deposit; order_status_changed; order_placed; balance_changed; transaction_created; deposit_completed; transaction_status_changed; deposit_initiated; deposit_created","Registered User"
"Shadrack okyere","0534369189","promiseokyere95@gmail.com","2026-09-20T16:50:01.219831+00:00","Placed Order; Transaction/Deposit; order_status_changed; order_placed; balance_changed; transaction_created","Registered User"
"Ghost","0530758313","mariamsmith3038@gmail.com","2026-09-20T16:50:01.108881+00:00","Profile Active (last_seen_at); New Account Registered; Placed Order; Transaction/Deposit; order_status_changed; transaction_created; order_placed; balance_changed; login_success; transaction_status_changed; secure_deposit_initiated; deposit_created; Attempted Login (login_success)","Registered User"
"Queen Nuchi","0500316728","nuchiqueen362@icloud.com","2026-09-20T16:45:44.275185+00:00","Placed Order; Transaction/Deposit; order_status_changed; order_placed; balance_changed; transaction_created; transaction_status_changed; secure_deposit_initiated; deposit_created","Registered User"
"Emmanuel Essiful","0553325605","emmanuelessiful094@gmail.com","2026-09-20T16:45:16.082+00:00","Profile Active (last_seen_at); Profile Updated; New Account Registered; login_success; Attempted Login (login_success)","Registered User"
"Angela Oliver","0537686600","angelaoliver@gmail.com","2026-09-20T16:45:01.614602+00:00","Profile Updated; Placed Order; Transaction/Deposit; balance_changed; order_status_changed; transaction_created; order_placed; deposit_completed; transaction_status_changed; deposit_initiated; deposit_created; login_success; LOGIN_SUCCESS; Attempted Login (login_success); Attempted Login (LOGIN_SUCCESS)","Registered User"
"Christabel Sowu abraim","0538659219","christabelsowu@gmail.com","2026-09-20T16:45:01.434019+00:00","Placed Order; Transaction/Deposit; order_status_changed; login_success; order_placed; balance_changed; transaction_created; deposit_completed; transaction_status_changed; deposit_initiated; deposit_created; Attempted Login (login_success)","Registered User"
"Sherham Fiadjoe","0552768878","baddestmohbad@gmail.com","2026-09-20T16:45:01.434019+00:00","Placed Order; Transaction/Deposit; order_status_changed; order_placed; balance_changed; transaction_created; deposit_completed; transaction_status_changed; deposit_initiated; deposit_created","Registered User"
"Jeffery mensah","0557451382","lilpretty217@gmail.com","2026-09-20T16:45:01.411815+00:00","Profile Updated; Placed Order; Transaction/Deposit; balance_changed; order_status_changed; transaction_created; order_placed; deposit_completed; transaction_status_changed; deposit_initiated; deposit_created; Attempted Login (ADMIN_BALANCE_OVERRIDE)","Registered User"
"O b j","0209512932","yonugmoney81@gmail.com","2026-09-20T16:45:01.101682+00:00","Placed Order; Transaction/Deposit; order_status_changed; order_placed; balance_changed; transaction_created","Registered User"
"Albet","0257359312","carlosopoku01@gmail.com","2026-09-20T16:42:20.094+00:00","login_success; Attempted Login (login_success); Attempted Login (login_failed)","Registered User"
"Nana Khadijah Saeed","0538616468","saeednanakhadijah0@gmail.com","2026-09-20T16:41:43.807+00:00","login_success; Attempted Login (login_success)","Registered User"
"Toffic","0535694821","toffickabubakar2009@icloud.com","2026-09-20T16:40:01.591652+00:00","Profile Active (last_seen_at); Profile Updated; New Account Registered; Placed Order; Transaction/Deposit; order_status_changed; order_placed; balance_changed; transaction_created; deposit_completed; transaction_status_changed; deposit_initiated; deposit_created","Registered User"
"Arafat masahudu","0501845331","salamatumasahudu7@gmail.com","2026-09-20T16:40:01.591652+00:00","Profile Updated; Placed Order; Transaction/Deposit; order_status_changed; order_placed; balance_changed; transaction_created; transaction_status_changed; secure_deposit_initiated; deposit_created; login_success; Attempted Login (login_success)","Registered User"
"RICHARD Nketia","0546753792","nketiarichard597@gmail.com","2026-09-20T16:40:01.591652+00:00","Profile Updated; Placed Order; Transaction/Deposit; order_status_changed; order_placed; balance_changed; transaction_created; deposit_completed; transaction_status_changed; deposit_initiated; deposit_created; LOGIN_SUCCESS; login_success; password_reset_success; Attempted Login (LOGIN_SUCCESS); Attempted Login (password_reset_success); Attempted Login (login_success)","Registered User"
"Emmanuel Abankwa","0544957276","manuelabankwa527@gmail.com","2026-09-20T16:40:01.591652+00:00","Profile Updated; Placed Order; Transaction/Deposit; order_status_changed; order_placed; balance_changed; transaction_created; deposit_completed; transaction_status_changed; deposit_initiated; deposit_created","Registered User"
"Celebrity crush","0206089492","felixacheampong@gmail.com","2026-09-20T16:40:01.591652+00:00","Placed Order; Transaction/Deposit; order_status_changed; order_placed; balance_changed; transaction_created","Registered User"
"Jerry Dorpe","0534310777","dorpejerry2@gmail.com","2026-09-20T16:40:01.497232+00:00","Transaction/Deposit; balance_changed; order_status_changed; transaction_created","Registered User"
"Mr.Jay","0535027481","terristcarta7@gmail.com","2026-09-20T16:40:01.494862+00:00","Profile Updated; Placed Order; Transaction/Deposit; order_status_changed; order_placed; balance_changed; transaction_created; transaction_status_changed; secure_deposit_initiated; deposit_created","Registered User"
"Serwaa","0243661524","serwaatweneboah15@icloud.com","2026-09-20T16:40:01.211217+00:00","Placed Order; Transaction/Deposit; order_status_changed; order_placed; balance_changed; transaction_created; transaction_status_changed; secure_deposit_initiated; deposit_created; login_success; Attempted Login (login_success)","Registered User"
"Degraft Kwame Asumah","8506598844","asumahdegraft340@gmail.com","2026-09-20T16:39:03.626897+00:00","Profile Active (last_seen_at); Profile Updated; New Account Registered","Registered User"
"DEKU KOFI","0553771054","rdeku8428@gmail.com","2026-09-20T16:38:52.456896+00:00","Profile Active (last_seen_at); Profile Updated; New Account Registered","Registered User"
"Boateng Gideon","0593359645","gideonkwakuboateng@gmail.com","2026-09-20T16:38:45.952214+00:00","Profile Active (last_seen_at); New Account Registered","Registered User"
"warewaabernice5","","warewaabernice5@gmail.com","2026-09-20T16:38:13.933+00:00","Attempted Login (login_failed)","Attempted Login (Unregistered)"
"ernestotengagyemang9","","ernestotengagyemang9@gmail.com","2026-09-20T16:36:49.717+00:00","Attempted Login (login_failed)","Attempted Login (Unregistered)"
"Afia Konadu Ampomah","0554455382","konaduafia604@gmail.com","2026-09-20T16:35:44.008868+00:00","Placed Order; Transaction/Deposit; order_status_changed; order_placed; balance_changed; transaction_created; transaction_status_changed; secure_deposit_initiated; deposit_created","Registered User"
"Martha Osei Afriyie","0544109493","martha66771@gmail.com","2026-09-20T16:35:00.893454+00:00","Profile Active (last_seen_at); New Account Registered; Placed Order; Transaction/Deposit; order_status_changed; transaction_status_changed; order_placed; balance_changed; transaction_created; deposit_completed; deposit_initiated; deposit_created; secure_deposit_initiated; Attempted Login (login_failed)","Registered User"
"Clement osei  Dwamena","0200619737","madambecky11@gmail.com","2026-09-20T16:35:00.679959+00:00","Placed Order; Transaction/Deposit; order_status_changed; order_placed; balance_changed; transaction_created; deposit_completed; transaction_status_changed; deposit_initiated; deposit_created","Registered User"
"YB Savage","0544486000","ybsavage67@gmail.com","2026-09-20T16:30:43.589826+00:00","Placed Order; Transaction/Deposit; order_status_changed; order_placed; balance_changed; transaction_created; transaction_status_changed; secure_deposit_initiated; deposit_created","Registered User"
"Godbless Addai","0543708531","godblessaddai@gmail.com","2026-09-20T16:30:01.639028+00:00","Placed Order; Transaction/Deposit; order_status_changed; order_placed; balance_changed; transaction_created; login_success; Attempted Login (login_success)","Registered User"
"(Attempted Login)","0541428752","","2026-09-20T16:29:39.707+00:00","Attempted Login (login_failed)","Attempted Login (Unregistered)"
"Yeboah Sampson","0592743608","vidae@gmail.com","2026-09-20T16:27:10.473+00:00","LOGIN_SUCCESS; Attempted Login (LOGIN_SUCCESS)","Registered User"
"amidus141","","amidus141@gmail.com","2026-09-20T16:26:14.737+00:00","Attempted Login (login_failed)","Attempted Login (Unregistered)"
"(Attempted Login)","0506893512","","2026-09-20T16:25:08.171+00:00","Attempted Login (login_failed)","Attempted Login (Unregistered)"
"Heinrich Abban","0257666566","abbanheinrich124@email.com","2026-09-20T16:25:01.409977+00:00","Profile Active (last_seen_at); New Account Registered; Placed Order; Transaction/Deposit; order_status_changed; balance_changed; order_placed; transaction_created; deposit_completed; transaction_status_changed; deposit_initiated; deposit_created","Registered User"
"Frimpong Rose","0594460042","frimpongrose920@gmail.com","2026-09-20T16:25:01.409977+00:00","Profile Updated; Placed Order; Transaction/Deposit; order_status_changed; order_placed; balance_changed; transaction_created; deposit_completed; transaction_status_changed; deposit_initiated; deposit_created","Registered User"
"Maxwell Konadu","0538541464","konadumaxwell942@gmail.com","2026-09-20T16:25:01.409977+00:00","Placed Order; Transaction/Deposit; order_status_changed; login_success; order_placed; balance_changed; transaction_created; Attempted Login (login_success)","Registered User"
"amidubaba987","","amidubaba987@gmail.com","2026-09-20T16:24:52.966+00:00","Attempted Login (HIGH_VELOCITY_LOGIN_FAILURES); Attempted Login (login_failed)","Attempted Login (Unregistered)"
"Emmanuel Kobby Turkson","0500215984","kobbyemmanuel452@gmail.com","2026-09-20T16:24:04.956933+00:00","Profile Active (last_seen_at); Profile Updated; New Account Registered","Registered User"
"Edem Christopher","0249962573","stellaagyeman3@gmail.com","2026-09-20T16:20:43.834545+00:00","Placed Order; Transaction/Deposit; balance_changed; order_status_changed; transaction_created; transaction_status_changed; order_placed; deposit_completed; deposit_initiated; deposit_created; login_success; Attempted Login (login_success)","Registered User"
"Prince Selorm","0500876380","pkportufe8@gmail.com","2026-09-20T16:19:09.488+00:00","Profile Active (last_seen_at)","Registered User"
"esianyosenavor","","esianyosenavor@gmail.com","2026-09-20T16:17:47.694+00:00","Attempted Login (login_failed)","Attempted Login (Unregistered)"
"(Attempted Login)","0530063689","","2026-09-20T16:17:18.911+00:00","Attempted Login (login_failed)","Attempted Login (Unregistered)"
"Mr parry","0533056415","parrymr290@gmail.com","2026-09-20T16:16:35.993278+00:00","Profile Active (last_seen_at); Profile Updated; New Account Registered; Attempted Login (login_failed)","Registered User"
"HUMBLE LYON","2330593310","bulletkt168@gmail.com","2026-09-20T16:16:06.048429+00:00","Profile Active (last_seen_at); Profile Updated; New Account Registered","Registered User"
"Naomi Nyantakyiwaa","0597663277","naominyantakyiwaa88@icloud.com","2026-09-20T16:15:43.735148+00:00","Placed Order; Transaction/Deposit; order_status_changed; balance_changed; order_placed; transaction_created; deposit_completed; transaction_status_changed; deposit_initiated; deposit_created","Registered User"
"Trap Kwasi mafia","0553176106","ayiemmanuel322@gmail.com","2026-09-20T16:15:01.505511+00:00","Profile Active (last_seen_at); Profile Updated; New Account Registered; Placed Order; Transaction/Deposit; balance_changed; order_status_changed; transaction_created; login_success; order_placed; deposit_completed; transaction_status_changed; deposit_initiated; deposit_created; Attempted Login (login_success)","Registered User"
"Derrick Appiah","0553605546","appiahderrick451@gmail.com","2026-09-20T16:15:01.490415+00:00","Placed Order; Transaction/Deposit; order_status_changed; order_placed; balance_changed; transaction_created; transaction_status_changed; secure_deposit_initiated; deposit_created","Registered User"
"fuseinidaudaisrael@gmail.","0248238593","fuseinidaudaisrael@gmail.com","2026-09-20T16:11:15.375178+00:00","Profile Active (last_seen_at); Profile Updated; New Account Registered","Registered User"
"Afriyiebella","0240727820","owusuafriyievivian29@iclud.com","2026-09-20T16:10:43.529461+00:00","Profile Updated; Placed Order; Transaction/Deposit; order_status_changed; order_placed; balance_changed; transaction_created; transaction_status_changed; secure_deposit_initiated; deposit_created; login_success; Attempted Login (login_success)","Registered User"
"Chris Nyarko","0536828280","chrisnyarko193@gmail.com","2026-09-20T16:10:01.935191+00:00","Profile Updated; Placed Order; Transaction/Deposit; order_status_changed; order_placed; balance_changed; transaction_created; transaction_status_changed; secure_deposit_initiated; deposit_created","Registered User"
"Emm","0509607774","mommustchop@gmail.com","2026-09-20T16:05:01.985933+00:00","Profile Updated; Placed Order; Transaction/Deposit; order_status_changed; order_placed; balance_changed; transaction_created; deposit_completed; transaction_status_changed; deposit_initiated; deposit_created","Registered User"
"Elisha Kesse","0246986091","paulelisha3019@gmail.com","2026-09-20T16:05:01.678366+00:00","Placed Order; Transaction/Deposit; order_status_changed; order_placed; balance_changed; transaction_created","Registered User"
"Cashes world","0208651246","addoprince.22@icloud.com","2026-09-20T16:02:51.872+00:00","login_success; Attempted Login (login_success)","Registered User"
"Sam kelvin","0502091964","kelvinsam12345678@gmail.com","2026-09-20T16:00:03.297691+00:00","Profile Active (last_seen_at); New Account Registered; Transaction/Deposit; transaction_status_changed; login_success; deposit_initiated; deposit_created; secure_deposit_initiated; Attempted Login (login_success)","Registered User"
"David Korda","0207125326","kordadavid86@gmail.com","2026-09-20T16:00:03.297691+00:00","Transaction/Deposit; transaction_status_changed; deposit_initiated; deposit_created; secure_deposit_initiated; login_success; Attempted Login (login_success)","Registered User"
"PaulCudjoe","2335356139","paulcudjoe810@gmail.com","2026-09-20T16:00:03.106761+00:00","Placed Order; Transaction/Deposit; order_status_changed; order_placed; balance_changed; transaction_created","Registered User"
"Wise💕Man","0544416805","nicholastetteh370@gmail.com","2026-09-20T16:00:03.106761+00:00","Placed Order; Transaction/Deposit; order_status_changed; order_placed; balance_changed; transaction_created; deposit_completed; transaction_status_changed; deposit_initiated; deposit_created","Registered User"
"Patricia hillwart","0538327468","patriciahillwart@gmail.com","2026-09-20T16:00:02.337762+00:00","Placed Order; Transaction/Deposit; order_status_changed; balance_changed; transaction_created; order_placed; login_success; Attempted Login (login_success)","Registered User"
"Grace Azu Tawiah","0599954928","graceazu01@gmail.com","2026-09-20T16:00:02.210957+00:00","Placed Order; Transaction/Deposit; order_status_changed; balance_changed; transaction_created; order_placed; login_success; Attempted Login (login_success)","Registered User"
"sandralarry1180","","sandralarry1180@gmail.com","2026-09-20T15:58:45.094+00:00","Attempted Login (login_failed)","Attempted Login (Unregistered)"
"otfkwame","","otfkwame@gmail.com","2026-09-20T15:58:14.882+00:00","Attempted Login (login_failed)","Attempted Login (Unregistered)"
"saeedabdulhamd@gmail.com","0530261031","saeedabdulhamd@gmail.com","2026-09-20T15:58:11.451+00:00","login_success; LOGIN_SUCCESS; Attempted Login (login_success); Attempted Login (LOGIN_SUCCESS)","Registered User"
"~Highest~Trapper🫶💕","0506115813","tappreg@gmail.com","2026-09-20T15:55:01.79409+00:00","order_status_changed","Registered User"
"Issah Adizatu","0535289825","adizatuissah29@gmail.com","2026-09-20T15:55:01.79409+00:00","order_status_changed","Registered User"
"Felix Mensah","0554867297","felixobengmensah90@gmail.com","2026-09-20T15:53:09.891322+00:00","Profile Active (last_seen_at); Profile Updated; New Account Registered","Registered User"
"Terron Blaxx","0504971244","bernardmakafui123@gmail.com","2026-09-20T15:52:30.47731+00:00","Profile Active (last_seen_at); Profile Updated; New Account Registered","Registered User"
"Faster god","0550995682","stunnerkhalifa00@gmail.com","2026-09-20T15:51:36.198+00:00","login_success; Attempted Login (login_success)","Registered User"
"Dramani Sumaila","0598310727","sumailadembele556@gmail.com","2026-09-20T15:50:01.628895+00:00","Profile Active (last_seen_at); Profile Updated; New Account Registered; Placed Order; Transaction/Deposit; order_status_changed; order_placed; balance_changed; transaction_created; transaction_status_changed; secure_deposit_initiated; deposit_created","Registered User"
"Toppest Kid🙈✌️✅","0249756972","holyboy8824@email.com","2026-09-20T15:50:01.560941+00:00","Placed Order; Transaction/Deposit; order_status_changed; order_placed; balance_changed; transaction_created; deposit_completed; transaction_status_changed; deposit_initiated; deposit_created","Registered User"
"Nyatuame peace","0257585424","peacenyatuamepeace@gmail.com","2026-09-20T15:48:45.213442+00:00","Profile Active (last_seen_at); Profile Updated; New Account Registered; Transaction/Deposit; transaction_status_changed; balance_changed; secure_deposit_initiated; deposit_created","Registered User"
"boakyewisdom978","","boakyewisdom978@gmail.com","2026-09-20T15:47:31.227+00:00","Attempted Login (login_failed)","Attempted Login (Unregistered)"
"wiziiboakye","","wiziiboakye@gmail.com","2026-09-20T15:46:08.424+00:00","Attempted Login (login_failed)","Attempted Login (Unregistered)"
"gladysfrimpong507","","gladysfrimpong507@gmail.com","2026-09-20T15:45:10.98+00:00","Attempted Login (login_failed)","Attempted Login (Unregistered)"
"Mohammed Issah 🏋️","0556176700","evakati100k@gmail.com","2026-09-20T15:44:10.365731+00:00","Profile Active (last_seen_at); Profile Updated; New Account Registered; Attempted Login (login_failed)","Registered User"
"theresa","","theresa@gmail.com","2026-09-20T15:44:02.57+00:00","Attempted Login (login_failed)","Attempted Login (Unregistered)"
"Umaru Mohammed","0597803821","umarumohammed984@gmail.com","2026-09-20T15:43:40.655001+00:00","Profile Active (last_seen_at); Profile Updated; New Account Registered","Registered User"
"ntiriwat","","ntiriwat@gmail.com","2026-09-20T15:43:27.618+00:00","Attempted Login (login_failed)","Attempted Login (Unregistered)"
"Awuah","0558857443","awuahvincent650@gmail.com","2026-09-20T15:37:30.084081+00:00","Profile Active (last_seen_at); Profile Updated; New Account Registered; Attempted Login (login_failed)","Registered User"
"PABLO S-KOBA JUNIOR","0242287556","gyasiemmanuel518@gmail.com","2026-09-20T15:37:19.75663+00:00","Profile Active (last_seen_at); Profile Updated; New Account Registered","Registered User"
"Junior Kimmich","0534020960","piesiekwameappiah10@gmail.com","2026-09-20T15:35:43.847613+00:00","Profile Updated; Placed Order; Transaction/Deposit; order_status_changed; order_placed; balance_changed; transaction_created; transaction_status_changed; secure_deposit_initiated; deposit_created","Registered User"
"Ramziya Anyass","0599231629","hajiaadepa4@gmail.com","2026-09-20T15:35:18.194676+00:00","Profile Active (last_seen_at); Profile Updated; New Account Registered","Registered User"
"Akata Tod","0256545945","agyeiamankwahchris@gmail.com","2026-09-20T15:35:01.413817+00:00","Placed Order; Transaction/Deposit; order_status_changed; order_placed; balance_changed; transaction_created; login_success; Attempted Login (login_success)","Registered User"
"Samuel Ankomah","0535617870","samuelankomah549@gmail.com","2026-09-20T15:30:53.726+00:00","login_success; Attempted Login (login_success); Attempted Login (login_failed)","Registered User"
"Anne Dziekpor","0559490930","annedziekpor0@gmail.com","2026-09-20T15:30:04.545703+00:00","Profile Active (last_seen_at); Profile Updated; New Account Registered; Transaction/Deposit; transaction_status_changed; secure_deposit_initiated; deposit_created; Attempted Login (login_failed)","Registered User"
"Panford","0534235887","kelvinpanford0012@icloud.com","2026-09-20T15:30:04.545703+00:00","Placed Order; Transaction/Deposit; transaction_status_changed; order_status_changed; transaction_created; balance_changed; order_placed; secure_deposit_initiated; deposit_created","Registered User"
"DUAH GRACE","0242179628","graceduah951@gmail.com","2026-09-20T15:30:04.545703+00:00","Transaction/Deposit; transaction_status_changed; deposit_initiated; deposit_created; login_success; LOGIN_SUCCESS; Attempted Login (login_success); Attempted Login (LOGIN_SUCCESS)","Registered User"
"TOPSHELLER","0533201509","etornamgadasu31@gmail.com","2026-09-20T15:30:01.735045+00:00","Placed Order; Transaction/Deposit; order_status_changed; order_placed; balance_changed; transaction_created","Registered User"
"Nelson Baiden","0506766679","nelsonking.756@gmail.com","2026-09-20T15:30:01.651169+00:00","Profile Updated; Placed Order; Transaction/Deposit; order_status_changed; order_placed; balance_changed; transaction_created; deposit_completed; transaction_status_changed; deposit_initiated; deposit_created","Registered User"
"Skyface","0534000286","skyfacegh565@gmail.com","2026-09-20T15:25:43.784477+00:00","Placed Order; Transaction/Deposit; order_status_changed; order_placed; balance_changed; transaction_created","Registered User"
"Yaa Serwaa","0572265675","yaaserwaah5675@gmail.com","2026-09-20T15:25:00.773806+00:00","Profile Updated; Placed Order; Transaction/Deposit; order_status_changed; order_placed; balance_changed; transaction_created; transaction_status_changed; secure_deposit_initiated; deposit_created; deposit_initiated","Registered User"
"Azure Cyrus Azobila","0209921627","azobilacyrusazure@gmail.com","2026-09-20T15:25:00.773806+00:00","Profile Updated; Placed Order; Transaction/Deposit; order_status_changed; order_placed; balance_changed; transaction_created; transaction_status_changed; secure_deposit_initiated; deposit_created; LOGIN_SUCCESS; login_success; Attempted Login (LOGIN_SUCCESS); Attempted Login (login_success)","Registered User"
"kennedynapor","","kennedynapor@98gmail.com","2026-09-20T15:24:02.357+00:00","Attempted Login (login_failed)","Attempted Login (Unregistered)"
"Alexander Brobbey","0257370999","brobbeyalexander237@gmail.com","2026-09-20T15:23:30.395+00:00","login_success; Attempted Login (login_success)","Registered User"
"Khalifa","0508773845","addolarry570@gmail.com","2026-09-20T15:21:11.569+00:00","login_success; Attempted Login (login_success)","Registered User"
"Stephen Oppong","0559984709","stephenoppong951@gmail.com","2026-09-20T15:20:52.246+00:00","login_success; Attempted Login (login_success)","Registered User"
"HIGHEST PAUL🙂‍↔️🤍🥷","0532996633","paulagyei617@gmail.com","2026-09-20T15:20:43.794603+00:00","Placed Order; Transaction/Deposit; order_status_changed; order_placed; balance_changed; transaction_created","Registered User"
"Jefferson Tetteh","0548351036","tettehjefferson0@gmail.com","2026-09-20T15:20:43.707387+00:00","Profile Active (last_seen_at); New Account Registered; Placed Order; Transaction/Deposit; order_status_changed; order_placed; balance_changed; transaction_created; login_success; LOGIN_SUCCESS; transaction_status_changed; secure_deposit_initiated; deposit_created; Attempted Login (login_success); Attempted Login (LOGIN_SUCCESS)","Registered User"
"Kezia Korkor","0209517395","kezianyarko50@icloud.com","2026-09-20T15:20:01.015646+00:00","Profile Updated; Placed Order; Transaction/Deposit; order_status_changed; order_placed; balance_changed; transaction_created; transaction_status_changed; secure_deposit_initiated; deposit_created","Registered User"
"Eric Asante","0545564166","ericasanteae8163481@gmail.com","2026-09-20T15:20:00.993694+00:00","Placed Order; Transaction/Deposit; order_status_changed; order_placed; balance_changed; transaction_created","Registered User"
"Isaac","0502542308","jesselong90j@gmail.com","2026-09-20T15:20:00.993694+00:00","Placed Order; Transaction/Deposit; order_status_changed; order_placed; balance_changed; transaction_created","Registered User"
"mariamsmith3038","","mariamsmith3038@gamil.com","2026-09-20T15:18:49.847+00:00","Attempted Login (login_failed)","Attempted Login (Unregistered)"
"eshunf348","","eshunf348@gmail.com","2026-09-20T15:17:12.936+00:00","Attempted Login (login_failed)","Attempted Login (Unregistered)"
"Twum Micheal","0241218659","twummichael588@gmail.com","2026-09-20T15:16:11.855+00:00","Profile Active (last_seen_at); Profile Updated; New Account Registered; login_success; Attempted Login (login_success)","Registered User"
"Alphonse","0555101713","gidialphonse599@gmail.com","2026-09-20T15:15:43.768627+00:00","Placed Order; Transaction/Deposit; order_status_changed; order_placed; balance_changed; transaction_created","Registered User"
"Gal lyk ama","0535085152","christabelofori335@gmail.com","2026-09-20T15:15:22.609622+00:00","Profile Active (last_seen_at); Profile Updated; New Account Registered","Registered User"
"Augustina Quansah","0539377878","augustinaquansah456@gmail.com","2026-09-20T15:15:01.305159+00:00","Placed Order; Transaction/Deposit; order_status_changed; order_placed; balance_changed; transaction_created","Registered User"
"Joel appiah","0501702867","joelappiah00@icloud.com","2026-09-20T15:15:01.305159+00:00","Placed Order; Transaction/Deposit; order_status_changed; order_placed; balance_changed; transaction_created","Registered User"
"Mohammed seidu","0249971696","muhammed696@gmail.com","2026-09-20T15:08:38.893223+00:00","Profile Active (last_seen_at); Profile Updated; New Account Registered; Attempted Login (login_failed)","Registered User"
"Andy Joseph","0599724383","asubonteng@email.com","2026-09-20T15:07:30.016+00:00","LOGIN_SUCCESS; Attempted Login (LOGIN_SUCCESS)","Registered User"
"Owusu Theodora","0248467783","owusutheodorah94@gmail.com","2026-09-20T15:05:02.634437+00:00","order_status_changed","Registered User"
"Gabriel Wenyonu","0248328356","gamebwoy35@gmail.com","2026-09-20T15:05:02.634437+00:00","order_status_changed","Registered User"
"Beto wan","0547774632","hdwobeng@gmail.com","2026-09-20T15:03:37.517+00:00","login_success; Attempted Login (login_success)","Registered User"
"Jennifer","0204090328","annakyerewaa6@gmail.com","2026-09-20T15:00:24.864+00:00","login_success; Attempted Login (login_success)","Registered User"
"April.D Wilson","0557346897","johnseyram737@gmail.com","2026-09-20T15:00:04.085812+00:00","order_status_changed","Registered User"
"Precious bediakoh","0593075915","rayleighxavier6@gmail.com","2026-09-20T15:00:03.934063+00:00","Profile Active (last_seen_at); Profile Updated; New Account Registered; Transaction/Deposit; transaction_status_changed; secure_deposit_initiated; deposit_created","Registered User"
"Godfred","0598984471","godfredtweneboah86@gmail.com","2026-09-20T15:00:03.934063+00:00","Transaction/Deposit; transaction_status_changed; secure_deposit_initiated; deposit_created; login_success; Attempted Login (login_success)","Registered User"
"Mary","0599023331","maryakwetey55@gmail.com","2026-09-20T15:00:03.934063+00:00","Transaction/Deposit; transaction_status_changed; secure_deposit_initiated; deposit_created; login_success; LOGIN_SUCCESS; password_reset_success; Attempted Login (login_success); Attempted Login (login_failed); Attempted Login (LOGIN_SUCCESS); Attempted Login (password_reset_success); Attempted Login (LOGIN_FAILED)","Registered User"
"Jnr lakers","0535368797","raykidblue@gmail.com","2026-09-20T15:00:03.829471+00:00","order_status_changed","Registered User"
"Rich Caano","0598286967","richcaano15@gmail.com","2026-09-20T15:00:03.431676+00:00","Profile Active (last_seen_at); New Account Registered; Placed Order; Transaction/Deposit; order_status_changed; order_placed; balance_changed; transaction_created; transaction_status_changed; secure_deposit_initiated; deposit_created; Attempted Login (login_failed)","Registered User"
"Henry Mensah","0558104147","henrymensah0245@gmail.com","2026-09-20T15:00:03.431676+00:00","Placed Order; Transaction/Deposit; order_status_changed; order_placed; balance_changed; transaction_created","Registered User"
"Akosua","0257593240","akosuadark@icloud.com","2026-09-20T14:59:38.478+00:00","Profile Active (last_seen_at); Profile Updated; New Account Registered; Attempted Login (login_failed)","Registered User"
"Michael","0202623265","jessentsuglo5@gmail.com","2026-09-20T14:57:30.634942+00:00","Profile Active (last_seen_at); New Account Registered; Transaction/Deposit; transaction_status_changed; secure_deposit_initiated; deposit_created","Registered User"
"Nhaa Adoley","0553518841","nhaaadoley11@icloud.com","2026-09-20T14:50:32.037+00:00","Attempted Login (login_failed); Attempted Login (LOGIN_FAILED)","Registered User"
"Keziah","0533887166","budukeziah0@gmail.com","2026-09-20T14:50:01.689337+00:00","order_status_changed","Registered User"
"Deborah Obakunkor","0597292051","kofijankro@gmail.com","2026-09-20T14:50:01.040462+00:00","Placed Order; Transaction/Deposit; order_status_changed; order_placed; balance_changed; transaction_created; login_success; Attempted Login (login_success)","Registered User"
"(Attempted Login)","0024217628","","2026-09-20T14:49:18.899+00:00","Attempted Login (login_failed)","Attempted Login (Unregistered)"
"Maxwell","0538179558","maxwellsodzedo57@gmail.com","2026-09-20T14:47:34.502729+00:00","Profile Active (last_seen_at); Profile Updated; New Account Registered; Attempted Login (login_failed)","Registered User"
"Andriana lynn","0256683034","andrianalynn42@gmail.com","2026-09-20T14:42:55.687981+00:00","Profile Active (last_seen_at); Profile Updated; New Account Registered","Registered User"
"Baba Hagi","0591740200","babahagi11@gmail.com","2026-09-20T14:40:43.537122+00:00","Profile Updated; Placed Order; Transaction/Deposit; order_status_changed; balance_changed; transaction_created; order_placed; transaction_status_changed; secure_deposit_initiated; deposit_created","Registered User"
"Bella Essien","0557896669","abenabella2007@icloud.com","2026-09-20T14:40:02.273425+00:00","Profile Active (last_seen_at); order_status_changed","Registered User"
"Sadicksco Jnr","0556016110","jnrsadicksco650@gmail.com","2026-09-20T14:40:02.096023+00:00","order_status_changed","Registered User"
"Edmond Kwadwo Asare","0242783790","edmondasare723@gmail.com","2026-09-20T14:40:01.545032+00:00","Profile Updated; Placed Order; Transaction/Deposit; balance_changed; order_status_changed; transaction_created; order_placed; login_success; LOGIN_SUCCESS; deposit_completed; transaction_status_changed; deposit_initiated; deposit_created; Attempted Login (login_success); Attempted Login (LOGIN_SUCCESS)","Registered User"
"Ahmed Sadat","0538691888","sadat250@icloud.com","2026-09-20T14:40:01.503829+00:00","Profile Active (last_seen_at); Profile Updated; Placed Order; Transaction/Deposit; balance_changed; order_status_changed; transaction_created; order_placed; deposit_completed; transaction_status_changed; deposit_initiated; deposit_created","Registered User"
"Pamela Konadu","0531261742","pamelakonadu04@gmail.com","2026-09-20T14:40:01.484121+00:00","Placed Order; Transaction/Deposit; balance_changed; order_status_changed; transaction_created; order_placed","Registered User"
"Agamah Selorm","0549815706","selormagamah706@gmail.com","2026-09-20T14:40:01.483614+00:00","Transaction/Deposit; balance_changed; order_status_changed; transaction_created","Registered User"
"Dayvon","0508959278","mrvon999@icloud.com","2026-09-20T14:40:01.476288+00:00","Transaction/Deposit; balance_changed; order_status_changed; transaction_created","Registered User"
"Sampson Dogbe","0504036206","profitreal68@gmail.com","2026-09-20T14:40:01.475402+00:00","Placed Order; Transaction/Deposit; order_status_changed; order_placed; balance_changed; transaction_created; login_success; Attempted Login (login_success)","Registered User"
"Patience Larbi","0553444309","mafiaadepa111@gmail.com","2026-09-20T14:40:01.451475+00:00","Transaction/Deposit; balance_changed; order_status_changed; transaction_created","Registered User"
"Lazurus Mensah","0248930141","lazurusmensah6@gmail.com","2026-09-20T14:40:01.369597+00:00","Placed Order; Transaction/Deposit; balance_changed; order_status_changed; transaction_created; order_placed","Registered User"
"Jason Nartey","0553564641","narteyjason41@gmail.com","2026-09-20T14:40:01.365859+00:00","Transaction/Deposit; balance_changed; order_status_changed; transaction_created","Registered User"
"Big Mole","0208933765","bigmole122@gmail.com","2026-09-20T14:40:01.360903+00:00","Transaction/Deposit; balance_changed; order_status_changed; transaction_created","Registered User"
"Monney Mcwilliams","0538095290","monneymcwilliams80@gmail.com","2026-09-20T14:40:01.359217+00:00","Profile Active (last_seen_at); Profile Updated; Placed Order; Transaction/Deposit; balance_changed; order_status_changed; transaction_created; order_placed; deposit_completed; transaction_status_changed; deposit_initiated; deposit_created","Registered User"
"khontrollerofori","","khontrollerofori@gmail.com","2026-09-20T14:39:57.656+00:00","Attempted Login (login_failed)","Attempted Login (Unregistered)"
"Sticky pinky","0506408770","yd4214666@gmail.com","2026-09-20T14:35:02.518359+00:00","order_status_changed","Registered User"
"Prince didon","0530710327","princeokley@icloud.com","2026-09-20T14:35:01.532397+00:00","Placed Order; Transaction/Deposit; balance_changed; order_status_changed; transaction_created; order_placed","Registered User"
"I AM MANUEL 😇","0530434747","ddoncapocheno@gmail.com","2026-09-20T14:35:01.512686+00:00","Profile Active (last_seen_at); Profile Updated; Placed Order; Transaction/Deposit; order_status_changed; order_placed; balance_changed; transaction_created; transaction_status_changed; secure_deposit_initiated; deposit_created","Registered User"
"Pamella","0546825350","abrahampamella@email.com","2026-09-20T14:35:01.512686+00:00","Profile Active (last_seen_at); Profile Updated; New Account Registered; Placed Order; Transaction/Deposit; order_status_changed; order_placed; balance_changed; transaction_created; transaction_status_changed; secure_deposit_initiated; deposit_created; Attempted Login (login_failed)","Registered User"
"BELLAQUA","0505976806","broghtacquaht@email.com","2026-09-20T14:35:01.512686+00:00","Profile Updated; Placed Order; Transaction/Deposit; order_status_changed; order_placed; balance_changed; transaction_created; transaction_status_changed; secure_deposit_initiated; deposit_created","Registered User"
"Cynthia Dugbatey","0539030792","cynthiamaamle2@gmail.com","2026-09-20T14:30:43.660457+00:00","Profile Updated; Placed Order; Transaction/Deposit; order_status_changed; order_placed; balance_changed; transaction_created; transaction_status_changed; secure_deposit_initiated; deposit_created","Registered User"
"Enock Wadie","0548732497","enockwadie7@gmail.com","2026-09-20T14:30:01.458907+00:00","Profile Updated; Placed Order; Transaction/Deposit; order_status_changed; order_placed; balance_changed; transaction_created; transaction_status_changed; secure_deposit_initiated; deposit_created","Registered User"
"kessitheresa","0200727762","kessitheresah@gmail.com","2026-09-20T14:29:29.211+00:00","Attempted Login (login_failed)","Registered User"
"Tunchi","0592892121","juniorfrank4444@gmail.com","2026-09-20T14:29:15.697664+00:00","Profile Active (last_seen_at); Profile Updated; New Account Registered; Attempted Login (login_failed)","Registered User"
"Esther Abrefah","0551711121","valerierchapmanchapman@gmail.com","2026-09-20T14:25:00.973089+00:00","Profile Active (last_seen_at); New Account Registered; Placed Order; Transaction/Deposit; order_status_changed; order_placed; balance_changed; transaction_created; deposit_completed; transaction_status_changed; deposit_initiated; deposit_created","Registered User"
"Innocentia cobbinah","0550543182","kingruud6@gmail.com","2026-09-20T14:25:00.794148+00:00","Profile Updated; Placed Order; Transaction/Deposit; balance_changed; order_status_changed; transaction_created; order_placed; transaction_status_changed; secure_deposit_initiated; deposit_created","Registered User"
"Dorcas","0592905860","arkuahgazelle@gmail.com","2026-09-20T14:25:00.781998+00:00","Profile Active (last_seen_at); Placed Order; Transaction/Deposit; order_status_changed; order_placed; balance_changed; transaction_created; login_success; Attempted Login (login_success); Attempted Login (login_failed)","Registered User"
"(Attempted Login)","0509659210","","2026-09-20T14:23:02.044+00:00","Attempted Login (login_failed)","Attempted Login (Unregistered)"
"Ruth Eshun","0533315650","ruthybeautycare@gmail.com","2026-09-20T14:20:44.217653+00:00","Profile Updated; Placed Order; Transaction/Deposit; order_status_changed; order_placed; balance_changed; transaction_created; transaction_status_changed; secure_deposit_initiated; deposit_created","Registered User"
"Lucky Moore","0531503140","edwardamissah243@gmail.com","2026-09-20T14:20:02.131234+00:00","Profile Active (last_seen_at); Profile Updated; Placed Order; Transaction/Deposit; order_status_changed; order_placed; balance_changed; transaction_created; login_success; transaction_status_changed; secure_deposit_initiated; deposit_created; Attempted Login (login_success)","Registered User"
"Leoskyler","0500592994","leoskyler37@gmail.com","2026-09-20T14:18:56.815846+00:00","Profile Active (last_seen_at); Profile Updated; New Account Registered","Registered User"
"Khobby Infer","0201050226","kobbyinfer112@gmail.com","2026-09-20T14:15:40.353+00:00","login_success; LOGIN_SUCCESS; password_reset_success; Attempted Login (login_success); Attempted Login (LOGIN_SUCCESS); Attempted Login (password_reset_success)","Registered User"
"Victor Kellie","0537496109","caponemmc@gmail.com","2026-09-20T14:15:02.035959+00:00","Placed Order; Transaction/Deposit; order_status_changed; balance_changed; transaction_created; order_placed; login_success; Attempted Login (login_success); Attempted Login (login_failed)","Registered User"
"Mills Boateng","0534664371","meekmill4570@gmail.com","2026-09-20T14:13:33.259407+00:00","Profile Active (last_seen_at); Profile Updated; New Account Registered; Transaction/Deposit; transaction_status_changed; balance_changed; secure_deposit_initiated; deposit_created; Attempted Login (login_failed)","Registered User"
"AMPAABENG KYEREMEH GODFRE","0547784238","ampaabengk45@gmail.com","2026-09-20T14:13:07.624629+00:00","Profile Active (last_seen_at); Profile Updated; New Account Registered","Registered User"
"Nana Ani Owusu Adjei","0591462621","nana.owusuadjei@icloud.com","2026-09-20T14:11:40.992+00:00","login_success; Attempted Login (login_success)","Registered User"
"Alfred Armah","0559103684","alfredarmah676@gmail.com","2026-09-20T14:10:01.902031+00:00","order_status_changed","Registered User"
"Kelvin","0509302116","km4122381@gmail.com","2026-09-20T14:10:01.584496+00:00","Profile Active (last_seen_at); Profile Updated; New Account Registered; Placed Order; Transaction/Deposit; order_status_changed; order_placed; balance_changed; transaction_created; transaction_status_changed; secure_deposit_initiated; deposit_created; Attempted Login (login_failed)","Registered User"
"Twumalvin","0557805963","martintwum16@gmail.com","2026-09-20T14:10:01.510336+00:00","Profile Updated; Placed Order; Transaction/Deposit; order_status_changed; order_placed; balance_changed; transaction_created; transaction_status_changed; secure_deposit_initiated; deposit_created","Registered User"
"Jonathan","0552673698","amonzemjonathan222@gmail.com","2026-09-20T14:10:01.510336+00:00","Placed Order; Transaction/Deposit; order_status_changed; order_placed; balance_changed; transaction_created; transaction_status_changed; secure_deposit_initiated; deposit_created","Registered User"
"Biggest God","0500683512","agyapongella123@gmail.com","2026-09-20T14:08:07.696+00:00","Profile Active (last_seen_at); Profile Updated; New Account Registered; Placed Order; Transaction/Deposit; order_status_changed; order_placed; balance_changed; transaction_created; transaction_status_changed; secure_deposit_initiated; deposit_created","Registered User"
"Amponsah kwabena","0533068635","amponsahkwabena572@gmail.com","2026-09-20T14:05:00.716813+00:00","Profile Active (last_seen_at); Profile Updated; New Account Registered; Placed Order; Transaction/Deposit; order_status_changed; order_placed; balance_changed; transaction_created; login_success; transaction_status_changed; deposit_completed; deposit_initiated; deposit_created; secure_deposit_initiated; Attempted Login (login_success)","Registered User"
"Lydia Yaa","0557276484","pokuaaafua1@gmail.com","2026-09-20T14:05:00.716662+00:00","Placed Order; Transaction/Deposit; order_status_changed; order_placed; balance_changed; transaction_created","Registered User"
"EBENEZER","0599370101","yeben989@gmail.com","2026-09-20T14:05:00.716813+00:00","Placed Order; Transaction/Deposit; order_status_changed; order_placed; balance_changed; transaction_created","Registered User"
"Godfred gawu","0551685782","godfredgawu14@gmail.com","2026-09-20T14:03:40.595811+00:00","Profile Active (last_seen_at); New Account Registered","Registered User"
"Imma","0536987457","rgmayami@gmail.com","2026-09-20T14:01:56.887025+00:00","Profile Active (last_seen_at); Profile Updated; New Account Registered","Registered User"
"Dhosted Monnies","0240482723","dhosted19@gmail.com","2026-09-20T14:00:43.960962+00:00","Profile Active (last_seen_at); New Account Registered; Placed Order; Transaction/Deposit; order_status_changed; order_placed; balance_changed; transaction_created; transaction_status_changed; deposit_completed; deposit_initiated; deposit_created","Registered User"
"(Attempted Login)","0507807598","","2026-09-20T14:00:35.41+00:00","Attempted Login (login_failed)","Attempted Login (Unregistered)"
"Blessing Edet","0913169146","rinaroleosis@gmail.com","2026-09-20T14:00:05.557605+00:00","Profile Active (last_seen_at); Profile Updated; New Account Registered; Transaction/Deposit; transaction_status_changed; secure_deposit_initiated; deposit_created","Registered User"
"Bagr prosper","0598317450","bagrprosper7@gmail.com","2026-09-20T14:00:05.557605+00:00","Profile Active (last_seen_at); Profile Updated; New Account Registered; Transaction/Deposit; transaction_status_changed; secure_deposit_initiated; deposit_created","Registered User"
"Good Boy","0536917177","juliusapoka@gmail.com","2026-09-20T14:00:05.557605+00:00","Transaction/Deposit; transaction_status_changed; secure_deposit_initiated; deposit_created","Registered User"
"Richgang","0593721130","os873764@gmail.com","2026-09-20T14:00:02.153135+00:00","Profile Active (last_seen_at); Profile Updated; New Account Registered; Placed Order; Transaction/Deposit; order_status_changed; transaction_status_changed; order_placed; balance_changed; transaction_created; deposit_completed; deposit_initiated; deposit_created","Registered User"
"Akwaboah Gibson","0555885899","maameeunice207@gmail.com","2026-09-20T14:00:02.153135+00:00","Profile Updated; Placed Order; Transaction/Deposit; order_status_changed; order_placed; balance_changed; transaction_created; deposit_completed; transaction_status_changed; deposit_initiated; deposit_created","Registered User"
"Angela Naa bby","0537663565","naaangela3@gmail.com","2026-09-20T14:00:02.153135+00:00","Placed Order; Transaction/Deposit; order_status_changed; transaction_status_changed; order_placed; balance_changed; transaction_created; secure_deposit_initiated; deposit_created; login_success; Attempted Login (login_success)","Registered User"
"Naa Mira","0532626467","mariamalidu29@gmail.com","2026-09-20T14:00:01.997114+00:00","Profile Updated; Placed Order; Transaction/Deposit; order_status_changed; order_placed; balance_changed; transaction_created; transaction_status_changed; secure_deposit_initiated; deposit_created; login_success; Attempted Login (login_success)","Registered User"
"Mr churches","0592024475","khephrenkagawa@icloud.com","2026-09-20T13:59:22.036+00:00","Placed Order; Transaction/Deposit; login_success; order_status_changed; order_placed; balance_changed; transaction_created; Attempted Login (login_success)","Registered User"
"Mavis Aboagye","0532822472","mavisaboagye5090@gmail.com","2026-09-20T13:56:14.41+00:00","Profile Active (last_seen_at); Profile Updated; New Account Registered; login_success; LOGIN_SUCCESS; Attempted Login (login_success); Attempted Login (LOGIN_SUCCESS)","Registered User"
"Regina Opoku","0247822789","reginaopoku5678@icloud.com","2026-09-20T13:55:01.38638+00:00","Profile Active (last_seen_at); Profile Updated; New Account Registered; Placed Order; Transaction/Deposit; order_status_changed; order_placed; balance_changed; transaction_created; deposit_completed; transaction_status_changed; deposit_initiated; deposit_created; login_success; Attempted Login (login_success)","Registered User"
"Abdul Hakeem Amoh","0503502251","abh54598@gmail.com","2026-09-20T13:53:50.287225+00:00","Profile Active (last_seen_at); Profile Updated; New Account Registered; Attempted Login (login_failed)","Registered User"
"Owusu Joshua","0505316950","collinsbonsufrimpong@gmail.com","2026-09-20T13:50:54.145388+00:00","Profile Active (last_seen_at); Profile Updated; New Account Registered","Registered User"
"Albert owusu","0202176005","albertowusu445@gmail.com","2026-09-20T13:50:01.171064+00:00","Profile Updated; Placed Order; Transaction/Deposit; order_status_changed; order_placed; balance_changed; transaction_created; deposit_completed; transaction_status_changed; deposit_initiated; deposit_created","Registered User"
"Magdalene","0202185690","mandyakua49@gmail.com","2026-09-20T13:47:21.954+00:00","login_success; Attempted Login (login_success)","Registered User"
"Kumah Evans","0599305797","kumahkeely@gmail.com","2026-09-20T13:45:01.233473+00:00","Profile Updated; Placed Order; Transaction/Deposit; order_status_changed; order_placed; balance_changed; transaction_created; deposit_completed; transaction_status_changed; deposit_initiated; deposit_created","Registered User"
"Peter Yeboah","0245978642","yeboahpeter8181@gmail.com","2026-09-20T13:44:10.478113+00:00","Profile Active (last_seen_at); Profile Updated; New Account Registered","Registered User"
"Herbert Nsiah","0256712440","herbertnsiah170@gmial.com","2026-09-20T13:40:01.219871+00:00","Profile Active (last_seen_at); Profile Updated; New Account Registered; Placed Order; Transaction/Deposit; order_status_changed; order_placed; balance_changed; transaction_created; transaction_status_changed; secure_deposit_initiated; deposit_created","Registered User"
"edwardegah1","","edwardegah1@gmail.com","2026-09-20T13:39:36.558+00:00","Attempted Login (login_failed)","Attempted Login (Unregistered)"
"Sandra","0532056867","sandyrich168@gmail.com","2026-09-20T13:36:13.345+00:00","login_success; password_reset_success; Attempted Login (login_success); Attempted Login (login_failed); Attempted Login (password_reset_success)","Registered User"
"Emmanuella Tay","0539955070","emmanuellatay@icloud.com","2026-09-20T13:35:01.738138+00:00","Placed Order; Transaction/Deposit; order_status_changed; order_placed; balance_changed; transaction_created; deposit_completed; transaction_status_changed; deposit_initiated; deposit_created","Registered User"
"Lil jerry","0502715875","jd1271520@gmail.com","2026-09-20T13:30:44.196142+00:00","Placed Order; Transaction/Deposit; order_status_changed; order_placed; balance_changed; transaction_created; transaction_status_changed; secure_deposit_initiated; deposit_created","Registered User"
"Abbey Hannah","0257471156","elizabathabbey@gmail.com","2026-09-20T13:30:44.196142+00:00","Placed Order; Transaction/Deposit; order_status_changed; order_placed; balance_changed; transaction_created","Registered User"
"affulyaw","0257443123","affulyaw49@gmail.com","2026-09-20T13:30:02.41638+00:00","Profile Active (last_seen_at); Profile Updated; New Account Registered; Transaction/Deposit; transaction_status_changed; deposit_initiated; deposit_created","Registered User"
"Appiah","2335531898","appiahfrancis1az123com@gmail.com","2026-09-20T13:30:02.41638+00:00","Transaction/Deposit; transaction_status_changed; secure_deposit_initiated; deposit_created","Registered User"
"Pearl Akans Nchor","0535739163","akansnchorpearl@gmail.com","2026-09-20T13:30:02.41638+00:00","Transaction/Deposit; transaction_status_changed; secure_deposit_initiated; deposit_created; login_success; LOGIN_SUCCESS; password_reset_success; Attempted Login (login_success); Attempted Login (LOGIN_SUCCESS); Attempted Login (password_reset_success)","Registered User"
"Osmanabdulah","0544849271","osmanaabdullah1945@gmail.com","2026-09-20T13:30:02.41638+00:00","Transaction/Deposit; transaction_status_changed; secure_deposit_initiated; deposit_created","Registered User"
"AbleGod","0204865629","kelvindomson96@gmail.com","2026-09-20T13:30:02.1486+00:00","Profile Active (last_seen_at); Profile Updated; New Account Registered; Placed Order; Transaction/Deposit; order_status_changed; order_placed; balance_changed; transaction_created; transaction_status_changed; secure_deposit_initiated; deposit_created","Registered User"
"(Attempted Login)","0506595180","","2026-09-20T13:29:20.966+00:00","Attempted Login (login_failed)","Attempted Login (Unregistered)"
"Marvin moore","0596779582","lil900swaga@icloud.com","2026-09-20T13:25:01.551221+00:00","Placed Order; Transaction/Deposit; balance_changed; order_status_changed; transaction_created; order_placed; deposit_completed; transaction_status_changed; deposit_initiated; deposit_created","Registered User"
"Celestial","0593645423","amoc2861@gmail.com","2026-09-20T13:25:01.199929+00:00","Placed Order; Transaction/Deposit; order_status_changed; order_placed; balance_changed; transaction_created; deposit_completed; transaction_status_changed; deposit_initiated; deposit_created; login_success; Attempted Login (login_success)","Registered User"
"FREDRICK ADJASAH","0200698216","kellybillions1@icloud.com","2026-09-20T13:20:12.399+00:00","Profile Active (last_seen_at); Profile Updated; New Account Registered; LOGIN_SUCCESS; Attempted Login (LOGIN_SUCCESS)","Registered User"
"Akwasi Prince","0241713626","akwasip97@gmail.com","2026-09-20T13:18:56.099004+00:00","Profile Active (last_seen_at); Profile Updated; New Account Registered","Registered User"
"Albert Quaye","0598376668","albertquaye2003@gmail.com","2026-09-20T13:17:11.996+00:00","Profile Updated; Transaction/Deposit; deposit_completed; transaction_status_changed; balance_changed; deposit_initiated; deposit_created","Registered User"
"(Attempted Login)","0201838783","","2026-09-20T13:16:09.964+00:00","Attempted Login (login_failed)","Attempted Login (Unregistered)"
"Ephyia Marshall","0551854754","nw652bn26k@privaterelay.appleid.com","2026-09-20T13:15:01.841829+00:00","Placed Order; Transaction/Deposit; order_status_changed; order_placed; balance_changed; transaction_created; transaction_status_changed; secure_deposit_initiated; deposit_created","Registered User"
"Gideon Asare","0553952627","gideonasare299@gmail.com","2026-09-20T13:11:20.932143+00:00","Profile Active (last_seen_at); Profile Updated; New Account Registered","Registered User"
"Nelly💕✌🏼 Shugar🔒❤️","0500366912","ankrahdavid528@gmail.com","2026-09-20T13:11:09.276+00:00","Attempted Login (login_failed); Attempted Login (LOGIN_FAILED)","Registered User"
"Kelvin Amankwah","0546513108","kelvin123456amankwah419@gmail.com","2026-09-20T13:09:15.743537+00:00","Profile Active (last_seen_at); Profile Updated; New Account Registered","Registered User"
"𝓜𝓻 𝓲𝓚𝓪𝔂","0545754393","alhajimamoud895@gmail.com","2026-09-20T13:05:43.83846+00:00","Placed Order; Transaction/Deposit; order_status_changed; order_placed; balance_changed; transaction_created; login_success; Attempted Login (login_success)","Registered User"
"Obiri Spencer","0532639212","obirispencer81@gmail.com","2026-09-20T13:05:01.082094+00:00","Profile Updated; Placed Order; Transaction/Deposit; order_status_changed; order_placed; balance_changed; transaction_created; transaction_status_changed; secure_deposit_initiated; deposit_created; login_success; LOGIN_SUCCESS; Attempted Login (login_success); Attempted Login (LOGIN_SUCCESS)","Registered User"
"Sarah","0598905506","nanaakua34590@gmail.com","2026-09-20T13:05:01.082094+00:00","Placed Order; Transaction/Deposit; order_status_changed; order_placed; balance_changed; transaction_created; login_success; Attempted Login (login_success)","Registered User"
"Kobby Scanty","0538573022","g819480@gmail.com","2026-09-20T13:05:00.796945+00:00","Profile Updated; Placed Order; Transaction/Deposit; order_status_changed; order_placed; balance_changed; transaction_created; deposit_completed; transaction_status_changed; deposit_initiated; deposit_created; login_success; LOGIN_SUCCESS; password_reset_success; Attempted Login (login_success); Attempted Login (LOGIN_SUCCESS); Attempted Login (password_reset_success)","Registered User"
"Belinda","0595273252","ansahbel2008@gmail.com","2026-09-20T13:05:00.711792+00:00","Profile Updated; Placed Order; Transaction/Deposit; balance_changed; order_status_changed; transaction_created; order_placed; deposit_completed; transaction_status_changed; deposit_initiated; deposit_created; login_success; Attempted Login (login_success); Attempted Login (login_failed)","Registered User"
"Adams Seidu","0537004600","adamsseidu350@icloud.com","2026-09-20T13:05:00.699987+00:00","Placed Order; Transaction/Deposit; order_status_changed; order_placed; balance_changed; transaction_created; login_success; Attempted Login (login_success)","Registered User"
"Man_lyk_Fearless","0538444993","rubenofori76@icloud.com","2026-09-20T13:03:10.791+00:00","Placed Order; Transaction/Deposit; login_success; order_status_changed; order_placed; balance_changed; transaction_created; Attempted Login (login_success)","Registered User"
"Pamella Abraham","0551380179","abrahampamella@gmail.com","2026-09-20T13:02:03.24+00:00","password_reset_success; Attempted Login (password_reset_success); Attempted Login (login_failed)","Registered User"
"Murphykins","0500277491","marfoowusu44@gmail.com","2026-09-20T13:00:03.113062+00:00","Profile Updated; Placed Order; Transaction/Deposit; order_status_changed; order_placed; balance_changed; transaction_created; deposit_completed; transaction_status_changed; deposit_initiated; deposit_created","Registered User"
"Kingsley","0596362790","boaking736@gmail.com","2026-09-20T13:00:02.681178+00:00","Placed Order; Transaction/Deposit; order_status_changed; order_placed; balance_changed; transaction_created; transaction_status_changed; secure_deposit_initiated; deposit_created; login_success; LOGIN_SUCCESS; Attempted Login (login_success); Attempted Login (LOGIN_SUCCESS)","Registered User"
"choppa916","","choppa916@icloud.com","2026-09-20T12:59:42.29+00:00","Attempted Login (login_failed)","Attempted Login (Unregistered)"
"Favour onyin","8058228676","anozief30@gmail.com","2026-09-20T12:56:09.914004+00:00","Profile Active (last_seen_at); Profile Updated; New Account Registered","Registered User"
"RHAS KHARDY","0537087729","rhaskhardy@gmail.com","2026-09-20T12:55:43.512393+00:00","Placed Order; Transaction/Deposit; order_status_changed; order_placed; balance_changed; transaction_created; transaction_status_changed; secure_deposit_initiated; deposit_created; login_success; LOGIN_SUCCESS; Attempted Login (login_success); Attempted Login (LOGIN_SUCCESS)","Registered User"
"shadrack adjei","0538698889","shadrackadjei876@gmail.com","2026-09-20T12:52:22.747504+00:00","Profile Active (last_seen_at); Profile Updated; New Account Registered","Registered User"
"Smart Golden","0508828324","omaligolden2@gmail.com","2026-09-20T12:52:01.507+00:00","Profile Active (last_seen_at)","Registered User"
"Michael","0534712240","kodzoedmond1@gmail.com","2026-09-20T12:50:02.121105+00:00","order_status_changed","Registered User"
"Karine","0551762910","mustaphaabdullatif999@gmail.com","2026-09-20T12:50:01.42395+00:00","Placed Order; Transaction/Deposit; order_status_changed; order_placed; balance_changed; transaction_created; login_success; Attempted Login (login_success)","Registered User"
"Dhel Ruben","0554524453","owusufrequency@gmail.com","2026-09-20T12:50:01.42395+00:00","Placed Order; Transaction/Deposit; order_status_changed; order_placed; balance_changed; transaction_created; transaction_status_changed; secure_deposit_initiated; deposit_created","Registered User"
"Brobbey Seth","0535549006","brobbeyseth45@gmail.com","2026-09-20T12:47:46.314713+00:00","Profile Active (last_seen_at); Profile Updated; New Account Registered","Registered User"
"Boatemaa vester","0558509630","awuahboatemaa73@gmail.com","2026-09-20T12:45:43.800237+00:00","Placed Order; Transaction/Deposit; order_status_changed; balance_changed; order_placed; transaction_created; transaction_status_changed; secure_deposit_initiated; deposit_created","Registered User"
"Laminu ibrahim","0545151476","laminuibrahim967@gmail.com","2026-09-20T12:43:21.186101+00:00","Profile Active (last_seen_at); Profile Updated; New Account Registered","Registered User"
"Ibrahimgideon","0538845849","prospergideon233@email.com","2026-09-20T12:42:21.682869+00:00","Profile Active (last_seen_at); Profile Updated; New Account Registered; Attempted Login (login_failed); Attempted Login (HIGH_VELOCITY_LOGIN_FAILURES)","Registered User"
"Rahman ganiyu","0241163748","lawsonlinda2345@gmail.com","2026-09-20T12:40:01.490529+00:00","Profile Updated; Placed Order; Transaction/Deposit; order_status_changed; order_placed; balance_changed; transaction_created; transaction_status_changed; secure_deposit_initiated; deposit_created; login_success; LOGIN_SUCCESS; Attempted Login (login_success); Attempted Login (LOGIN_SUCCESS)","Registered User"
"Young Dollar","0547188062","mariaheinz603@gmail.com","2026-09-20T12:40:01.490529+00:00","Placed Order; Transaction/Deposit; order_status_changed; order_placed; balance_changed; transaction_created","Registered User"
"George Adjei","0593058110","georgeadjei2026@icloud.com","2026-09-20T12:40:01.473596+00:00","Placed Order; Transaction/Deposit; order_status_changed; order_placed; balance_changed; transaction_created","Registered User"
"Efhiah","0256698793","baiden1045@gmail.com","2026-09-20T12:40:01.463394+00:00","Placed Order; Transaction/Deposit; balance_changed; order_status_changed; transaction_created; order_placed","Registered User"
"Douglas","0202126535","activexsecret@gmail.com","2026-09-20T12:36:04.089325+00:00","Profile Active (last_seen_at); Profile Updated; New Account Registered","Registered User"
"Odorba Christopher","0544922081","odorbasterling11@gmail.com","2026-09-20T12:35:57.728322+00:00","Profile Active (last_seen_at); Profile Updated; New Account Registered; Attempted Login (login_failed)","Registered User"
"Darkwah Janet","0257141988","janetdarkwah14@gmail.com","2026-09-20T12:35:02.037536+00:00","order_status_changed","Registered User"
"Richmond Awuah","0209797354","awuahrichmond92@gmail.com","2026-09-20T12:35:02.037536+00:00","order_status_changed","Registered User"
"Ellis Dayvon","0535495831","richmondabrokwah07@icloud.com","2026-09-20T12:35:01.230567+00:00","Placed Order; Transaction/Deposit; order_status_changed; order_placed; balance_changed; transaction_created","Registered User"
"gideonibrahim2244","","gideonibrahim2244@icloud.com","2026-09-20T12:33:04.315+00:00","Attempted Login (login_failed)","Attempted Login (Unregistered)"
"MR SSavage","0537639511","mrreckless124@gmail.com","2026-09-20T12:31:57.365171+00:00","Profile Active (last_seen_at); Profile Updated; New Account Registered; Attempted Login (login_failed)","Registered User"
"Lordina Oforiwaa","0532823901","lordinaoforiwa@gmail.com","2026-09-20T12:31:01.939+00:00","LOGIN_SUCCESS; Attempted Login (LOGIN_SUCCESS)","Registered User"
"Edekere Dennison","9063459764","dennisonedekere@gmail.com","2026-09-20T12:30:02.577559+00:00","Profile Active (last_seen_at); Profile Updated; New Account Registered; Transaction/Deposit; transaction_status_changed; deposit_initiated; deposit_created","Registered User"
"Asumadu heartwill","0240956353","heartwill7711@icloud.com","2026-09-20T12:30:02.577559+00:00","Profile Active (last_seen_at); New Account Registered; Transaction/Deposit; transaction_status_changed; secure_deposit_initiated; deposit_created; login_success; LOGIN_SUCCESS; Attempted Login (login_success); Attempted Login (LOGIN_SUCCESS)","Registered User"
"James Blankson","0593386809","jamesblankson2002@icloud.com","2026-09-20T12:30:02.577559+00:00","Profile Updated; Placed Order; Transaction/Deposit; transaction_status_changed; order_status_changed; order_placed; balance_changed; transaction_created; secure_deposit_initiated; deposit_created","Registered User"
"Sandra Adarkwa","0533140981","yhaarbby05@icloud.com","2026-09-20T12:30:02.577559+00:00","Transaction/Deposit; transaction_status_changed; secure_deposit_initiated; deposit_created","Registered User"
"Banabas Darko","0537404686","banabasd2@icloud.com","2026-09-20T12:30:01.439489+00:00","Profile Updated; Placed Order; Transaction/Deposit; order_status_changed; login_success; order_placed; balance_changed; transaction_created; deposit_completed; transaction_status_changed; deposit_initiated; deposit_created; Attempted Login (login_success)","Registered User"
"Rahma Abubakar","0545514202","rahmaabubakar2333@email.com","2026-09-20T12:30:01.439489+00:00","Profile Updated; Placed Order; Transaction/Deposit; order_status_changed; balance_changed; order_placed; transaction_created; transaction_status_changed; secure_deposit_initiated; deposit_created","Registered User"
"Frimpong Bright","0531871671","sarpongleo10@gmail.com","2026-09-20T12:30:01.439056+00:00","Transaction/Deposit; balance_changed; order_status_changed; transaction_created","Registered User"
"YM Flavour","0242406350","flavour@gmail.com","2026-09-20T12:28:58.607664+00:00","Profile Active (last_seen_at); Profile Updated; New Account Registered","Registered User"
"Abena Vybes","0240407933","abenavybes6@gmail.com","2026-09-20T12:25:43.571524+00:00","Profile Active (last_seen_at); Profile Updated; New Account Registered; Placed Order; Transaction/Deposit; order_status_changed; order_placed; balance_changed; transaction_created; transaction_status_changed; secure_deposit_initiated; deposit_created","Registered User"
"Kobby Marcus","0531235812","barr_gh@icloud.com","2026-09-20T12:25:01.602898+00:00","order_status_changed","Registered User"
"Ishllette","0535628318","ishllettestunner5@gmail.com","2026-09-20T12:25:01.337668+00:00","Profile Updated; Placed Order; Transaction/Deposit; order_status_changed; order_placed; balance_changed; transaction_created; transaction_status_changed; secure_deposit_initiated; deposit_created","Registered User"
"Dennis Adzido","0248148018","adzidodennis75@gmail.com","2026-09-20T12:25:00.950644+00:00","Placed Order; Transaction/Deposit; balance_changed; order_status_changed; transaction_created; order_placed","Registered User"
"Elizabeth Donkoh","0537116954","priscyqueen53@gmail.com","2026-09-20T12:25:00.92803+00:00","Placed Order; Transaction/Deposit; order_status_changed; order_placed; balance_changed; transaction_created","Registered User"
"Aryeetey princess","0543235646","aryeeteyprincess26@gmail.com","2026-09-20T12:24:04.703725+00:00","Profile Active (last_seen_at); New Account Registered","Registered User"
"Ibrahim Issah","0557206205","kanjuahissah66@gmail.com","2026-09-20T12:22:07.633697+00:00","Profile Active (last_seen_at); Profile Updated; New Account Registered","Registered User"
"Little sire","0593108128","juniornicholas1999@gmail.com","2026-09-20T12:20:01.270347+00:00","Placed Order; Transaction/Deposit; order_status_changed; order_placed; balance_changed; transaction_created","Registered User"
"Zakiya","0592680928","sahalove848@gmail.com","2026-09-20T12:20:00.877314+00:00","Placed Order; Transaction/Deposit; order_status_changed; order_placed; balance_changed; transaction_created","Registered User"
"Jennifer sey","0533206854","jennifersey@gmail.com","2026-09-20T12:20:00.877314+00:00","Placed Order; Transaction/Deposit; order_status_changed; order_placed; balance_changed; transaction_created; transaction_status_changed; secure_deposit_initiated; deposit_created","Registered User"
"(Attempted Login)","0553191333","","2026-09-20T12:19:14.92+00:00","Attempted Login (login_failed)","Attempted Login (Unregistered)"
"Deborah yeli","0249340189","yeli@gmail.com","2026-09-20T12:15:50.787915+00:00","Profile Active (last_seen_at); Profile Updated; New Account Registered","Registered User"
"MissBanking","0539164404","anas@gmail.com","2026-09-20T12:15:01.88451+00:00","Profile Updated; Placed Order; Transaction/Deposit; order_status_changed; order_placed; balance_changed; transaction_created; transaction_status_changed; secure_deposit_initiated; deposit_created; login_success; Attempted Login (login_success)","Registered User"
"Drawlord","0506014336","drawlord01@gmail.com","2026-09-20T12:15:01.88451+00:00","Placed Order; Transaction/Deposit; order_status_changed; order_placed; balance_changed; transaction_created","Registered User"
"OWUSU OBED","0596205728","obed41168@gmail.com","2026-09-20T12:12:45.564664+00:00","Transaction/Deposit; transaction_status_changed; deposit_initiated; deposit_created","Registered User"
"akansnhorpearl","","akansnhorpearl@gmail.com","2026-09-20T12:12:15.369+00:00","Attempted Login (login_failed)","Attempted Login (Unregistered)"
"Francis Ankamah","2335409562","paakwasiauthur@gmail.com","2026-09-20T12:11:05.134961+00:00","Profile Active (last_seen_at); Profile Updated; New Account Registered","Registered User"
"Esther Osei","+233596204180","estheroseipoku7@gmail.com","2026-09-20T12:10:43.38434+00:00","Placed Order; Transaction/Deposit; order_status_changed; order_placed; balance_changed; transaction_created; login_success; Attempted Login (login_success)","Registered User"
"Joseph tetteh","0208406675","nightstarboy7@gmail.com","2026-09-20T12:10:01.67185+00:00","Profile Updated; Placed Order; Transaction/Deposit; order_status_changed; order_placed; balance_changed; transaction_created; transaction_status_changed; secure_deposit_initiated; deposit_created; login_success; password_reset_success; Attempted Login (login_success); Attempted Login (login_failed); Attempted Login (password_reset_success)","Registered User"
"Vybz Kartel","0550363351","kartelvybz431@gmail.com","2026-09-20T12:10:01.635291+00:00","Placed Order; Transaction/Deposit; order_status_changed; order_placed; balance_changed; transaction_created; transaction_status_changed; deposit_initiated; deposit_created","Registered User"
"(Attempted Login)","0247908774","","2026-09-20T12:07:26.78+00:00","Attempted Login (login_failed)","Attempted Login (Unregistered)"
"Boateng Erica","0537855548","ericana456@gmail.com","2026-09-20T12:05:43.700687+00:00","Placed Order; Transaction/Deposit; order_status_changed; order_placed; balance_changed; transaction_created; transaction_status_changed; deposit_completed; deposit_initiated; deposit_created","Registered User"
"Addo Emmanuel","0554579365","addoe8813@gmail.com","2026-09-20T12:05:03.120672+00:00","order_status_changed","Registered User"
"BYGGEST Dienzzzz","0535383809","dienzzzbyggest@gmail.com","2026-09-20T12:05:01.979142+00:00","Placed Order; Transaction/Deposit; balance_changed; order_status_changed; transaction_created; order_placed","Registered User"
"oteng","0257949724","dominicoteng3826@gmail.com","2026-09-20T12:05:01.77638+00:00","Profile Updated; Placed Order; Transaction/Deposit; balance_changed; order_status_changed; transaction_created; order_placed; transaction_status_changed; secure_deposit_initiated; deposit_created; login_success; LOGIN_SUCCESS; password_reset_success; Attempted Login (login_success); Attempted Login (LOGIN_SUCCESS); Attempted Login (password_reset_success); Attempted Login (login_failed); Attempted Login (LOGIN_FAILED)","Registered User"
"Hawa Yussif","0592142021","haway4905@gmail.com","2026-09-20T12:04:57.081+00:00","login_success; Attempted Login (login_success)","Registered User"
"Johan Sucs","0209951191","coldesttobi@gmail.com","2026-09-20T12:02:16.679065+00:00","Placed Order; Transaction/Deposit; balance_changed; order_status_changed; transaction_created; order_placed","Registered User"
"yussifrazak112","","yussifrazak112@gmail.com","2026-09-20T12:01:50.299+00:00","Attempted Login (login_failed)","Attempted Login (Unregistered)"
"4PF🔥Katel","0548731051","irinanorman131@gmail.com","2026-09-20T12:00:01.932544+00:00","Profile Active (last_seen_at); Profile Updated; New Account Registered; Transaction/Deposit; transaction_status_changed; secure_deposit_initiated; deposit_created","Registered User"
"Okere Clement","0542674881","tinoking314@gmail.com","2026-09-20T12:00:01.932544+00:00","Profile Active (last_seen_at); Profile Updated; New Account Registered; Transaction/Deposit; transaction_status_changed; secure_deposit_initiated; deposit_created; login_success; Attempted Login (login_success)","Registered User"
"Terry","0536426501","terryayertey96@gmail.com","2026-09-20T12:00:01.932544+00:00","Profile Active (last_seen_at); New Account Registered; Transaction/Deposit; transaction_status_changed; secure_deposit_initiated; deposit_created","Registered User"
"Bible","0544812004","isaiahnarh70@icloud.com","2026-09-20T12:00:01.932544+00:00","Transaction/Deposit; transaction_status_changed; deposit_initiated; deposit_created","Registered User"
"Ramzy Sando","0544537424","ramzysando5@gmail.com","2026-09-20T12:00:01.090982+00:00","Profile Updated; Placed Order; Transaction/Deposit; order_status_changed; order_placed; balance_changed; transaction_created; transaction_status_changed; secure_deposit_initiated; deposit_created","Registered User"
"Richmond Suka","0538923580","richmondsuka464@gmail.com","2026-09-20T12:00:01.090982+00:00","Profile Updated; Placed Order; Transaction/Deposit; order_status_changed; order_placed; balance_changed; transaction_created; deposit_completed; transaction_status_changed; deposit_initiated; deposit_created","Registered User"
"Danso","0534331215","mensahkofidanso@gmail.com","2026-09-20T11:58:02.284+00:00","login_success; Attempted Login (login_success)","Registered User"
"Gideon Ampofo","0247937608","bhimaguero@gmail.com","2026-09-20T11:56:11.322241+00:00","Profile Active (last_seen_at); Profile Updated; New Account Registered","Registered User"
"Daniel Nii","0256367917","danielniiaryeeattoh@gmail.com","2026-09-20T11:55:06.696436+00:00","Profile Active (last_seen_at); Profile Updated; New Account Registered","Registered User"
"Gideon Adabo","0505608379","janetoseitutu491@gmail.com","2026-09-20T11:55:00.908452+00:00","Profile Active (last_seen_at); Profile Updated; New Account Registered; Placed Order; Transaction/Deposit; order_status_changed; order_placed; balance_changed; transaction_created; transaction_status_changed; secure_deposit_initiated; deposit_created; login_success; Attempted Login (login_success)","Registered User"
"Ramanfarida","0539617036","ramanifarida@gmail.com","2026-09-20T11:55:00.908452+00:00","Profile Active (last_seen_at); New Account Registered; Placed Order; Transaction/Deposit; order_status_changed; balance_changed; transaction_created; order_placed; deposit_completed; transaction_status_changed; deposit_initiated; deposit_created","Registered User"
"Richmond","0597243590","richmondbaafi1122@gamil.com","2026-09-20T11:51:58.048176+00:00","Profile Active (last_seen_at); Profile Updated; New Account Registered","Registered User"
"Alex Dadzie","0558159538","dadzielexiz@gmail.com","2026-09-20T11:50:01.942564+00:00","Placed Order; Transaction/Deposit; order_status_changed; order_placed; balance_changed; transaction_created","Registered User"
"Genevieve Boadu","0531833976","genevieveboadu87@gmail.com","2026-09-20T11:50:01.942564+00:00","Placed Order; Transaction/Deposit; order_status_changed; order_placed; balance_changed; transaction_created; login_success; LOGIN_SUCCESS; Attempted Login (login_success); Attempted Login (LOGIN_SUCCESS)","Registered User"
"Razak issah","0595281002","girlslover5522@gmail.com","2026-09-20T11:50:01.669024+00:00","Profile Active (last_seen_at); Profile Updated; New Account Registered; Placed Order; Transaction/Deposit; order_status_changed; order_placed; balance_changed; transaction_created; deposit_completed; transaction_status_changed; deposit_initiated; deposit_created","Registered User"
"Hajiahjumai","0504271529","jumai112@icloud.com","2026-09-20T11:50:01.669024+00:00","Placed Order; Transaction/Deposit; order_status_changed; order_placed; balance_changed; transaction_created","Registered User"
"Daniel Boakye","0257059137","db2070082@gmail.com","2026-09-20T11:47:40.448441+00:00","Profile Active (last_seen_at); Profile Updated; New Account Registered","Registered User"
"Thomas Waller","0209305617","mrmorale12@icloud.com","2026-09-20T11:45:43.53437+00:00","Profile Updated; Placed Order; Transaction/Deposit; order_status_changed; transaction_status_changed; order_placed; balance_changed; transaction_created; deposit_completed; deposit_initiated; deposit_created","Registered User"
"Patience Sena Ametewee","0542584559","patienceametewee78@gmail.com","2026-09-20T11:45:01.040209+00:00","Profile Updated; Placed Order; Transaction/Deposit; order_status_changed; order_placed; balance_changed; transaction_created; login_success; LOGIN_SUCCESS; transaction_status_changed; deposit_completed; deposit_initiated; deposit_created; secure_deposit_initiated; Attempted Login (login_success); Attempted Login (LOGIN_SUCCESS)","Registered User"
"Samuel awuku","0534582216","afriyies036@gmail.com","2026-09-20T11:45:01.040209+00:00","Placed Order; Transaction/Deposit; order_status_changed; order_placed; balance_changed; transaction_created","Registered User"
"Chinchila","0201294682","opkukillary@gmail.com","2026-09-20T11:45:00.751423+00:00","Profile Updated; Placed Order; Transaction/Deposit; order_status_changed; order_placed; balance_changed; transaction_created; transaction_status_changed; secure_deposit_initiated; deposit_created","Registered User"
"Silasary laryea","0264385080","silasarylaryea1@gmail.com","2026-09-20T11:42:57.793312+00:00","Profile Active (last_seen_at); Profile Updated; New Account Registered","Registered User"
"Samuel Quaico","0553698204","quaicoesamuel098@gmail.com","2026-09-20T11:41:31.815948+00:00","Profile Active (last_seen_at); New Account Registered","Registered User"
"nanakofiie65","","nanakofiie65@gmail.com","2026-09-20T11:41:25.796+00:00","Attempted Login (login_failed)","Attempted Login (Unregistered)"
"Highest baba","0594245971","nasiruabdullah5555@gmail.com","2026-09-20T11:40:04.790332+00:00","Profile Active (last_seen_at); New Account Registered","Registered User"
"Percy Osafo","0594152268","percyosafo681@gmail.com","2026-09-20T11:40:01.357821+00:00","Placed Order; Transaction/Deposit; order_status_changed; order_placed; balance_changed; transaction_created; login_success; Attempted Login (login_success)","Registered User"
"Evans Owusu","0592130705","abrahamlins07@gmail.com","2026-09-20T11:40:01.357821+00:00","Placed Order; Transaction/Deposit; order_status_changed; order_placed; balance_changed; transaction_created","Registered User"
"Theophilus Commey","0539749520","theocommey1010@icloud.com","2026-09-20T11:40:01.087489+00:00","Profile Updated; Placed Order; Transaction/Deposit; order_status_changed; order_placed; balance_changed; transaction_created; transaction_status_changed; secure_deposit_initiated; deposit_created","Registered User"
"(Attempted Login)","0597653786","","2026-09-20T11:38:22.298+00:00","Attempted Login (login_failed)","Attempted Login (Unregistered)"
"Benjamin","0597883663","benjaminbenney34@gmail.com","2026-09-20T11:37:54.387676+00:00","Profile Active (last_seen_at); Profile Updated; New Account Registered; Attempted Login (login_failed)","Registered User"
"JUNIOR❤️","0202609001","amglowkey2002@gmail.com","2026-09-20T11:35:01.72432+00:00","Profile Active (last_seen_at); Profile Updated; New Account Registered; Placed Order; Transaction/Deposit; order_status_changed; order_placed; balance_changed; transaction_created; deposit_completed; transaction_status_changed; deposit_initiated; deposit_created","Registered User"
"Desmond","0256782270","offeidesmond11@icloud.com","2026-09-20T11:35:01.279638+00:00","Profile Updated; Placed Order; Transaction/Deposit; order_status_changed; order_placed; balance_changed; transaction_created; transaction_status_changed; secure_deposit_initiated; deposit_created; login_success; Attempted Login (login_success)","Registered User"
"(Attempted Login)","0539802627","","2026-09-20T11:34:39.435+00:00","Attempted Login (login_failed)","Attempted Login (Unregistered)"
"jacobkwesi","","jacobkwesi@gmail.com","2026-09-20T11:31:32.949+00:00","Attempted Login (login_failed)","Attempted Login (Unregistered)"
"Felix Afriyie","0531442247","agyemangregina0531@gmail.com","2026-09-20T11:30:49.471298+00:00","Profile Active (last_seen_at); Profile Updated; New Account Registered; Attempted Login (login_failed)","Registered User"
"(Attempted Login)","0592683548","","2026-09-20T11:30:12.727+00:00","Attempted Login (login_failed)","Attempted Login (Unregistered)"
"Emmanuel","0240381287","ampomahemmanuel2@icloud.com","2026-09-20T11:30:05.699414+00:00","Profile Active (last_seen_at); New Account Registered","Registered User"
"Opoku","0534276563","abilityking321@gmail.com","2026-09-20T11:30:04.114569+00:00","Placed Order; Transaction/Deposit; balance_changed; order_status_changed; transaction_created; order_placed; transaction_status_changed; secure_deposit_initiated; deposit_created","Registered User"
"Kelvynbwoy","0596357163","oseikelvin761@email.com","2026-09-20T11:30:02.364333+00:00","Profile Active (last_seen_at); Profile Updated; New Account Registered; Transaction/Deposit; transaction_status_changed; secure_deposit_initiated; deposit_created","Registered User"
"Eric Frimpong","0200146676","ericfrimpongkyereko09@gmail.com","2026-09-20T11:30:02.364333+00:00","Transaction/Deposit; transaction_status_changed; secure_deposit_initiated; deposit_created; login_success; Attempted Login (login_success)","Registered User"
"RICCH GANSTER 🇪🇸🇬🇭","0531628697","kwesirichmond260@gmail.com","2026-09-20T11:30:02.364333+00:00","Transaction/Deposit; transaction_status_changed; deposit_initiated; deposit_created; login_success; LOGIN_SUCCESS; Attempted Login (login_success); Attempted Login (LOGIN_SUCCESS)","Registered User"
"(Attempted Login)","0544178701","","2026-09-20T11:29:36.196+00:00","Attempted Login (login_failed)","Attempted Login (Unregistered)"
"NANA KWAKU","0556467133","kwak.dark.binho@gmail.com","2026-09-20T11:27:31.532783+00:00","Profile Active (last_seen_at); New Account Registered","Registered User"
"Charlotte Aryaah","0598449449","alloteymustapha905@gmail.com","2026-09-20T11:25:01.928844+00:00","order_status_changed","Registered User"
"David Nyonkor","0552718953","nyonkordavid302@gmail.com","2026-09-20T11:25:01.461251+00:00","Profile Active (last_seen_at); Profile Updated; New Account Registered; Placed Order; Transaction/Deposit; order_status_changed; order_placed; balance_changed; transaction_created; transaction_status_changed; secure_deposit_initiated; deposit_created","Registered User"
"Justin Appiah","0596116311","nanaadwoa1908@gmail.com","2026-09-20T11:25:01.452474+00:00","Profile Updated; Placed Order; Transaction/Deposit; order_status_changed; order_placed; balance_changed; transaction_created; deposit_completed; transaction_status_changed; deposit_initiated; deposit_created","Registered User"
"Esther Darko","0556763086","estherdarko178@email.com","2026-09-20T11:22:53.031025+00:00","Profile Active (last_seen_at); Profile Updated; New Account Registered; Attempted Login (HIGH_VELOCITY_LOGIN_FAILURES); Attempted Login (login_failed)","Registered User"
"estherdarko178","","estherdarko178@gmail.com","2026-09-20T11:20:36.838+00:00","Attempted Login (login_failed)","Attempted Login (Unregistered)"
"Jephter osei","0594910161","oseijephter63@gmail.com","2026-09-20T11:20:13.574+00:00","login_success; Attempted Login (login_success)","Registered User"
"Roddy walker","0531376690","kofilyrical788@gmail.com","2026-09-20T11:20:01.617315+00:00","Placed Order; Transaction/Deposit; order_status_changed; order_placed; balance_changed; transaction_created; deposit_completed; transaction_status_changed; deposit_initiated; deposit_created","Registered User"
"Mnc glory","0535034459","joshuabaodoo@gmail.com","2026-09-20T11:18:21.163908+00:00","Profile Active (last_seen_at); Profile Updated; New Account Registered","Registered User"
"John Boadu","0530164170","enzoguany531@gmail.com","2026-09-20T11:14:57.52+00:00","login_success; LOGIN_SUCCESS; password_reset_success; Attempted Login (login_success); Attempted Login (LOGIN_SUCCESS); Attempted Login (password_reset_success)","Registered User"
"enzoguany30","","enzoguany30@icloud.com","2026-09-20T11:14:35.645+00:00","Attempted Login (login_failed)","Attempted Login (Unregistered)"
"Sikapa","0257882176","sikapa950@gmail.com","2026-09-20T11:14:15.018+00:00","login_success; Attempted Login (login_success)","Registered User"
"Richard Nkyi","0536815809","milescindy225@gmail.com","2026-09-20T11:13:25.633+00:00","login_success; LOGIN_SUCCESS; password_reset_success; Attempted Login (login_success); Attempted Login (login_failed); Attempted Login (LOGIN_SUCCESS); Attempted Login (password_reset_success); Attempted Login (LOGIN_FAILED)","Registered User"
"Ernesto","0552236766","boafoernest125@gmail.com","2026-09-20T11:12:07.614781+00:00","Profile Active (last_seen_at); Profile Updated; New Account Registered","Registered User"
"Idris Nancy","0241831326","idrissherifat2022@gmail.com","2026-09-20T11:10:43.883705+00:00","Profile Updated; Placed Order; Transaction/Deposit; order_status_changed; order_placed; balance_changed; transaction_created; transaction_status_changed; secure_deposit_initiated; deposit_created","Registered User"
"Hera Abban","0599178315","lovehera8080@gmail.com","2026-09-20T11:10:01.989981+00:00","Placed Order; Transaction/Deposit; order_status_changed; order_placed; balance_changed; transaction_created","Registered User"
"Heispan","0503044891","kelvintetteh226@gmail.com","2026-09-20T11:10:01.887892+00:00","Profile Updated; Placed Order; Transaction/Deposit; order_status_changed; order_placed; balance_changed; transaction_created; deposit_completed; transaction_status_changed; deposit_initiated; deposit_created","Registered User"
"Hussein Mohammed Raji","0247700900","husseinmohammedraji@gmail.com","2026-09-20T11:09:22.674929+00:00","Profile Active (last_seen_at); Profile Updated; New Account Registered","Registered User"
"Young_lumba","0544656731","obedasaretwum90@gmail.com","2026-09-20T11:05:43.625191+00:00","Placed Order; Transaction/Deposit; order_status_changed; order_placed; balance_changed; transaction_created","Registered User"
"Nicholas Bekoe","0597367779","nicholasbekoe111@gmail.com","2026-09-20T11:05:22.123+00:00","login_success; Attempted Login (login_success)","Registered User"
"dominicoteng2638","","dominicoteng2638@gmail.com","2026-09-20T11:05:15.109+00:00","Attempted Login (login_failed)","Attempted Login (Unregistered)"
"Ofosua Linda","0532891786","0557lynne@gmail.com","2026-09-20T11:05:02.653461+00:00","order_status_changed","Registered User"
"SirRak","0545969374","afraidnana@gmail.com","2026-09-20T11:05:02.194+00:00","login_success; LOGIN_SUCCESS; Attempted Login (login_success); Attempted Login (LOGIN_SUCCESS); Attempted Login (login_failed); Attempted Login (LOGIN_FAILED)","Registered User"
"Chris oopku","0247376725","roseopoku789@gmail.com","2026-09-20T11:05:01.743294+00:00","Placed Order; Transaction/Deposit; balance_changed; order_status_changed; transaction_created; order_placed","Registered User"
"Oheneba Selas","0540788560","amowiselas1@gmail.com","2026-09-20T11:03:52.013+00:00","login_success; LOGIN_SUCCESS; Attempted Login (login_success); Attempted Login (LOGIN_SUCCESS)","Registered User"
"Godwin Okine","0560472984","okinegodwin88@gmail.com","2026-09-20T11:00:43.750917+00:00","Placed Order; Transaction/Deposit; order_status_changed; order_placed; balance_changed; transaction_created","Registered User"
"Gilbert Appiah","0531595106","gilbertappoah@icloud.com","2026-09-20T11:00:03.939591+00:00","Profile Active (last_seen_at); Profile Updated; New Account Registered; Placed Order; Transaction/Deposit; order_status_changed; transaction_status_changed; order_placed; balance_changed; transaction_created; deposit_completed; deposit_initiated; deposit_created; secure_deposit_initiated; login_success; login_failed; Attempted Login (login_success); Attempted Login (login_failed)","Registered User"
"Nana jerome","0537760753","j04031432@gmail.com","2026-09-20T11:00:03.648188+00:00","Placed Order; Transaction/Deposit; order_status_changed; order_placed; balance_changed; transaction_created; LOGIN_SUCCESS; login_success; password_reset_success; Attempted Login (LOGIN_SUCCESS); Attempted Login (password_reset_success); Attempted Login (login_success)","Registered User"
"Andyvonnn","0248668720","andymorkey@icloud.com","2026-09-20T11:00:03.530034+00:00","Placed Order; Transaction/Deposit; order_status_changed; order_placed; balance_changed; transaction_created","Registered User"
"Saint","0548064168","spartanjunior18@gmail.com","2026-09-20T11:00:02.923676+00:00","Profile Updated; Placed Order; Transaction/Deposit; transaction_status_changed; order_status_changed; balance_changed; transaction_created; order_placed; secure_deposit_initiated; deposit_created; deposit_initiated","Registered User"
"Stephanie ohenewaa","0507715875","stephanieohenewaa1@gmail.com","2026-09-20T11:00:02.923676+00:00","Transaction/Deposit; transaction_status_changed; secure_deposit_initiated; deposit_created","Registered User"
"Tjay","0556098554","oduroanafi257@icloud.com","2026-09-20T10:57:42.695+00:00","login_success; Attempted Login (login_success)","Registered User"
"atividelademroland","","atividelademroland@gmail.com","2026-09-20T10:57:11.793+00:00","Attempted Login (login_failed)","Attempted Login (Unregistered)"
"Gbaarah","0539432165","gbaarahhannah18@gmail.com","2026-09-20T10:57:05.255+00:00","Attempted Login (login_failed); Attempted Login (HIGH_VELOCITY_LOGIN_FAILURES); Attempted Login (LOGIN_FAILED)","Registered User"
"Hazard De Playmaker","0530847840","yeboahjames11@gmail.com","2026-09-20T10:56:23.468048+00:00","Profile Active (last_seen_at); Profile Updated; New Account Registered","Registered User"
"(Attempted Login)","0543755062","","2026-09-20T10:54:50.079+00:00","Attempted Login (login_failed)","Attempted Login (Unregistered)"
"Kay","0552250838","dzidsew@gmail.com","2026-09-20T10:50:14.838+00:00","Profile Active (last_seen_at); login_success; Attempted Login (login_success)","Registered User"
"DON SERIES","0208504769","blinksmary463@gmail.com","2026-09-20T10:50:01.231346+00:00","Profile Updated; Placed Order; Transaction/Deposit; order_status_changed; order_placed; balance_changed; transaction_created; transaction_status_changed; deposit_completed; deposit_initiated; deposit_created","Registered User"
"NBA larry","0549266881","bellypot20@gmail.com","2026-09-20T10:50:01.044787+00:00","Placed Order; Transaction/Deposit; order_status_changed; order_placed; balance_changed; transaction_created; deposit_completed; transaction_status_changed; deposit_initiated; deposit_created; login_success; Attempted Login (login_success)","Registered User"
"Abdulai aliu","0599779180","crapanzy360@gieml.com","2026-09-20T10:50:01.044787+00:00","Placed Order; Transaction/Deposit; order_status_changed; order_placed; balance_changed; transaction_created; transaction_status_changed; deposit_initiated; deposit_created","Registered User"
"Simbily Francis","0205104676","simbilyf@gmail.com","2026-09-20T10:49:05.65375+00:00","Profile Active (last_seen_at); Profile Updated; New Account Registered; Attempted Login (login_failed)","Registered User"
"Gerald Etor","0594917122","geraldetor12@gmail.com","2026-09-20T10:47:41.464+00:00","Profile Active (last_seen_at); Profile Updated; New Account Registered","Registered User"
"Ellady jones","0535844457","elladyjones@376gmail.com","2026-09-20T10:47:06.518664+00:00","Profile Active (last_seen_at); Profile Updated; New Account Registered","Registered User"
"Tawiah Francis Ahwoi","0575657378","francisahwoi55@gmail.com","2026-09-20T10:45:51.803151+00:00","order_status_changed","Registered User"
"Owusuwaa","0557140743","godowusuasandy@gmail.com","2026-09-20T10:45:44.003516+00:00","Placed Order; Transaction/Deposit; order_status_changed; login_success; LOGIN_SUCCESS; order_placed; balance_changed; transaction_created; Attempted Login (login_success); Attempted Login (LOGIN_SUCCESS)","Registered User"
"Christian Dorsah","0505977739","christiandorsah07@gmail.com","2026-09-20T10:45:43.772545+00:00","Placed Order; Transaction/Deposit; order_status_changed; order_placed; balance_changed; transaction_created","Registered User"
"Raphael Ganagodo","0257143439","ganagodoraphael979@gmail.com","2026-09-20T10:45:01.711079+00:00","Placed Order; Transaction/Deposit; balance_changed; order_status_changed; transaction_created; order_placed; login_success; password_reset_success; Attempted Login (login_success); Attempted Login (login_failed); Attempted Login (password_reset_success); Attempted Login (login_failed)","Registered User"
"angelakyei","","angelakyei@gmail.com","2026-09-20T10:43:46.102+00:00","Attempted Login (login_failed)","Attempted Login (Unregistered)"
"Angela Boadu kyei","0534155471","rudylex238@gmail.com","2026-09-20T10:43:27.7+00:00","Profile Active (last_seen_at); Profile Updated; New Account Registered; Attempted Login (login_failed)","Registered User"
"Rhyich Tyemah","0202586753","rhyichtyemah123@gmail.com","2026-09-20T10:40:00.779468+00:00","Placed Order; Transaction/Deposit; balance_changed; order_status_changed; transaction_created; order_placed","Registered User"
"MALON BROWN","2332573157","malonbrown53@gmail.com","2026-09-20T10:40:00.765835+00:00","Placed Order; Transaction/Deposit; order_status_changed; order_placed; balance_changed; transaction_created; deposit_completed; transaction_status_changed; deposit_initiated; deposit_created","Registered User"
"Tandor Florence","0546531370","tandorflorence767@gmail.com","2026-09-20T10:40:00.765835+00:00","Placed Order; Transaction/Deposit; order_status_changed; order_placed; balance_changed; transaction_created","Registered User"
"Emanuel Appiah","0595488041","appiah2551353@gmail.com","2026-09-20T10:37:58.770208+00:00","Profile Active (last_seen_at); Profile Updated; New Account Registered","Registered User"
"raphaelganagodo656","","raphaelganagodo656@gmail.com","2026-09-20T10:37:48.885+00:00","Attempted Login (login_failed)","Attempted Login (Unregistered)"
"Tordjagbo Delight","0533119966","tordjagbodelight@gmail.com","2026-09-20T10:35:01.360879+00:00","Profile Active (last_seen_at); Profile Updated; New Account Registered; Placed Order; Transaction/Deposit; order_status_changed; order_placed; balance_changed; transaction_created; transaction_status_changed; secure_deposit_initiated; deposit_created; Attempted Login (login_failed)","Registered User"
"Enoch Larbie","0241954218","veroogee341@gmail.com","2026-09-20T10:35:01.360879+00:00","Profile Updated; Placed Order; Transaction/Deposit; order_status_changed; transaction_status_changed; order_placed; balance_changed; transaction_created; deposit_completed; deposit_initiated; deposit_created","Registered User"
"Liberty Benuyena","0595616227","bobdbenuyena@gmail.com","2026-09-20T10:30:03.116951+00:00","Profile Active (last_seen_at); Profile Updated; New Account Registered; Transaction/Deposit; transaction_status_changed; secure_deposit_initiated; deposit_created","Registered User"
"Audrey Asante","0243190919","arquosuah12345678@icloud.com","2026-09-20T10:30:03.116951+00:00","Profile Active (last_seen_at); Profile Updated; New Account Registered; Transaction/Deposit; transaction_status_changed; secure_deposit_initiated; deposit_created","Registered User"
"Pretty elle","0505814562","luxesenciaa@gmail.com","2026-09-20T10:30:03.116951+00:00","Profile Active (last_seen_at); Profile Updated; New Account Registered; Transaction/Deposit; transaction_status_changed; deposit_initiated; deposit_created","Registered User"
"Abena  Foreign","0537627525","princesseffah27@gmail.com","2026-09-20T10:30:01.429947+00:00","Placed Order; Transaction/Deposit; order_status_changed; order_placed; balance_changed; transaction_created","Registered User"
"Masroor Ahmed Afakye","0591168090","afakyemasroorahmed@gmail.com","2026-09-20T10:25:02.326628+00:00","Placed Order; Transaction/Deposit; order_status_changed; order_placed; balance_changed; transaction_created","Registered User"
"Gyedu Gregory","0595351194","gregorygyedu@gmail.com","2026-09-20T10:25:01.941694+00:00","Profile Updated; Placed Order; Transaction/Deposit; order_status_changed; order_placed; balance_changed; transaction_created; transaction_status_changed; secure_deposit_initiated; deposit_created","Registered User"
"Divine Geh","0533435144","ankuevelyn759@gmail.com","2026-09-20T10:25:01.941694+00:00","Placed Order; Transaction/Deposit; order_status_changed; order_placed; balance_changed; transaction_created","Registered User"
"Mary Asmah","0555315491","asmahmary305@gmail.com","2026-09-20T10:25:01.806487+00:00","Profile Active (last_seen_at); Placed Order; Transaction/Deposit; order_status_changed; order_placed; balance_changed; transaction_created","Registered User"
"George Ofori manu","0543786272","georgeoforimanu3@gmail.com","2026-09-20T10:20:01.772294+00:00","Transaction/Deposit; balance_changed; order_status_changed; transaction_created","Registered User"
"Gershom wiah","0204995935","wiahg6608@gmail.com","2026-09-20T10:20:01.729448+00:00","Transaction/Deposit; balance_changed; order_status_changed; transaction_created","Registered User"
"Matilda Owusu","0548183486","tildaowusu@gmail.com","2026-09-20T10:20:01.726995+00:00","Transaction/Deposit; balance_changed; order_status_changed; transaction_created","Registered User"
"Yaw Blogger","0539245537","yawblogger@gmail.com","2026-09-20T10:20:01.271619+00:00","Profile Active (last_seen_at); Placed Order; Transaction/Deposit; order_status_changed; order_placed; balance_changed; transaction_created; transaction_status_changed; secure_deposit_initiated; deposit_created","Registered User"
"Sampeter","0558374928","sampeteragyei@icloud.com","2026-09-20T10:20:01.271498+00:00","Profile Updated; Placed Order; Transaction/Deposit; order_status_changed; order_placed; balance_changed; transaction_created; transaction_status_changed; secure_deposit_initiated; deposit_created; login_success; LOGIN_SUCCESS; Attempted Login (login_success); Attempted Login (LOGIN_SUCCESS)","Registered User"
"Priscilla","0558126699","boamahpriscilla22@icloud.com","2026-09-20T10:20:01.271619+00:00","Placed Order; Transaction/Deposit; order_status_changed; order_placed; balance_changed; transaction_created","Registered User"
"Bright Effah","0508477753","brighteffah90@gmail.com","2026-09-20T10:20:01.271619+00:00","Placed Order; Transaction/Deposit; order_status_changed; order_placed; balance_changed; transaction_created","Registered User"
"Richmond Anaafi","0502385782","richmondanaafi432@gmail.com","2026-09-20T10:19:27.393645+00:00","Profile Active (last_seen_at); New Account Registered","Registered User"
"Bekoe Joseph","0206995736","josephbekoe400@gmail.com","2026-09-20T10:15:02.317198+00:00","order_status_changed","Registered User"
"Gibson Wiiru","0559390759","gibsonwiiru8@gmail.com","2026-09-20T10:14:55.78175+00:00","Profile Active (last_seen_at); Profile Updated; New Account Registered","Registered User"
"MALON BROWN","0552393463","malonbrown123@gmail.com","2026-09-20T10:12:48.066+00:00","Attempted Login (HIGH_VELOCITY_LOGIN_FAILURES); Attempted Login (login_failed)","Registered User"
"Thankgod Adebayo","7086342962","thankgodadebayo900@gmail.com","2026-09-20T10:10:50.510542+00:00","Profile Active (last_seen_at); Profile Updated; New Account Registered","Registered User"
"malonbrown","0257315774","malonbrown57@gmail.com","2026-09-20T10:10:12.783+00:00","password_reset_success; Attempted Login (password_reset_success)","Registered User"
"Stephen Ahorlu","0554090698","jokerbar124jok@gmail.com","2026-09-20T10:10:01.616167+00:00","Placed Order; Transaction/Deposit; order_status_changed; order_placed; balance_changed; transaction_created","Registered User"
"Biggest trapper","0536358340","poku7103@gmail.com","2026-09-20T10:10:01.388773+00:00","Profile Active (last_seen_at); Placed Order; Transaction/Deposit; order_status_changed; order_placed; balance_changed; transaction_created","Registered User"
"TLK","0535046987","nikkimorgan314@gmail.com","2026-09-20T10:10:01.296296+00:00","Placed Order; Transaction/Deposit; balance_changed; order_status_changed; transaction_created; order_placed","Registered User"
"Daniella Cudjoe","0592147370","daniellacudjoe-089@gmail.com","2026-09-20T10:10:01.281047+00:00","Placed Order; Transaction/Deposit; order_status_changed; order_placed; balance_changed; transaction_created","Registered User"
"Kingkong","0596100733","franktinkorang03@gmail.com","2026-09-20T10:06:56.708461+00:00","Profile Active (last_seen_at); Profile Updated; New Account Registered","Registered User"
"couragesewor76","","couragesewor76@gmail.com","2026-09-20T10:06:18.67+00:00","Attempted Login (login_failed)","Attempted Login (Unregistered)"
"(Attempted Login)","0204288077","","2026-09-20T10:06:04.461+00:00","Attempted Login (login_failed)","Attempted Login (Unregistered)"
"(Attempted Login)","0550243999","","2026-09-20T10:05:59.552+00:00","Attempted Login (login_failed)","Attempted Login (Unregistered)"
"Kweku","0530748008","akosuahlovestical85@gmail.com","2026-09-20T10:05:43.937336+00:00","Placed Order; Transaction/Deposit; order_status_changed; order_placed; balance_changed; transaction_created","Registered User"
"David Armstrong Donkor","0545248474","donkordavid8@gmail.com","2026-09-20T10:05:43.937336+00:00","order_status_changed","Registered User"
"Enock Kwabena Aboagye","0595011106","aboagyeenock277@gmail.com","2026-09-20T10:05:02.449029+00:00","order_status_changed","Registered User"
"Afram Esther","0559921692","aframesther5080@gmail.com","2026-09-20T10:05:01.099992+00:00","Profile Updated; Placed Order; Transaction/Deposit; order_status_changed; order_placed; balance_changed; transaction_created; deposit_completed; transaction_status_changed; deposit_initiated; deposit_created","Registered User"
"Rhich vypha","0534232387","adomken124@icloud.com","2026-09-20T10:05:01.052298+00:00","Profile Updated; Placed Order; Transaction/Deposit; order_status_changed; order_placed; balance_changed; transaction_created; deposit_completed; transaction_status_changed; deposit_initiated; deposit_created","Registered User"
"Kwabena manu","0536876082","oxfordmanu03@gmail.com","2026-09-20T10:02:14.597+00:00","login_success; LOGIN_SUCCESS; Attempted Login (login_success); Attempted Login (LOGIN_SUCCESS)","Registered User"
"Israel Gezoh","0544158447","baddextb81@gmail.com","2026-09-20T10:00:43.539607+00:00","Placed Order; Transaction/Deposit; balance_changed; order_status_changed; transaction_created; order_placed","Registered User"
"Jonathan","0549377888","tiigahjonathan2@gmail.com","2026-09-20T10:00:04.278+00:00","Profile Active (last_seen_at); Profile Updated; New Account Registered; Placed Order; Transaction/Deposit; order_status_changed; order_placed; balance_changed; transaction_created; transaction_status_changed; secure_deposit_initiated; deposit_created","Registered User"
"Rabbi Mildred","0537518392","rabbi8392@gmail.com","2026-09-20T10:00:03.988451+00:00","Placed Order; Transaction/Deposit; order_status_changed; order_placed; balance_changed; transaction_created; login_success; Attempted Login (login_success)","Registered User"
"Patience Acquatey","0559717673","patienceacquatey@gmail.com","2026-09-20T10:00:03.988451+00:00","Placed Order; Transaction/Deposit; order_status_changed; order_placed; balance_changed; transaction_created","Registered User"
"Pilarto","0202411989","belindanketia12@gmail.com","2026-09-20T10:00:03.967712+00:00","Placed Order; Transaction/Deposit; order_status_changed; order_placed; balance_changed; transaction_created","Registered User"
"Alevi Bless Yayra","0538760705","amayayra495@gmail.com","2026-09-20T10:00:01.897968+00:00","Transaction/Deposit; transaction_status_changed; secure_deposit_initiated; deposit_created; login_success; LOGIN_SUCCESS; password_reset_success; Attempted Login (login_success); Attempted Login (LOGIN_SUCCESS); Attempted Login (password_reset_success); Attempted Login (login_failed); Attempted Login (LOGIN_FAILED)","Registered User"
"RamanFarida","0597895397","faridaraman156@email.com","2026-09-20T09:59:20.404+00:00","Attempted Login (login_failed); Attempted Login (LOGIN_FAILED)","Registered User"
"Huzaif Nurudeen","0556690055","nurihuzaif@gmail.com","2026-09-20T09:58:28.57652+00:00","Profile Active (last_seen_at); Profile Updated; New Account Registered","Registered User"
"Emmanuel Arthur","0200394108","qwabenaemma053@gmail.com","2026-09-20T09:56:53.664+00:00","login_success; Attempted Login (login_success)","Registered User"
"Fame","0593810306","famebella81@gmail.com","2026-09-20T09:55:43.601736+00:00","Profile Updated; Placed Order; Transaction/Deposit; order_status_changed; order_placed; balance_changed; transaction_created; transaction_status_changed; secure_deposit_initiated; deposit_created","Registered User"
"Prince Osei Tutu","0546843914","akwaselyrics@gmail.com","2026-09-20T09:52:57.695+00:00","Profile Updated; Placed Order; Transaction/Deposit; login_success; order_status_changed; order_placed; balance_changed; transaction_created; transaction_status_changed; secure_deposit_initiated; deposit_created; Attempted Login (login_success)","Registered User"
"Issahaku Rashid","0256034376","issahakurashid251@gmail.com","2026-09-20T09:50:43.771186+00:00","order_status_changed","Registered User"
"Matthew Asare","0240187243","matthewvinga@gmail.com","2026-09-20T09:50:43.58466+00:00","Profile Updated; Placed Order; Transaction/Deposit; order_status_changed; order_placed; balance_changed; transaction_created; transaction_status_changed; secure_deposit_initiated; deposit_created; login_success; Attempted Login (login_success); Attempted Login (login_failed)","Registered User"
"Darryl Acquaye","0535467801","darrylacquaye@gmail.com","2026-09-20T09:50:01.63633+00:00","order_status_changed","Registered User"
"Genevieve tawiah","0503903696","tannagenevievet@gmail.com","2026-09-20T09:50:00.78354+00:00","Placed Order; Transaction/Deposit; order_status_changed; order_placed; balance_changed; transaction_created","Registered User"
"Sefah Daniel","0556046194","sefah@tiememusic.com","2026-09-20T09:50:00.78354+00:00","Placed Order; Transaction/Deposit; order_status_changed; order_placed; balance_changed; transaction_created; login_success; LOGIN_SUCCESS; Attempted Login (login_success); Attempted Login (LOGIN_SUCCESS)","Registered User"
"Adjoa tweneboah","0533118322","tweneboahadjoa767@gmail.com","2026-09-20T09:45:43.800467+00:00","Placed Order; Transaction/Deposit; order_status_changed; order_placed; balance_changed; transaction_created","Registered User"
"Kelvin Osei","0535107832","osei43858.@gmail.com","2026-09-20T09:45:43.523045+00:00","Profile Active (last_seen_at); order_status_changed","Registered User"
"JIBA WAHAB","0248500515","jibawahab@gmail.com","2026-09-20T09:45:01.576216+00:00","order_status_changed","Registered User"
"Official","0539722063","florincekyla@gmail.com","2026-09-20T09:45:01.088194+00:00","Placed Order; Transaction/Deposit; order_status_changed; order_placed; balance_changed; transaction_created; login_success; Attempted Login (login_success)","Registered User"
"npoku7786","","npoku7786@gmail.com","2026-09-20T09:44:07.67+00:00","Attempted Login (login_failed)","Attempted Login (Unregistered)"
"Vegas","0598383212","veronicawhite@gmail.com","2026-09-20T09:40:44.140688+00:00","Placed Order; Transaction/Deposit; order_status_changed; order_placed; balance_changed; transaction_created","Registered User"
"Pascal junior","0592549160","pascalmoaba@gmail.com","2026-09-20T09:40:25.683154+00:00","Profile Active (last_seen_at); Profile Updated; New Account Registered","Registered User"
"afropytha","","afropytha@gmail.com","2026-09-20T09:36:14.332+00:00","Attempted Login (login_failed)","Attempted Login (Unregistered)"
"LOREXX","0552267715","nanakwameboateng38@gmail.com","2026-09-20T09:36:00.652427+00:00","Profile Active (last_seen_at); Profile Updated; New Account Registered","Registered User"
"233245420227","0245420227","opokuakwasi276@gmail.com","2026-09-20T09:35:28.351+00:00","Profile Active (last_seen_at); Profile Updated; New Account Registered; Transaction/Deposit; deposit_completed; transaction_status_changed; balance_changed; deposit_initiated; deposit_created; Attempted Login (login_failed)","Registered User"
"Abeka Lawrence","0593997504","lawrenceabeka5@gmail.com","2026-09-20T09:33:04.47+00:00","Profile Active (last_seen_at); Profile Updated; New Account Registered; LOGIN_SUCCESS; Attempted Login (LOGIN_SUCCESS)","Registered User"
"REINDOLF HUJALEY","0594145321","reindolfkobby76@gmail.com","2026-09-20T09:30:02.347749+00:00","Profile Active (last_seen_at); New Account Registered; Placed Order; Transaction/Deposit; transaction_status_changed; deposit_initiated; deposit_created; order_status_changed; order_placed; balance_changed; transaction_created; deposit_completed","Registered User"
"Kwame Seamgbene","0597123595","kwameamisty15@gmail.com","2026-09-20T09:30:02.347749+00:00","Profile Active (last_seen_at); Profile Updated; New Account Registered; Transaction/Deposit; transaction_status_changed; secure_deposit_initiated; deposit_created; login_success; Attempted Login (login_success)","Registered User"
"Henry","0599292940","opokhenry6776@gmail.com","2026-09-20T09:30:02.338988+00:00","Placed Order; Transaction/Deposit; balance_changed; order_status_changed; transaction_created; order_placed","Registered User"
"Abdul Rahman","0534770200","pilgrimdanielle00@gmail.com","2026-09-20T09:30:02.139623+00:00","Placed Order; Transaction/Deposit; order_status_changed; order_placed; balance_changed; transaction_created","Registered User"
"Courage mensah","0536975076","couragemensah70@gmail.com","2026-09-20T09:30:02.139623+00:00","Placed Order; Transaction/Deposit; order_status_changed; order_placed; balance_changed; transaction_created; login_success; Attempted Login (login_success)","Registered User"
"Frimpong Michael","0571440228","fm3034324@gmail.com","2026-09-20T09:29:33.323155+00:00","Profile Active (last_seen_at); Profile Updated; New Account Registered","Registered User"
"(Attempted Login)","0241347206","","2026-09-20T09:27:05.408+00:00","Attempted Login (login_failed)","Attempted Login (Unregistered)"
"Kingsley Dewise","0552918698","twumasikingsley187@gmail.com","2026-09-20T09:25:56.348301+00:00","Profile Active (last_seen_at); Profile Updated; New Account Registered","Registered User"
"Kwaku","0531433180","kwakuamankwah808@gmail.com","2026-09-20T09:24:14.961847+00:00","Profile Active (last_seen_at); Profile Updated; New Account Registered","Registered User"
"Daniel Eshun","0507600644","eshund525@gmail.com","2026-09-20T09:22:15.313502+00:00","Profile Active (last_seen_at); Profile Updated; New Account Registered","Registered User"
"Oseikurom","0243813405","buruwaamary1@gmail.com","2026-09-20T09:20:43.995986+00:00","order_status_changed","Registered User"
"Elvis koranteng -Aboagye","0541900997","bettyserwah@gmail.com","2026-09-20T09:20:43.778259+00:00","Placed Order; Transaction/Deposit; order_status_changed; order_placed; balance_changed; transaction_created; login_success; LOGIN_SUCCESS; password_reset_success; Attempted Login (login_success); Attempted Login (LOGIN_SUCCESS); Attempted Login (password_reset_success); Attempted Login (login_failed); Attempted Login (LOGIN_FAILED)","Registered User"
"Rich Mauda","0591010437","ammahmaud6@gmail.com","2026-09-20T09:20:01.040906+00:00","Placed Order; Transaction/Deposit; order_status_changed; order_placed; balance_changed; transaction_created; login_success; Attempted Login (login_success)","Registered User"
"Collins","0537195323","obengcollins15@icloud.com","2026-09-20T09:16:12.682+00:00","login_success; LOGIN_SUCCESS; Attempted Login (login_success); Attempted Login (LOGIN_SUCCESS)","Registered User"
"Evans Buru","0206066208","youngberry456@icloud.com","2026-09-20T09:15:43.828074+00:00","Placed Order; Transaction/Deposit; balance_changed; order_status_changed; transaction_created; order_placed","Registered User"
"elviskoranteng10","","elviskoranteng10@icloud.com","2026-09-20T09:14:47.974+00:00","Attempted Login (login_failed)","Attempted Login (Unregistered)"
"Evan’s Osei","0209690654","oseievans13@icloud.com","2026-09-20T09:13:21.505915+00:00","Profile Active (last_seen_at); Profile Updated; New Account Registered","Registered User"
"Samuel Arhin","0243417504","kobbystone06@gmail.com","2026-09-20T09:10:44.044782+00:00","Transaction/Deposit; balance_changed; order_status_changed; transaction_created","Registered User"
"Kings Parlour","0557534315","kingspalor3@gmail.com","2026-09-20T09:10:01.368569+00:00","Profile Updated; Placed Order; Transaction/Deposit; order_status_changed; order_placed; balance_changed; transaction_created; deposit_completed; transaction_status_changed; deposit_initiated; deposit_created; login_success; Attempted Login (login_success)","Registered User"
"badudavid","0537433445","badudavid397@gmail.com","2026-09-20T09:09:43.011611+00:00","Profile Active (last_seen_at); Profile Updated; New Account Registered","Registered User"
"Kusi Thomas","0201186125","thomaskusi945@gmail.com","2026-09-20T09:09:19.164+00:00","login_success; Attempted Login (login_success)","Registered User"
"Rafik Mahmud","0540884744","raffzee30@gmail.com","2026-09-20T09:08:20.651876+00:00","Profile Updated; Placed Order; Transaction/Deposit; transaction_status_changed; order_status_changed; order_placed; balance_changed; transaction_created; secure_deposit_initiated; deposit_created","Registered User"
"Manasseh","","ghanamana@gmail.com","2026-09-20T09:07:59.972067+00:00","Profile Active (last_seen_at); Profile Updated; New Account Registered","Registered User"
"Abeka lawrence","0591543866","bransonansah74@email.com","2026-09-20T09:06:22.757+00:00","LOGIN_SUCCESS; Attempted Login (LOGIN_SUCCESS)","Registered User"
"Destiny Parps","0538323469","destinyparps18@gmail.com","2026-09-20T09:05:43.634287+00:00","Profile Updated; Placed Order; Transaction/Deposit; order_status_changed; order_placed; balance_changed; transaction_created; deposit_completed; transaction_status_changed; deposit_initiated; deposit_created; login_success; Attempted Login (login_success)","Registered User"
"Delight Tordjagbo","0598809425","kekelinanayaw@gmail.com","2026-09-20T09:04:20.884+00:00","Attempted Login (login_failed); Attempted Login (LOGIN_FAILED)","Registered User"
"Mr.Oşèï🙏🏽❤️❤️","0591988965","isaacoseibonsu1@icloud.com","2026-09-20T09:03:55.998547+00:00","Profile Active (last_seen_at); New Account Registered","Registered User"
"(Attempted Login)","0552093186","","2026-09-20T09:02:29.487+00:00","Attempted Login (login_failed)","Attempted Login (Unregistered)"
"Laudell","0538619996","arhinlaudina996@gmail.com","2026-09-20T09:00:22.377+00:00","login_success; Attempted Login (login_success)","Registered User"
"Okyere Bismark","0257714414","okojo4425@gmail.com","2026-09-20T09:00:01.914542+00:00","Profile Active (last_seen_at); Profile Updated; New Account Registered; Transaction/Deposit; transaction_status_changed; deposit_initiated; deposit_created; secure_deposit_initiated","Registered User"
"Richard Agyekum","0545987420","agyekumr359@gmail.com","2026-09-20T09:00:01.914542+00:00","Transaction/Deposit; transaction_status_changed; secure_deposit_initiated; deposit_created; login_success; LOGIN_SUCCESS; password_reset_success; Attempted Login (login_success); Attempted Login (login_failed); Attempted Login (LOGIN_SUCCESS); Attempted Login (LOGIN_FAILED); Attempted Login (password_reset_success); Attempted Login (login_failed)","Registered User"
"Christopher Darko","0546223552","christopherdarko212@gmail.com","2026-09-20T08:59:33.82+00:00","login_success; Attempted Login (login_success)","Registered User"
"Elisha","0546555872","aboagyeelisha@email.com","2026-09-20T08:55:01.598816+00:00","Placed Order; Transaction/Deposit; order_status_changed; order_placed; balance_changed; transaction_created; login_success; Attempted Login (login_success)","Registered User"
"Charles Antwi","0546919351","antwicharles636@gmail.com","2026-09-20T08:55:01.592608+00:00","Profile Active (last_seen_at); Profile Updated; New Account Registered; Placed Order; Transaction/Deposit; order_status_changed; transaction_created; order_placed; balance_changed; login_success; transaction_status_changed; secure_deposit_initiated; deposit_created; Attempted Login (login_success); Attempted Login (login_failed)","Registered User"
"Jeptha Oppong","0542890797","oppongjeptha6969@email.com","2026-09-20T08:50:43.384949+00:00","Placed Order; Transaction/Deposit; order_status_changed; order_placed; balance_changed; transaction_created; deposit_completed; transaction_status_changed; deposit_initiated; deposit_created","Registered User"
"Rinii Trish","0547027044","abenarinii@gmail.com","2026-09-20T08:50:17.101+00:00","login_success; Attempted Login (login_success)","Registered User"
"Favour Aboagye","0553953022","favouraboagye7@gmail.com","2026-09-20T08:50:06.991+00:00","login_success; Attempted Login (login_success)","Registered User"
"Ernest","0507288909","ernestanakpor4@gmail.com","2026-09-20T08:50:05.103+00:00","BANNED_DEVICE_PRELOGIN_BLOCKED","Registered User"
"Mustapha Mohammed","0552606171","stonezyphones@gmail.com","2026-09-20T08:48:29.224364+00:00","Profile Active (last_seen_at); Profile Updated; New Account Registered","Registered User"
"faahemilia","","faahemilia@gmail.com","2026-09-20T08:44:46.985+00:00","Attempted Login (login_failed)","Attempted Login (Unregistered)"
"Abdallah Ibrahim","0208196471","babajello36@gmail.com","2026-09-20T08:43:39.937258+00:00","Profile Active (last_seen_at); Profile Updated; New Account Registered","Registered User"
"Ismail sina","0537209137","ismailsinna@icloud.com","2026-09-20T08:42:21.501+00:00","login_success; Attempted Login (login_success)","Registered User"
"Arthur Patrick","0205688552","arthurpatrick2008@gmail.com","2026-09-20T08:42:16.298+00:00","LOGIN_SUCCESS; Attempted Login (LOGIN_SUCCESS)","Registered User"
"Daddy Boat","0207139200","emmaboat85@gmail.com","2026-09-20T08:41:12.532217+00:00","Profile Active (last_seen_at); Profile Updated; New Account Registered","Registered User"
"Bright","0532329627","ofosubright@gmail.com","2026-09-20T08:40:44.110087+00:00","Profile Updated; Placed Order; Transaction/Deposit; order_status_changed; order_placed; balance_changed; transaction_created; transaction_status_changed; secure_deposit_initiated; deposit_created","Registered User"
"Lovia Opoku","0595168664","youngishv@gmail.com","2026-09-20T08:40:01.430007+00:00","Profile Updated; Placed Order; Transaction/Deposit; order_status_changed; order_placed; balance_changed; transaction_created; deposit_completed; transaction_status_changed; deposit_initiated; deposit_created","Registered User"
"Qwame iniesta","0556315038","iniestaoti@gmail.com","2026-09-20T08:35:20.221735+00:00","Profile Active (last_seen_at); Profile Updated; New Account Registered","Registered User"
"Vincent Adofo","0245984399","vincentadofo45@gmail.com","2026-09-20T08:35:01.535046+00:00","Placed Order; Transaction/Deposit; balance_changed; order_status_changed; transaction_created; order_placed; login_success; Attempted Login (login_success); Attempted Login (login_failed)","Registered User"
"Kenny🌟 jnr","0530083836","khingkhenzy@gmail.com","2026-09-20T08:35:01.202944+00:00","Placed Order; Transaction/Deposit; balance_changed; order_status_changed; transaction_created; order_placed","Registered User"
"Nancy Oforiwaa","0535080700","oforiwaanancy857@gmail.com","2026-09-20T08:34:53.077+00:00","login_success; LOGIN_SUCCESS; Attempted Login (login_success); Attempted Login (LOGIN_SUCCESS)","Registered User"
"Bismark Abban","0548460930","ebukweku@gmail.com","2026-09-20T08:28:22.559823+00:00","Profile Active (last_seen_at); Profile Updated; New Account Registered","Registered User"
"Rob mens","0549553342","robsocial30@gmail.com","2026-09-20T08:27:05.139183+00:00","Profile Active (last_seen_at); Profile Updated; New Account Registered","Registered User"
"(Attempted Login)","0595289801","","2026-09-20T08:25:58.159+00:00","Attempted Login (login_failed)","Attempted Login (Unregistered)"
"Gloriagyamfua","0593898136","gloriagyamfua025@gmail.com","2026-09-20T08:25:02.391573+00:00","order_status_changed","Registered User"
"Moses Nii Lamptey","0530237737","tbnabosslahor@gmail.com","2026-09-20T08:25:02.390827+00:00","Transaction/Deposit; balance_changed; order_status_changed; transaction_created","Registered User"
"Ansah Joel","0543404008","ansahgeorge1122@gmail.com","2026-09-20T08:25:00.994686+00:00","Placed Order; Transaction/Deposit; order_status_changed; order_placed; balance_changed; transaction_created","Registered User"
"Six.L Abanga","0267956034","six.l.abanga@mail.com","2026-09-20T08:24:49.605+00:00","login_success; LOGIN_SUCCESS; Attempted Login (login_success); Attempted Login (LOGIN_SUCCESS)","Registered User"
"carlosowusu","","carlosowusu@icloud.com","2026-09-20T08:23:47.483+00:00","Attempted Login (HIGH_VELOCITY_LOGIN_FAILURES); Attempted Login (login_failed)","Attempted Login (Unregistered)"
"Michael Atsu","0536914893","michaelatsu720@gmail.com","2026-09-20T08:22:53.321168+00:00","Profile Active (last_seen_at); Profile Updated; New Account Registered; Transaction/Deposit; transaction_status_changed; deposit_initiated; deposit_created","Registered User"
"Oppong Bright","0547190538","oppongbasty2244@gmail.com","2026-09-20T08:20:01.154978+00:00","Placed Order; Transaction/Deposit; order_status_changed; order_placed; balance_changed; transaction_created; transaction_status_changed; deposit_completed; deposit_initiated; deposit_created","Registered User"
"Ofosu Charles","0539931290","aphyalizzy@icloud.com","2026-09-20T08:20:01.154978+00:00","Placed Order; Transaction/Deposit; order_status_changed; order_placed; balance_changed; transaction_created; LOGIN_SUCCESS; Attempted Login (LOGIN_SUCCESS); Attempted Login (login_failed); Attempted Login (LOGIN_FAILED)","Registered User"
"Snipahbest1","0595753121","snipah308@gmail.com","2026-09-20T08:20:01.154978+00:00","Placed Order; Transaction/Deposit; order_status_changed; order_placed; balance_changed; transaction_created","Registered User"
"Amos Donkor","0552580775","kogyapa@gmail.com","2026-09-20T08:20:01.154978+00:00","Placed Order; Transaction/Deposit; order_status_changed; order_placed; balance_changed; transaction_created; login_success; Attempted Login (login_success)","Registered User"
"Dharqstde","0532024964","dharqstde@gmail.com","2026-09-20T08:19:33.781+00:00","Attempted Login (login_failed)","Registered User"
"ds3262067","","ds3262067@gmail.com","2026-09-20T08:18:47.797+00:00","Attempted Login (HIGH_VELOCITY_LOGIN_FAILURES); Attempted Login (login_failed)","Attempted Login (Unregistered)"
"Ernest Owusu","0509279312","owusuernest009900@icloud.com","2026-09-20T08:18:32.001596+00:00","Profile Active (last_seen_at); Profile Updated; New Account Registered","Registered User"
"Bernard","0538433765","ab0538433765@gmail.com","2026-09-20T08:15:10.292373+00:00","order_status_changed","Registered User"
"Hudu yakubu","0538002473","baaki45@gmail.com","2026-09-20T08:15:00.908729+00:00","Transaction/Deposit; balance_changed; order_status_changed; transaction_created","Registered User"
"Kofi Duah","0552745895","soloduah244@gmail.com","2026-09-20T08:15:00.89227+00:00","Transaction/Deposit; balance_changed; order_status_changed; transaction_created","Registered User"
"Agbagu Judith","0550575796","judithagbagwudadar@gmail.com","2026-09-20T08:15:00.871234+00:00","Transaction/Deposit; balance_changed; order_status_changed; transaction_created","Registered User"
"Prince Danso","0532929232","princedanso247@gmail.com","2026-09-20T08:11:56.677+00:00","login_success; LOGIN_SUCCESS; password_reset_success; Attempted Login (login_success); Attempted Login (LOGIN_SUCCESS); Attempted Login (password_reset_success); Attempted Login (login_failed); Attempted Login (LOGIN_FAILED); Attempted Login (login_failed)","Registered User"
"janetghcom925","","janetghcom925@gmail.com","2026-09-20T08:10:45.161+00:00","Attempted Login (login_failed)","Attempted Login (Unregistered)"
"PABLO ESCOBA","0596176137","kulaiseyarm@gmail.com","2026-09-20T08:10:44.480462+00:00","Transaction/Deposit; balance_changed; order_status_changed; transaction_created","Registered User"
"Lucas Andoh Owusu","0542944591","lucasandohowusu@gmail.com","2026-09-20T08:10:44.479938+00:00","Transaction/Deposit; balance_changed; order_status_changed; transaction_created","Registered User"
"Marcus","0558087163","marcustafa6@gmail.com","2026-09-20T08:10:44.190782+00:00","Transaction/Deposit; balance_changed; order_status_changed; transaction_created","Registered User"
"Perry chills","0553883248","exhibitperry123@gmail.com","2026-09-20T08:10:00.922863+00:00","Placed Order; Transaction/Deposit; order_status_changed; order_placed; balance_changed; transaction_created; deposit_completed; transaction_status_changed; deposit_initiated; deposit_created","Registered User"
"(Attempted Login)","0593123120","","2026-09-20T08:09:49.897+00:00","Attempted Login (login_failed)","Attempted Login (Unregistered)"
"(Attempted Login)","0203854472","","2026-09-20T08:09:47.574+00:00","Attempted Login (login_failed)","Attempted Login (Unregistered)"
"Drill Nyarkoh","0548495566","doranyarkoh56@gmail.com","2026-09-20T08:09:46.399796+00:00","Profile Active (last_seen_at); Profile Updated; New Account Registered","Registered User"
"Collins Mensah","0598902936","collinsmensah253@gmail.com","2026-09-20T08:08:21.948117+00:00","Profile Active (last_seen_at); Profile Updated; New Account Registered","Registered User"
"Jonathan Douglas Gyamfi","0597797699","gyamfidouglas892@gmail.com","2026-09-20T08:08:02.997564+00:00","Profile Active (last_seen_at); Profile Updated; New Account Registered","Registered User"
"Salawu Ahmed","0597052062","salawuahmed@cloud.com","2026-09-20T08:08:01.808+00:00","Profile Active (last_seen_at); Profile Updated; New Account Registered; LOGIN_SUCCESS; Attempted Login (LOGIN_SUCCESS); Attempted Login (login_failed)","Registered User"
"Angela Kwarko","0241556572","millicentotchere@yahoo.com","2026-09-20T08:06:46.352+00:00","Attempted Login (login_failed); Attempted Login (LOGIN_FAILED)","Registered User"
"4outhy 5ive","0536055535","owusukwame1290@icloud.com","2026-09-20T08:06:31.768+00:00","login_success; Attempted Login (login_success)","Registered User"
"Savage Morgan","0554459062","savagemorgan360@gmail.com","2026-09-20T08:05:43.987178+00:00","Placed Order; Transaction/Deposit; order_status_changed; order_placed; balance_changed; transaction_created","Registered User"
"Gazar","0202124109","gazarpf@gmail.com","2026-09-20T08:05:01.413599+00:00","Transaction/Deposit; balance_changed; order_status_changed; transaction_created","Registered User"
"Francisca Sarpomaa","0208304003","franciscasarpomaa2@gmail.com","2026-09-20T08:05:00.867365+00:00","Profile Active (last_seen_at); Profile Updated; Placed Order; Transaction/Deposit; order_status_changed; balance_changed; order_placed; transaction_created; deposit_completed; transaction_status_changed; deposit_initiated; deposit_created","Registered User"
"Owusu pablo","0594839925","richardowusuoduro@gmail.com","2026-09-20T08:02:32.127067+00:00","Profile Active (last_seen_at); Profile Updated; New Account Registered","Registered User"
"Rbb","0245876127","emiliawatson868@gmail.com","2026-09-20T08:00:05.546881+00:00","Placed Order; Transaction/Deposit; order_status_changed; order_placed; balance_changed; transaction_created; login_success; Attempted Login (login_success)","Registered User"
"Afia Fredy","0549611645","afiafredy52@gmail.com","2026-09-20T08:00:02.873616+00:00","Transaction/Deposit; transaction_status_changed; deposit_initiated; deposit_created","Registered User"
"Benjamin kpobi","0506436159","benjaminkpobi619@gmail.com","2026-09-20T07:59:48.739666+00:00","Profile Active (last_seen_at); Profile Updated; New Account Registered","Registered User"
"Omar scurry","0282992557","oppongprince877@gmail.com","2026-09-20T07:55:01.24074+00:00","Placed Order; Transaction/Deposit; balance_changed; order_status_changed; transaction_created; order_placed","Registered User"
"Oseipius","0556906061","oseipius633@gmail.com","2026-09-20T07:55:01.220328+00:00","Profile Active (last_seen_at); Profile Updated; Placed Order; Transaction/Deposit; order_status_changed; order_placed; balance_changed; transaction_created; transaction_status_changed; deposit_completed; deposit_initiated; deposit_created","Registered User"
"Foster Boahen","0542345341","boahenfoster60@gmail.com","2026-09-20T07:54:13.936+00:00","Attempted Login (login_failed); Attempted Login (LOGIN_FAILED)","Registered User"
"OG MONIES","0539684767","mooreblaychicago570@gmail.com","2026-09-20T07:49:31.071+00:00","login_success; Attempted Login (login_success)","Registered User"
"SAMUEL BAFFOE","0256695485","baffoesamuel451@gmail.com","2026-09-20T07:48:01.191+00:00","login_success; Attempted Login (login_success)","Registered User"
"princessobraku","","princessobraku@gmail.com","2026-09-20T07:48:00.318+00:00","Attempted Login (login_failed)","Attempted Login (Unregistered)"
"Maurice Brownson","0556132457","eudellakorantemaa@gmail.com","2026-09-20T07:45:43.55592+00:00","Placed Order; Transaction/Deposit; balance_changed; order_status_changed; transaction_created; order_placed","Registered User"
"Rich jackson","0535493406","ayamagdalene100k@gmail.com","2026-09-20T07:45:00.847997+00:00","Placed Order; Transaction/Deposit; order_status_changed; order_placed; balance_changed; transaction_created; login_success; Attempted Login (login_success)","Registered User"
"baahgyamfi153","","baahgyamfi153@gmail.com","2026-09-20T07:41:17.66+00:00","Attempted Login (login_failed)","Attempted Login (Unregistered)"
"(Attempted Login)","0530847755","","2026-09-20T07:36:35.67+00:00","Attempted Login (login_failed)","Attempted Login (Unregistered)"
"Ransford kwao","0249478550","ranskhalifa525@gmail.com","2026-09-20T07:35:13.809+00:00","Profile Active (last_seen_at)","Registered User"
"Okpan Hamzah","0247600002","okpanhamzah904@gmail.com","2026-09-20T07:35:01.029928+00:00","Profile Active (last_seen_at); Profile Updated; New Account Registered; Placed Order; Transaction/Deposit; order_status_changed; order_placed; balance_changed; transaction_created; deposit_completed; transaction_status_changed; deposit_initiated; deposit_created","Registered User"
"Emmanuel Enyaku","0257742305","emmanuelenyaku15@gmail.com","2026-09-20T07:32:45.668+00:00","login_success; Attempted Login (login_success)","Registered User"
"Richard Kwarteng","0257123148","kwartengrix@gmail.com","2026-09-20T07:32:41.482+00:00","Profile Active (last_seen_at)","Registered User"
"Jaky James Media","0248820909","jjyeboah45@gmail.com","2026-09-20T07:31:18.302598+00:00","Profile Active (last_seen_at); Profile Updated; New Account Registered","Registered User"
"Master planner","0531691816","oscarlibalmor16@gmail.com","2026-09-20T07:30:11.090392+00:00","Profile Active (last_seen_at); Profile Updated; New Account Registered; Attempted Login (login_failed)","Registered User"
"Kobby","0536521559","evansaduhammond@gmail.com","2026-09-20T07:30:03.999212+00:00","Placed Order; Transaction/Deposit; order_status_changed; order_placed; balance_changed; transaction_created; LOGIN_SUCCESS; login_success; Attempted Login (LOGIN_SUCCESS); Attempted Login (login_success)","Registered User"
"She must die rich","0547063450","baidooaduah@icloud.com","2026-09-20T07:30:02.447+00:00","login_success; Attempted Login (login_success)","Registered User"
"Melissa Anokye","0597635964","melissaanokye417@gmail.com","2026-09-20T07:30:02.222978+00:00","Transaction/Deposit; transaction_status_changed; deposit_initiated; deposit_created; login_success; password_reset_success; Attempted Login (login_success); Attempted Login (login_failed); Attempted Login (password_reset_success)","Registered User"
"Asare Jonathan","0550321800","iceman0257@icloud.com","2026-09-20T07:30:02.222978+00:00","Transaction/Deposit; transaction_status_changed; deposit_initiated; deposit_created","Registered User"
"Elizabeth","0542753637","elizabethasiamah154@gmail.com","2026-09-20T07:30:02.222978+00:00","Transaction/Deposit; transaction_status_changed; deposit_initiated; deposit_created; login_success; Attempted Login (login_success)","Registered User"
"Zinatu Musah ADDEI","0245980612","zinatumusah21@icloud.com","2026-09-20T07:30:02.222978+00:00","Transaction/Deposit; transaction_status_changed; deposit_initiated; deposit_created","Registered User"
"(Attempted Login)","0546883423","","2026-09-20T07:20:11.864+00:00","Attempted Login (login_failed)","Attempted Login (Unregistered)"
"(Attempted Login)","0599236276","","2026-09-20T07:20:02.922+00:00","Attempted Login (login_failed)","Attempted Login (Unregistered)"
"BIG HART","0555467334","bighart035@gmail.com","2026-09-20T07:19:02.471+00:00","Profile Active (last_seen_at); Profile Updated; New Account Registered","Registered User"
"Bismark Annor Junior","0247726708","bismarkjounior08@icloud.com","2026-09-20T07:15:01.639596+00:00","order_status_changed","Registered User"
"Big Narrows","0539737506","gafaruosman194@gmail.com","2026-09-20T07:11:45.184359+00:00","Profile Active (last_seen_at); Profile Updated; New Account Registered","Registered User"
"Leslie Lincoln","0598821206","leslielincoln63@gmail.com","2026-09-20T07:10:01.688036+00:00","Placed Order; Transaction/Deposit; order_status_changed; order_placed; balance_changed; transaction_created","Registered User"
"Isaac Boadi","0597348065","boadiisaac122@icloud.com","2026-09-20T07:08:39.728327+00:00","Profile Active (last_seen_at); Profile Updated; New Account Registered","Registered User"
"Manner","0203379611","herritasara@gmail.com","2026-09-20T07:06:41.117+00:00","Attempted Login (login_failed)","Registered User"
"Francis Baah","0246167608","francisbaah1772@gmail.com","2026-09-20T07:05:35.736+00:00","login_success; Attempted Login (login_success)","Registered User"
"Trouble shitnagga real","0534393239","kmarcus12345678@gmail.com","2026-09-20T07:04:18.103112+00:00","Profile Active (last_seen_at); Profile Updated; New Account Registered","Registered User"
"MR SBF","0597602105","sonofbigfamily@gmail.com","2026-09-20T07:00:02.193298+00:00","Placed Order; Transaction/Deposit; order_status_changed; order_placed; balance_changed; transaction_created","Registered User"
"Nathaniel Mensah","0551715459","nathanieladjei400@gmail.com","2026-09-20T06:58:45.500122+00:00","Profile Active (last_seen_at); New Account Registered","Registered User"
"Obeng Charles","0202923451","obengc120@icloud.com","2026-09-20T06:56:34.512428+00:00","Profile Active (last_seen_at); Profile Updated; New Account Registered","Registered User"
"Bilakpenim  Stephen","0531285639","stephenbilakpenim39@iclod.com","2026-09-20T06:55:07.593303+00:00","order_status_changed","Registered User"
"Rich Monet","0538694008","richmonet54@gmail.com","2026-09-20T06:55:01.413075+00:00","Placed Order; Transaction/Deposit; order_status_changed; order_placed; balance_changed; transaction_created","Registered User"
"brightoduro417","","brightoduro417@gmail.com","2026-09-20T06:50:07.894+00:00","Attempted Login (login_failed)","Attempted Login (Unregistered)"
"geraldokpetaaa106","","geraldokpetaaa106@gmail.com","2026-09-20T06:47:28.664+00:00","Attempted Login (login_failed)","Attempted Login (Unregistered)"
"Osei Bismarck","0556701611","bismarckosei827@gmail.com","2026-09-20T06:45:06.701591+00:00","order_status_changed","Registered User"
"Mohammed Haruna","0551539232","chilling124@icloud.com","2026-09-20T06:45:00.901602+00:00","Placed Order; Transaction/Deposit; order_status_changed; order_placed; balance_changed; transaction_created","Registered User"
"Koffy Guy Guy","0241260113","appiah.ohene19@gmail.com","2026-09-20T06:40:00.764455+00:00","Profile Updated; Placed Order; Transaction/Deposit; order_status_changed; order_placed; balance_changed; transaction_created; login_success; deposit_completed; transaction_status_changed; deposit_initiated; deposit_created; Attempted Login (login_success)","Registered User"
"desmondbempong69","","desmondbempong69@icloud.com","2026-09-20T06:34:02.457+00:00","Attempted Login (login_failed)","Attempted Login (Unregistered)"
"CLEMENT ATUSONGO","0248552205","backsight1@gmail.com","2026-09-20T06:33:14.07074+00:00","Profile Active (last_seen_at); Profile Updated; New Account Registered","Registered User"
"Essien Solomon","0206875071","essiensolomon210@gmail.com","2026-09-20T06:30:32.735355+00:00","Profile Active (last_seen_at); Profile Updated; New Account Registered","Registered User"
"Saeed","0556921628","bawahsaeed857@gmail.com","2026-09-20T06:30:00.986811+00:00","Transaction/Deposit; transaction_status_changed; deposit_initiated; deposit_created; login_success; Attempted Login (login_success)","Registered User"
"Hero Sconzy","0553938514","herosconzy117@gmail.com","2026-09-20T06:25:43.46882+00:00","Placed Order; Transaction/Deposit; order_status_changed; order_placed; balance_changed; transaction_created","Registered User"
"endlessrhich233","","endlessrhich233@gmail.com","2026-09-20T06:24:19.345+00:00","Attempted Login (login_failed)","Attempted Login (Unregistered)"
"Takyi Festus","0594667955","amanfifestus@gmail.com","2026-09-20T06:20:02.146216+00:00","Profile Updated; Placed Order; Transaction/Deposit; order_status_changed; order_placed; balance_changed; transaction_created; login_success; deposit_completed; transaction_status_changed; deposit_initiated; deposit_created; Attempted Login (login_success)","Registered User"
"Alex05500","0535553839","lildemon1200@gmail.com","2026-09-20T06:18:40.318+00:00","login_success; Attempted Login (login_success)","Registered User"
"Nyarko Boutros","0597682129","et053936@gmail.com","2026-09-20T06:18:18.417321+00:00","Profile Active (last_seen_at); Profile Updated; New Account Registered","Registered User"
"Samuel Adomako","0245009412","samueladomako202@gmail.com","2026-09-20T06:17:14.791883+00:00","Profile Active (last_seen_at); Profile Updated; New Account Registered","Registered User"
"Moro Bashiru","0549927400","morobashiru@gail.com","2026-09-20T06:15:44.212481+00:00","Profile Updated; Placed Order; Transaction/Deposit; order_status_changed; order_placed; balance_changed; transaction_created; deposit_completed; transaction_status_changed; deposit_initiated; deposit_created","Registered User"
"Rich Koffee","0544175839","ogfrichkoffee@gmail.com","2026-09-20T06:15:01.798148+00:00","order_status_changed","Registered User"
"Blessing","0545584806","amoahemmanuel7890@gmail.com","2026-09-20T06:15:01.098393+00:00","Placed Order; Transaction/Deposit; balance_changed; order_status_changed; transaction_created; order_placed","Registered User"
"Erica ninson","0558636047","ericaninson1@icloud.com","2026-09-20T06:13:37.569932+00:00","Profile Active (last_seen_at); Profile Updated; New Account Registered; Attempted Login (login_failed)","Registered User"
"ninsonerica66","","ninsonerica66@gmail.com","2026-09-20T06:11:39.842+00:00","Attempted Login (login_failed)","Attempted Login (Unregistered)"
"Addai charity","0245317874","addaicharity12@gmail.com","2026-09-20T06:10:01.85994+00:00","Placed Order; Transaction/Deposit; order_status_changed; order_placed; balance_changed; transaction_created; login_success; Attempted Login (login_success)","Registered User"
"Dadaba jnr","0598095037","juniorvorsah@icloud.com","2026-09-20T06:10:01.667846+00:00","Placed Order; Transaction/Deposit; order_status_changed; order_placed; balance_changed; transaction_created","Registered User"
"JEDIDIAH Nti","0249614148","jedidiahnti638@gmail.com","2026-09-20T06:08:50.747686+00:00","Profile Active (last_seen_at); Profile Updated; New Account Registered","Registered User"
"Ugly fashion","0556669113","opeydaniel849@gmail.com","2026-09-20T06:05:02.057462+00:00","order_status_changed","Registered User"
"Asiamah Elvis","0591998864","asiamahelvis0543@gmail.com","2026-09-20T06:00:04.6871+00:00","Transaction/Deposit; transaction_status_changed; deposit_initiated; deposit_created","Registered User"
"Kelvin Klein","0543555153","isaacassiam240@gmail.com","2026-09-20T05:57:14.688104+00:00","Profile Active (last_seen_at); Profile Updated; New Account Registered","Registered User"
"Chief Baah Afful","0534523135","baahafful92@gmail.com","2026-09-20T05:55:01.593953+00:00","order_status_changed","Registered User"
"okolieebele12","","okolieebele12@gmail.com","2026-09-20T05:48:49.285+00:00","Attempted Login (login_failed)","Attempted Login (Unregistered)"
"Unknown Celebrity","0505791169","trappylord2323@icloud.com","2026-09-20T05:45:43.880821+00:00","Profile Active (last_seen_at); Profile Updated; New Account Registered; Placed Order; Transaction/Deposit; order_status_changed; order_placed; balance_changed; transaction_created; login_success; LOGIN_SUCCESS; deposit_completed; transaction_status_changed; deposit_initiated; deposit_created; Attempted Login (login_success); Attempted Login (LOGIN_SUCCESS); Attempted Login (login_failed)","Registered User"
"(Attempted Login)","0555087566","","2026-09-20T05:33:54.367+00:00","Attempted Login (login_failed)","Attempted Login (Unregistered)"
"Beenpaid233","0202912656","saylogan29@gmail.com","2026-09-20T05:30:01.981781+00:00","Profile Active (last_seen_at); Profile Updated; New Account Registered; Placed Order; Transaction/Deposit; order_status_changed; order_placed; balance_changed; transaction_created; deposit_completed; transaction_status_changed; deposit_initiated; deposit_created","Registered User"
"Maxwell Owusu","0594509160","maxyowusu@gmail.com","2026-09-20T05:30:01.795577+00:00","Profile Updated; Placed Order; Transaction/Deposit; balance_changed; order_status_changed; transaction_created; order_placed; deposit_completed; transaction_status_changed; deposit_initiated; deposit_created; LOGIN_SUCCESS; password_reset_success; Attempted Login (LOGIN_SUCCESS); Attempted Login (login_failed); Attempted Login (LOGIN_FAILED); Attempted Login (password_reset_success)","Registered User"
"Philippa","0551165118","philippaankmoh30@gmail.com","2026-09-20T05:30:01.77909+00:00","Placed Order; Transaction/Deposit; order_status_changed; order_placed; balance_changed; transaction_created","Registered User"
"Moses Antwi","0534205821","antwimoses189@gmail.com","2026-09-20T05:25:01.426276+00:00","Placed Order; Transaction/Deposit; order_status_changed; order_placed; balance_changed; transaction_created","Registered User"
"Boateng Abraham","0532635405","kofinegasty111@gmail.com","2026-09-20T05:22:35.516+00:00","LOGIN_SUCCESS; password_reset_success; Attempted Login (LOGIN_SUCCESS); Attempted Login (password_reset_success)","Registered User"
"Joshua","0598066582","b4502747@gmail.com","2026-09-20T05:15:29.201+00:00","login_success; Attempted Login (login_success)","Registered User"
"James Ahorsu","0593422036","jamesahorsu4@gmail.com","2026-09-20T05:10:44.401413+00:00","Placed Order; Transaction/Deposit; order_status_changed; order_placed; balance_changed; transaction_created; login_success; LOGIN_SUCCESS; Attempted Login (login_success); Attempted Login (LOGIN_SUCCESS)","Registered User"
"Siamon Anthony","0503355764","siamonanthony21@gmail.com","2026-09-20T05:10:01.229197+00:00","Placed Order; Transaction/Deposit; order_status_changed; order_placed; balance_changed; transaction_created; deposit_completed; transaction_status_changed; deposit_initiated; deposit_created","Registered User"
"𝓑𝓲𝓰𝓰𝓮𝓼𝓽 𝓲𝓟𝓱𝓸𝓷","0504871964","baddestwendys4@gmail.com","2026-09-20T05:05:01.789037+00:00","Profile Active (last_seen_at); New Account Registered; Placed Order; Transaction/Deposit; order_status_changed; transaction_status_changed; order_placed; balance_changed; transaction_created; deposit_completed; deposit_initiated; deposit_created","Registered User"
"Banx😜🥷🏻","0537177068","richmondkumi2020@gmail.com","2026-09-20T05:05:01.551062+00:00","Placed Order; Transaction/Deposit; order_status_changed; order_placed; balance_changed; transaction_created; login_success; Attempted Login (login_success)","Registered User"
"Muhammad Lawan","0537245545","realmuhammadmk@gmail.com","2026-09-20T05:02:09.65+00:00","login_success; Attempted Login (login_success)","Registered User"
"Owusu Koranteng","0592871953","odobroni@gmail.com","2026-09-20T05:00:02.729603+00:00","Transaction/Deposit; transaction_status_changed; deposit_initiated; deposit_created","Registered User"
"Dickson Asare","0591949456","asaredickson330@gmail.com","2026-09-20T04:55:00.904084+00:00","Placed Order; Transaction/Deposit; order_status_changed; order_placed; balance_changed; transaction_created","Registered User"
"Dominic Amoako","0593590779","amoakodkminic708@gmail.com","2026-09-20T04:45:41.55+00:00","login_success; LOGIN_SUCCESS; password_reset_success; Attempted Login (login_success); Attempted Login (LOGIN_SUCCESS); Attempted Login (password_reset_success)","Registered User"
"Linda Osei Gyasi","0557274069","maakaakyirenanaama0@gmail.com","2026-09-20T04:45:28.402499+00:00","Profile Active (last_seen_at); Profile Updated; New Account Registered","Registered User"
"amoakodominic708","","amoakodominic708@gmail.com","2026-09-20T04:45:15.708+00:00","Attempted Login (login_failed)","Attempted Login (Unregistered)"
"Yb Føçüs","0536192313","jamesowusuansah949@gmail.com","2026-09-20T04:44:28.654+00:00","login_success; Attempted Login (login_success)","Registered User"
"amoakodominic708","","amoakodominic708@gmil.com","2026-09-20T04:41:28.331+00:00","Attempted Login (login_failed)","Attempted Login (Unregistered)"
"Curly","0245858232","dansoapenteng70@gmail.com","2026-09-20T04:40:01.607403+00:00","Placed Order; Transaction/Deposit; balance_changed; order_status_changed; transaction_created; order_placed","Registered User"
"Nelson smith","0206514564","nelsonsmith5544@gmail.com","2026-09-20T04:35:43.975856+00:00","Placed Order; Transaction/Deposit; order_status_changed; order_placed; balance_changed; transaction_created","Registered User"
"Tmp","0206202072","cyril17@gmail.com","2026-09-20T04:35:02.463679+00:00","order_status_changed","Registered User"
"BISMARK OSEI BOATENG","0249218619","meillar39@gmail.com","2026-09-20T04:32:03.249758+00:00","Profile Active (last_seen_at); Profile Updated; New Account Registered","Registered User"
"Dj Swatty","0597369767","djswatty2@gmail.com","2026-09-20T04:30:49.43+00:00","login_success; Attempted Login (login_success); Attempted Login (login_failed)","Registered User"
"Gerald Mintah","0558646780","gerald.mintah@icloud.com","2026-09-20T04:30:03.787696+00:00","Placed Order; Transaction/Deposit; transaction_status_changed; order_status_changed; order_placed; balance_changed; transaction_created; deposit_initiated; deposit_created","Registered User"
"Wisdom","0535833341","kwakutwum1@icloud.com","2026-09-20T04:30:03.787696+00:00","Transaction/Deposit; transaction_status_changed; deposit_initiated; deposit_created","Registered User"
"Akaah Samuel","0508167346","larwehchemical@gmail.com","2026-09-20T04:30:01.319321+00:00","Placed Order; Transaction/Deposit; order_status_changed; order_placed; balance_changed; transaction_created; deposit_completed; transaction_status_changed; deposit_initiated; deposit_created; login_success; LOGIN_SUCCESS; Attempted Login (login_success); Attempted Login (LOGIN_SUCCESS)","Registered User"
"emmanuellaoduro74","","emmanuellaoduro74@gmail.com","2026-09-20T04:29:10.653+00:00","Attempted Login (login_failed)","Attempted Login (Unregistered)"
"raymondkekeli119","","raymondkekeli119@gmail.com","2026-09-20T04:22:50.88+00:00","Attempted Login (login_failed)","Attempted Login (Unregistered)"
"Daniel","0550034919","silverdollar407@gmail.com","2026-09-20T04:20:43.879026+00:00","Profile Active (last_seen_at); Profile Updated; New Account Registered; Placed Order; Transaction/Deposit; order_status_changed; order_placed; balance_changed; transaction_created; login_success; deposit_completed; transaction_status_changed; deposit_initiated; deposit_created; Attempted Login (login_success)","Registered User"
"Yakubu","0545278962","yakubuissifu52@gmail.com","2026-09-20T04:20:21.124577+00:00","Profile Active (last_seen_at); Profile Updated; New Account Registered","Registered User"
"Mikybrown","0246998029","mikybrown0500940140@gmail.com","2026-09-20T04:14:02.296+00:00","Profile Active (last_seen_at); Profile Updated; New Account Registered; LOGIN_SUCCESS; Attempted Login (LOGIN_SUCCESS)","Registered User"
"Bernard","0558279916","rorycharves@gmail.com","2026-09-20T04:10:01.414814+00:00","Placed Order; Transaction/Deposit; transaction_created; balance_changed; order_status_changed; order_placed","Registered User"
"amoakosolomon2008","","amoakosolomon2008@gmail.com","2026-09-20T04:04:44.557+00:00","Attempted Login (login_failed)","Attempted Login (Unregistered)"
"kelvinarthur","","kelvinarthur@gmail.com","2026-09-20T04:01:42.719+00:00","Attempted Login (HIGH_VELOCITY_LOGIN_FAILURES); Attempted Login (login_failed)","Attempted Login (Unregistered)"
"Sadick Sherif","0551250223","sadicksherif8@gmail.com","2026-09-20T04:00:03.23301+00:00","Transaction/Deposit; transaction_status_changed; deposit_initiated; deposit_created","Registered User"
"Kelvin Arthur","0533760849","wisdomcanty123@gmail.com","2026-09-20T03:58:54.006+00:00","Attempted Login (login_failed); Attempted Login (LOGIN_FAILED); Attempted Login (login_failed)","Registered User"
"Shadrach godigah","0257261637","shadrachgodigah250@gmail.com","2026-09-20T03:55:00.916842+00:00","Profile Updated; Placed Order; Transaction/Deposit; balance_changed; order_status_changed; transaction_created; order_placed; login_success; LOGIN_SUCCESS; deposit_completed; transaction_status_changed; deposit_initiated; deposit_created; Attempted Login (login_success); Attempted Login (LOGIN_SUCCESS)","Registered User"
"richmayola","","richmayola@gmail.com","2026-09-20T03:53:57.994+00:00","Attempted Login (login_failed)","Attempted Login (Unregistered)"
"Sway nyame","0542871914","parmilablonde@gmail.com","2026-09-20T03:52:44.70651+00:00","Profile Active (last_seen_at); Profile Updated; New Account Registered","Registered User"
"(Attempted Login)","0888717269","","2026-09-20T03:50:51.887+00:00","Attempted Login (login_failed)","Attempted Login (Unregistered)"
"Bonsvm","0257596114","basitamoako@gmail.com","2026-09-20T03:50:01.151404+00:00","Profile Active (last_seen_at); Profile Updated; New Account Registered; Placed Order; Transaction/Deposit; order_status_changed; order_placed; balance_changed; transaction_created; deposit_completed; transaction_status_changed; deposit_initiated; deposit_created","Registered User"
"John","0570007081","jj2025us@gmail.com","2026-09-20T03:50:01.151404+00:00","Profile Updated; Placed Order; Transaction/Deposit; order_status_changed; order_placed; balance_changed; transaction_created; deposit_completed; transaction_status_changed; deposit_initiated; deposit_created; login_success; Attempted Login (login_success)","Registered User"
"Atta Vincent","0594785885","attacoolboy@gmail.com","2026-09-20T03:45:28.221+00:00","Profile Active (last_seen_at); Profile Updated; New Account Registered; LOGIN_SUCCESS; Attempted Login (LOGIN_SUCCESS); Attempted Login (login_failed); Attempted Login (LOGIN_FAILED)","Registered User"
"Yomahjulius","0559160437","yomahjulius47@icloud.com","2026-09-20T03:42:12.340497+00:00","Profile Active (last_seen_at); Profile Updated; New Account Registered","Registered User"
"KOFI__WYSE","0533195765","kofiemmanuel001z@gmail.com","2026-09-20T03:38:59.910926+00:00","Profile Active (last_seen_at); Profile Updated; New Account Registered","Registered User"
"Ketura Awere","0532103527","keturaawere140@gmail.com","2026-09-20T03:37:06.702325+00:00","Placed Order; Transaction/Deposit; balance_changed; order_status_changed; transaction_created; order_placed","Registered User"
"Godwin asare","0208381609","boatengasaregodwinnana@gmail.com","2026-09-20T03:35:40.17025+00:00","Profile Active (last_seen_at); Profile Updated; New Account Registered","Registered User"
"Asante","0558048393","twiskid@gmail.com","2026-09-20T03:30:02.364059+00:00","Profile Active (last_seen_at); Profile Updated; New Account Registered; Transaction/Deposit; transaction_status_changed; deposit_initiated; deposit_created; Attempted Login (login_failed)","Registered User"
"6years","0539081176","amofahokrahj@email.com","2026-09-20T03:30:02.364059+00:00","Profile Updated; Placed Order; Transaction/Deposit; transaction_status_changed; deposit_initiated; deposit_created; login_success; order_status_changed; order_placed; balance_changed; transaction_created; deposit_completed; Attempted Login (login_success)","Registered User"
"Samuel Jackson","0233543408","evidencejunior329@gmail.com","2026-09-20T03:30:02.364059+00:00","Transaction/Deposit; transaction_status_changed; deposit_initiated; deposit_created; login_success; Attempted Login (login_success)","Registered User"
"Emmanuel Abandoh","0599998321","abandohemmanuel@gmail.com","2026-09-20T03:28:54.783052+00:00","Profile Active (last_seen_at); Profile Updated; New Account Registered","Registered User"
"Kirk Fawaz Omar","0592472002","kirkomar15@gmail.com","2026-09-20T03:25:00.947771+00:00","Placed Order; Transaction/Deposit; order_status_changed; order_placed; balance_changed; transaction_created","Registered User"
"Sadick Iddrisu","0535056158","iddrisusadick329@gmail.com","2026-09-20T03:25:00.947771+00:00","Placed Order; Transaction/Deposit; order_status_changed; transaction_status_changed; order_placed; balance_changed; transaction_created; deposit_completed; deposit_initiated; deposit_created; login_success; LOGIN_SUCCESS; password_reset_success; Attempted Login (login_success); Attempted Login (LOGIN_SUCCESS); Attempted Login (password_reset_success); Attempted Login (login_failed); Attempted Login (LOGIN_FAILED)","Registered User"
"congonassire113","","congonassire113@gmail.com","2026-09-20T03:21:13.341+00:00","Attempted Login (login_failed)","Attempted Login (Unregistered)"
"(Attempted Login)","0537318183","","2026-09-20T03:18:36.241+00:00","Attempted Login (login_failed)","Attempted Login (Unregistered)"
"Oscar Opoku Adasi","0531566345","oscaropokuadasi@gmail.com","2026-09-20T03:15:01.355924+00:00","Placed Order; Transaction/Deposit; order_status_changed; order_placed; balance_changed; transaction_created","Registered User"
"Omar Foreigner","0548602641","offsetomar12@icloud.com","2026-09-20T03:15:01.158607+00:00","Placed Order; Transaction/Deposit; order_status_changed; order_placed; balance_changed; transaction_created","Registered User"
"Hayford Duodu","0245934538","hayfordduodu49@gmail.com","2026-09-20T03:14:59.773175+00:00","Profile Active (last_seen_at); Profile Updated; New Account Registered","Registered User"
"Augustina","0248840981","kyeikelvin303@egail.com","2026-09-20T03:10:43.655194+00:00","Transaction/Deposit; balance_changed; order_status_changed; transaction_created","Registered User"
"C kaka ba","0557500174","ckakaba84@gmail.com","2026-09-20T03:10:43.651068+00:00","Placed Order; Transaction/Deposit; order_status_changed; order_placed; balance_changed; transaction_created","Registered User"
"kenniegotmilk","0556444379","kennethkotey@gmail.com","2026-09-20T03:10:01.116495+00:00","Placed Order; Transaction/Deposit; order_status_changed; order_placed; balance_changed; transaction_created; deposit_completed; transaction_status_changed; deposit_initiated; deposit_created","Registered User"
"Marcellinus Meyir","0240647688","marcellinusmeyir@gmail.com","2026-09-20T03:04:20.92795+00:00","Profile Active (last_seen_at); Profile Updated; New Account Registered; Attempted Login (login_failed)","Registered User"
"Richie Moore","0542103592","richiemoore7890@gmail.com","2026-09-20T03:00:03.46585+00:00","Profile Updated; Placed Order; Transaction/Deposit; transaction_status_changed; order_status_changed; order_placed; balance_changed; transaction_created; deposit_completed; deposit_initiated; deposit_created","Registered User"
"Musah Mohammed","0553401197","morgansmoke6@gmail.com","2026-09-20T03:00:02.606245+00:00","Placed Order; Transaction/Deposit; order_status_changed; order_placed; balance_changed; transaction_created; login_success; Attempted Login (login_success)","Registered User"
"Pressure King","0555081230","kpressure607@gmail.com","2026-09-20T02:58:37.785+00:00","login_success; Attempted Login (login_success)","Registered User"
"Clement Obeng","0592682198","obengclement132@gmail.com","2026-09-20T02:53:37.383821+00:00","Profile Active (last_seen_at); Profile Updated; New Account Registered; Attempted Login (login_failed)","Registered User"
"Young","0206598779","abdulrahmansillah102@gmail.com","2026-09-20T02:52:27.955+00:00","login_success; Attempted Login (login_success)","Registered User"
"Emmanuel Oppong","0557485604","emmanuelop560@gmail.com","2026-09-20T02:50:00.583046+00:00","Placed Order; Transaction/Deposit; order_status_changed; order_placed; balance_changed; transaction_created","Registered User"
"G money","0546806960","gagbedzie368@gmail.com","2026-09-20T02:50:00.583046+00:00","order_status_changed","Registered User"
"Baron","0534138860","ogbaron@icloud.com","2026-09-20T02:49:00.009+00:00","login_success; Attempted Login (login_success)","Registered User"
"Seth Opoku","0538603465","oseth8428@gmail.com","2026-09-20T02:42:40.076445+00:00","Profile Active (last_seen_at); Profile Updated; New Account Registered","Registered User"
"DIØN","0543408803","donkoryawantwi22@gmail.com","2026-09-20T02:40:26.409+00:00","Attempted Login (login_failed)","Registered User"
"Annan Dave","0246393600","annnandave@gmail.com","2026-09-20T02:40:01.353218+00:00","Transaction/Deposit; balance_changed; order_status_changed; transaction_created","Registered User"
"Millicent Asediua","0533822630","millicentasediua@gmail.com","2026-09-20T02:39:03.176+00:00","login_success; Attempted Login (login_success); Attempted Login (login_failed)","Registered User"
"Sadat TDM","0544617681","sadattdm808@gmail.com","2026-09-20T02:38:30.028275+00:00","Profile Active (last_seen_at); Profile Updated; New Account Registered","Registered User"
"Alfred Yeboah","0549854884","mhanfocus83@gmail.com","2026-09-20T02:37:36.353+00:00","Profile Active (last_seen_at); login_success; Attempted Login (login_success)","Registered User"
"Oboy Fabi","0538800690","oboyfabi199@gmail.com","2026-09-20T02:35:46.655+00:00","login_success; LOGIN_SUCCESS; Attempted Login (login_success); Attempted Login (LOGIN_SUCCESS)","Registered User"
"David Antonio","0201698914","ad9950512@gmail.com","2026-09-20T02:35:43.876779+00:00","Placed Order; Transaction/Deposit; order_status_changed; order_placed; balance_changed; transaction_created","Registered User"
"AVENUE 🎧 BABY🥷","0539700821","nancymensah532@gmail.com","2026-09-20T02:35:00.977919+00:00","Placed Order; Transaction/Deposit; order_status_changed; order_placed; balance_changed; transaction_created; login_success; Attempted Login (login_success)","Registered User"
"Esther Boamah","0595416670","estherboamah2025@gmail.com","2026-09-20T02:35:00.975076+00:00","Profile Updated; Placed Order; Transaction/Deposit; order_status_changed; order_placed; balance_changed; transaction_created; deposit_completed; transaction_status_changed; deposit_initiated; deposit_created","Registered User"
"Raynous Asamoah","0593482864","ishmaelgyamfi38@gmail.com","2026-09-20T02:34:49.616478+00:00","Profile Active (last_seen_at); Profile Updated; New Account Registered","Registered User"
"Nana","0538158541","kwofieagnes424@gmail.com","2026-09-20T02:30:03.831445+00:00","Transaction/Deposit; transaction_status_changed; deposit_initiated; deposit_created","Registered User"
"Tony Blair Ankan","0509183247","alindamitante@gmail.com","2026-09-20T02:25:01.051767+00:00","Profile Updated; Placed Order; Transaction/Deposit; order_status_changed; order_placed; balance_changed; transaction_created; deposit_completed; transaction_status_changed; deposit_initiated; deposit_created","Registered User"
"Mcm","0593051095","edwardacquah@icloud.com","2026-09-20T02:20:01.092926+00:00","Placed Order; Transaction/Deposit; order_status_changed; order_placed; balance_changed; transaction_created","Registered User"
"Derrick Appah","","derrickappah17@gmail.com","2026-09-20T02:18:40.934+00:00","login_success; Attempted Login (login_success)","Registered User"
"m91842773","","m91842773@gmail.com","2026-09-20T02:15:57.954+00:00","Attempted Login (login_failed)","Attempted Login (Unregistered)"
"Rita Amman","0535063695","ritaamman0@gmail.com","2026-09-20T02:15:43.642279+00:00","Profile Updated; Placed Order; Transaction/Deposit; order_status_changed; order_placed; balance_changed; transaction_created; deposit_completed; transaction_status_changed; deposit_initiated; deposit_created","Registered User"
"Formana","0531203737","elormfo123@gmail.com","2026-09-20T02:15:37.405237+00:00","Profile Active (last_seen_at); Profile Updated; New Account Registered; Attempted Login (login_failed)","Registered User"
"Ramzy Essoun","0541474351","gesellecolly886@gmail.com","2026-09-20T02:13:30.109+00:00","Profile Active (last_seen_at); Profile Updated; New Account Registered; LOGIN_SUCCESS; Attempted Login (LOGIN_SUCCESS)","Registered User"
"Amponsah Andy","0550283996","amponsahandy28@gmail.com","2026-09-20T02:12:12.459+00:00","Attempted Login (login_failed); Attempted Login (LOGIN_FAILED)","Registered User"
"𝐊𝐢𝐧𝐠 𝐋𝐚𝐦𝐚𝐫","0240872926","henryocran70@gmail.com","2026-09-20T02:11:02.427+00:00","login_success; LOGIN_SUCCESS; password_reset_success; Attempted Login (login_success); Attempted Login (login_failed); Attempted Login (LOGIN_SUCCESS); Attempted Login (password_reset_success)","Registered User"
"Prince Adams","0552362078","hangouttellem45@gmail.com","2026-09-20T02:10:00.810865+00:00","Profile Active (last_seen_at); Profile Updated; New Account Registered; Placed Order; Transaction/Deposit; balance_changed; order_status_changed; transaction_created; order_placed; deposit_completed; transaction_status_changed; deposit_initiated; deposit_created","Registered User"
"Omablaq","0502566122","omac63571@gmail.com","2026-09-20T02:09:51.272251+00:00","Profile Active (last_seen_at); New Account Registered","Registered User"
"(Attempted Login)","0247848838","","2026-09-20T02:07:39.257+00:00","Attempted Login (login_failed)","Attempted Login (Unregistered)"
"(Attempted Login)","0503325792","","2026-09-20T02:07:15.982+00:00","Attempted Login (login_failed)","Attempted Login (Unregistered)"
"More Dan Chairman","0541475867","moredanchairman@gmail.com","2026-09-20T02:06:14.248+00:00","Profile Active (last_seen_at); Profile Updated; New Account Registered","Registered User"
"Raymond Ankomah","0249821107","ankomahraymond803@gmail.com","2026-09-20T02:00:44.427256+00:00","Placed Order; Transaction/Deposit; order_status_changed; order_placed; balance_changed; transaction_created","Registered User"
"Caleb Kwofie","0595909102","calebkwofie442@gmail.com","2026-09-20T02:00:03.885369+00:00","Profile Active (last_seen_at); Profile Updated; New Account Registered; Transaction/Deposit; transaction_status_changed; deposit_initiated; deposit_created; Attempted Login (login_failed)","Registered User"
"McScott","0256589815","emmaasamoah025@gmail.com","2026-09-20T02:00:03.885369+00:00","Profile Active (last_seen_at); Profile Updated; New Account Registered; Transaction/Deposit; transaction_status_changed; deposit_initiated; deposit_created","Registered User"
"Joseph Ntori Amponsah","0534909572","josephamponsahanthony@gmail.com","2026-09-20T02:00:03.885369+00:00","Transaction/Deposit; transaction_status_changed; login_success; deposit_initiated; deposit_created; Attempted Login (login_success)","Registered User"
"Akuamoah Tabitha","0500960863","tabithaakuamoah.@gmail.com","2026-09-20T02:00:02.451594+00:00","Transaction/Deposit; balance_changed; order_status_changed; transaction_created","Registered User"
"Agyemang Emmanuel","0534698474","emmaagyemang817@gmail.com","2026-09-20T01:59:36.625+00:00","Attempted Login (login_failed)","Registered User"
"Unknown Celebrity","0241199465","dorcasasuako38@gmail.com","2026-09-20T01:58:35.499+00:00","Attempted Login (login_failed); Attempted Login (LOGIN_FAILED)","Registered User"
"Kel Lin💋♥️","0552453205","kel@gmail.com","2026-09-20T01:57:11.361585+00:00","Profile Active (last_seen_at); Profile Updated; New Account Registered","Registered User"
"Henry Appiah","0546577592","appiahkarl@icloud.com","2026-09-20T01:57:07.787089+00:00","Profile Active (last_seen_at); Profile Updated; New Account Registered","Registered User"
"kofi0552074611","","kofi0552074611@gmail.com","2026-09-20T01:56:59.792+00:00","Attempted Login (login_failed)","Attempted Login (Unregistered)"
"Asare Godfred","0536043240","asaresavage95@gmail.com","2026-09-20T01:55:01.955065+00:00","Profile Active (last_seen_at); Placed Order; Transaction/Deposit; order_status_changed; order_placed; balance_changed; transaction_created; login_success; Attempted Login (login_success)","Registered User"
"OfficialKwameErnest","0592200468","eokumarki@gmail.com","2026-09-20T01:52:26.819746+00:00","Profile Active (last_seen_at); Profile Updated; New Account Registered","Registered User"
"Glen","0533764151","fantasticglenn433@gmail.com","2026-09-20T01:50:12.705815+00:00","Profile Active (last_seen_at); Profile Updated; New Account Registered","Registered User"
"Marfo Kofi","0504217744","marfoanning@gmail.com","2026-09-20T01:50:01.779204+00:00","Placed Order; Transaction/Deposit; order_status_changed; order_placed; balance_changed; transaction_created","Registered User"
"Princess Opoku","0203912897","princessopoku522@email.com","2026-09-20T01:49:27.658+00:00","LOGIN_SUCCESS; login_success; Attempted Login (LOGIN_SUCCESS); Attempted Login (login_success)","Registered User"
"Bhiggest AMG","0242327353","drahseth38@gmail.com","2026-09-20T01:45:52.347761+00:00","Profile Active (last_seen_at); Profile Updated; New Account Registered","Registered User"
"Sky","0543607302","sky758277@gmail.com","2026-09-20T01:45:00.71378+00:00","Profile Active (last_seen_at); Profile Updated; Placed Order; Transaction/Deposit; order_status_changed; order_placed; balance_changed; transaction_created; transaction_status_changed; deposit_completed; deposit_initiated; deposit_created","Registered User"
"Lucas Srki","0201663919","nigfameye14@gmail.com","2026-09-20T01:45:00.71378+00:00","Profile Updated; Placed Order; Transaction/Deposit; order_status_changed; order_placed; balance_changed; transaction_created; deposit_completed; transaction_status_changed; deposit_initiated; deposit_created; login_success; Attempted Login (login_success); Attempted Login (login_failed); Attempted Login (LOGIN_FAILED)","Registered User"
"(Attempted Login)","9024222611","","2026-09-20T01:44:37.501+00:00","Attempted Login (login_failed)","Attempted Login (Unregistered)"
"chidubememmanuel942","","chidubememmanuel942@gmail.com","2026-09-20T01:44:13.819+00:00","Attempted Login (login_failed)","Attempted Login (Unregistered)"
"asaresavage95","","asaresavage95@gmsil.com","2026-09-20T01:43:47.605+00:00","Attempted Login (login_failed)","Attempted Login (Unregistered)"
"Abilemah","0592104942","abilemahuria@gmail.com","2026-09-20T01:40:01.515481+00:00","Placed Order; Transaction/Deposit; order_status_changed; order_placed; balance_changed; transaction_created","Registered User"
"Kofi Leader","0534990816","kofileader9@gmail.com","2026-09-20T01:40:01.515481+00:00","Placed Order; Transaction/Deposit; order_status_changed; order_placed; balance_changed; transaction_created; login_success; Attempted Login (login_success)","Registered User"
"simcardgh685","","simcardgh685@gmail.com","2026-09-20T01:37:51.283+00:00","Attempted Login (login_failed)","Attempted Login (Unregistered)"
"oboisimcardgh685","","oboisimcardgh685@gmail.com","2026-09-20T01:36:23.781+00:00","Attempted Login (login_failed)","Attempted Login (Unregistered)"
"Oduro Pilate","0535888246","pilateoduro@gmail.com","2026-09-20T01:36:07.433+00:00","Attempted Login (login_failed); Attempted Login (LOGIN_FAILED)","Registered User"
"garanepacome","","garanepacome@icloud.com","2026-09-20T01:35:53.712+00:00","Attempted Login (login_failed)","Attempted Login (Unregistered)"
"OBOI simcard GH","0553233005","simcard.com@icloud.com","2026-09-20T01:35:32.455+00:00","Attempted Login (login_failed); Attempted Login (LOGIN_FAILED)","Registered User"
"Asare Christian","0543563605","asare3christian@gmail.com","2026-09-20T01:35:01.553055+00:00","Placed Order; Transaction/Deposit; order_status_changed; order_placed; balance_changed; transaction_created; deposit_completed; transaction_status_changed; deposit_initiated; deposit_created","Registered User"
"Brobbey KWABENA","0256982087","brobbeykwabena06@gmail.com","2026-09-20T01:35:01.553055+00:00","Placed Order; Transaction/Deposit; order_status_changed; order_placed; balance_changed; transaction_created","Registered User"
"Hakim","0597645783","ibrahimhakeem889@gmail.com","2026-09-20T01:35:01.553055+00:00","order_status_changed","Registered User"
"Joyce Annan","0595877475","cashoutdeemoney@gmail.com","2026-09-20T01:34:23.550266+00:00","Profile Active (last_seen_at); Profile Updated; New Account Registered; Attempted Login (login_failed)","Registered User"
"Garane pacome","0539319170","garanepacome@gamil.com","2026-09-20T01:31:59.703442+00:00","Profile Active (last_seen_at); Profile Updated; New Account Registered; Attempted Login (login_failed)","Registered User"
"lawrence Adusei","0536768372","aduseilawrence12@gmail.com","2026-09-20T01:30:06.436139+00:00","Profile Active (last_seen_at); Profile Updated; New Account Registered; Attempted Login (login_failed)","Registered User"
"Moses Botchway","0245375265","mosesbotchway14@gmail.com","2026-09-20T01:30:03.825981+00:00","Profile Active (last_seen_at); Profile Updated; New Account Registered; Transaction/Deposit; transaction_status_changed; deposit_initiated; deposit_created; Attempted Login (login_failed)","Registered User"
"Osmond Agyei","0551457882","osmond123@gmail.com.www.com","2026-09-20T01:30:03.825981+00:00","Profile Active (last_seen_at); Profile Updated; New Account Registered; Transaction/Deposit; transaction_status_changed; deposit_initiated; deposit_created; Attempted Login (login_failed)","Registered User"
"Digital boss","0599805151","lleentertainmentgh@gmail.com","2026-09-20T01:30:03.825981+00:00","Profile Updated; Placed Order; Transaction/Deposit; transaction_status_changed; order_status_changed; order_placed; balance_changed; transaction_created; deposit_completed; deposit_initiated; deposit_created","Registered User"
"Young wise","0264277821","isaackofi4004@gmail.com","2026-09-20T01:30:03.825981+00:00","Transaction/Deposit; transaction_status_changed; deposit_initiated; deposit_created; login_success; Attempted Login (login_success)","Registered User"
"Tommy flex","0552206257","smartabekahessien@gmail.com","2026-09-20T01:30:01.993591+00:00","order_status_changed","Registered User"
"Yaa","0241306972","yawn9083@gmail.com","2026-09-20T01:30:01.31213+00:00","Placed Order; Transaction/Deposit; balance_changed; order_status_changed; transaction_created; order_placed","Registered User"
"Kel","0550420868","kaddaisiaw@gmail.com","2026-09-20T01:29:54.851965+00:00","Profile Active (last_seen_at); Profile Updated; New Account Registered","Registered User"
"garanepacome","","garanepacome@gmail.com","2026-09-20T01:27:55.013+00:00","Attempted Login (login_failed)","Attempted Login (Unregistered)"
"𝑴𝒓 𝑱𝒖𝒏𝒊𝒐𝒓🧃❤️✈️","0203750222","kingsleykorbah@gmail.com","2026-09-20T01:25:16.99388+00:00","Profile Active (last_seen_at); Profile Updated; New Account Registered","Registered User"
"(Attempted Login)","0599337316","","2026-09-20T01:25:10.128+00:00","Attempted Login (login_failed)","Attempted Login (Unregistered)"
"Richesthungout","0245097153","georginaamoah620@gmail.com","2026-09-20T01:25:01.660055+00:00","Profile Active (last_seen_at); New Account Registered; Placed Order; Transaction/Deposit; order_status_changed; order_placed; balance_changed; transaction_created; deposit_completed; transaction_status_changed; deposit_initiated; deposit_created","Registered User"
"Albert Bossman","0530409966","albertbossman442@gmail.com","2026-09-20T01:25:01.660055+00:00","Profile Active (last_seen_at); Profile Updated; New Account Registered; Placed Order; Transaction/Deposit; order_status_changed; order_placed; balance_changed; transaction_created; deposit_completed; transaction_status_changed; deposit_initiated; deposit_created","Registered User"
"(Attempted Login)","0249759717","","2026-09-20T01:24:49.061+00:00","Attempted Login (login_failed)","Attempted Login (Unregistered)"
"prettyanita203","","prettyanita203@gmail.com","2026-09-20T01:24:17.09+00:00","Attempted Login (login_failed)","Attempted Login (Unregistered)"
"Kelvin","0593534232","nyarkorohi@gmail.com","2026-09-20T01:23:25.822+00:00","login_success; Attempted Login (login_success)","Registered User"
"Kyere Clement","0245513016","kyereclement12@gmail.com","2026-09-20T01:22:16.006488+00:00","Profile Active (last_seen_at); Profile Updated; New Account Registered","Registered User"
"nigfameye14","","nigfameye14@icloud.com","2026-09-20T01:21:49.511+00:00","Attempted Login (login_failed)","Attempted Login (Unregistered)"
"Kweku","0553644248","bismarkkwekugyasi1@icloud.com","2026-09-20T01:20:52.006107+00:00","Profile Active (last_seen_at); Profile Updated; New Account Registered","Registered User"
"Vivian Frimpong","0555049558","akuaboahemaa@icloud.com","2026-09-20T01:19:13.221+00:00","Profile Active (last_seen_at)","Registered User"
"olurantiemmanuel40","","olurantiemmanuel40@gmail.com","2026-09-20T01:18:05.512+00:00","Attempted Login (login_failed)","Attempted Login (Unregistered)"
"Amanda Maweh","0551532881","mandy@lolo.com","2026-09-20T01:15:09.996024+00:00","order_status_changed","Registered User"
"Frimpong pious","0537072432","frimpongpious@gmail.com","2026-09-20T01:15:01.469178+00:00","Placed Order; Transaction/Deposit; order_status_changed; order_placed; balance_changed; transaction_created","Registered User"
"Adam seidu","0257066345","ziberto79@gmail.com","2026-09-20T01:12:59.828057+00:00","Profile Active (last_seen_at); Profile Updated; New Account Registered","Registered User"
"Skyface gh","2332471776","clementtang010@gmail.com","2026-09-20T01:11:19.574+00:00","Attempted Login (login_failed)","Registered User"
"Princessa Sackey","0275167768","sackeyprincessaelizabeth@gmail.com","2026-09-20T01:10:01.401969+00:00","order_status_changed","Registered User"
"twintohwilliamkofi","","twintohwilliamkofi@gmail.com","2026-09-20T01:08:47.157+00:00","Attempted Login (login_failed)","Attempted Login (Unregistered)"
"Andy","0248611832","andrewskoranteng334@gmail.com","2026-09-20T01:07:26.027717+00:00","Profile Active (last_seen_at); Profile Updated; New Account Registered","Registered User"
"Richest Super","0532733982","richestsuper45@gmail.com","2026-09-20T01:05:01.278628+00:00","Placed Order; Transaction/Deposit; order_status_changed; order_placed; balance_changed; transaction_created","Registered User"
"Joyce forson","0599584322","egyinperezia01@gmail.com","2026-09-20T01:04:06.5+00:00","Attempted Login (login_failed)","Registered User"
"King von","0202710496","kvon4913@gmail.com","2026-09-20T01:01:57.21+00:00","Placed Order; Transaction/Deposit; login_success; order_status_changed; order_placed; balance_changed; transaction_created; Attempted Login (login_success)","Registered User"
"Samuel Acqauh","0557652917","brightnyamah137@gmail.com","2026-09-20T01:00:18.131+00:00","login_success; LOGIN_SUCCESS; password_reset_success; Attempted Login (login_success); Attempted Login (LOGIN_SUCCESS); Attempted Login (password_reset_success)","Registered User"
"Kumah","0247609344","jannan547@gmail.com","2026-09-20T01:00:03.318898+00:00","Transaction/Deposit; transaction_status_changed; deposit_initiated; deposit_created","Registered User"
"Alexander aidoo","0554771069","boatdesmond054@gmail.com","2026-09-20T01:00:03.318898+00:00","Transaction/Deposit; transaction_status_changed; deposit_initiated; deposit_created","Registered User"
"SKERROH GEE","0549248734","mikastley50@gmail.com","2026-09-20T01:00:03.318898+00:00","Transaction/Deposit; transaction_status_changed; deposit_initiated; deposit_created; LOGIN_SUCCESS; password_reset_success; login_success; Attempted Login (LOGIN_SUCCESS); Attempted Login (password_reset_success); Attempted Login (login_success)","Registered User"
"Kissi Gideon","0550602203","agyeiwaaabenaa407@gmail.com","2026-09-20T01:00:03.318898+00:00","Transaction/Deposit; transaction_status_changed; deposit_initiated; deposit_created; login_success; password_reset_success; Attempted Login (login_success); Attempted Login (HIGH_VELOCITY_LOGIN_FAILURES); Attempted Login (login_failed); Attempted Login (password_reset_success); Attempted Login (LOGIN_FAILED)","Registered User"
"Patrick Asare","0509278529","patrickasare1123@gmail.com","2026-09-20T01:00:03.318898+00:00","Transaction/Deposit; transaction_status_changed; deposit_initiated; deposit_created","Registered User"
"Collins","0553593588","qwamelogic309@gmail.com","2026-09-20T00:55:01.133671+00:00","Placed Order; Transaction/Deposit; order_status_changed; order_placed; balance_changed; transaction_created; deposit_completed; transaction_status_changed; deposit_initiated; deposit_created","Registered User"
"Richard Owusu","0246414999","richarddumevi@icloud.com","2026-09-20T00:55:01.127419+00:00","Placed Order; Transaction/Deposit; order_status_changed; order_placed; balance_changed; transaction_created","Registered User"
"Boahene Felix","0531115073","boahene510@gmail.com","2026-09-20T00:54:52.155916+00:00","Profile Active (last_seen_at); Profile Updated; New Account Registered","Registered User"
"Cephas","0599298915","majesty00official@gmail.com","2026-09-20T00:53:32.875671+00:00","Profile Active (last_seen_at); Profile Updated; New Account Registered","Registered User"
"Daniel frimpong","0545522652","danielfrimpongbaidoo374@gmail.com","2026-09-20T00:53:28.433912+00:00","Profile Active (last_seen_at); Profile Updated; New Account Registered","Registered User"
"Abraham Afla","0543428095","abrahamafia09@gmail.com","2026-09-20T00:52:02.426906+00:00","Profile Active (last_seen_at); Profile Updated; New Account Registered","Registered User"
"Priscilla","0540668529","abenacyphers.com@icloud.com","2026-09-20T00:50:43.988978+00:00","Transaction/Deposit; balance_changed; order_status_changed; transaction_created","Registered User"
"Byreal1122","0543973980","akwasiphilip6060@icloud.com","2026-09-20T00:50:42.752931+00:00","Profile Active (last_seen_at); Profile Updated; New Account Registered; Attempted Login (login_failed)","Registered User"
"Eric","0559782660","emay98350@gmail.com","2026-09-20T00:47:14.769+00:00","Attempted Login (login_failed)","Registered User"
"Ismail Muhaisu","0535781622","muhaisuismail26@gmail.com","2026-09-20T00:46:36.995821+00:00","Profile Active (last_seen_at); Profile Updated; New Account Registered","Registered User"
"Big Jiggy","0530685947","randsford057ansu@gamil.com","2026-09-20T00:45:43.759606+00:00","Placed Order; Transaction/Deposit; order_status_changed; order_placed; balance_changed; transaction_created; deposit_completed; transaction_status_changed; deposit_initiated; deposit_created","Registered User"
"tinyvirgin6","","tinyvirgin6@gmail.com","2026-09-20T00:42:43.11+00:00","Attempted Login (login_failed)","Attempted Login (Unregistered)"
"Gyasi Kingsley","0599503375","gyasikingsley902@gmail.com","2026-09-20T00:42:15.208229+00:00","Profile Active (last_seen_at); Profile Updated; New Account Registered","Registered User"
"Yussifabubakari","0592064024","jestinabrown10@gmail.com","2026-09-20T00:41:52.3+00:00","login_success; password_reset_success; Attempted Login (login_success); Attempted Login (login_failed); Attempted Login (password_reset_success)","Registered User"
"Belletti","0544717519","richhdakidd17@gmail.com","2026-09-20T00:40:00.925445+00:00","Profile Updated; Placed Order; Transaction/Deposit; order_status_changed; order_placed; balance_changed; transaction_created; deposit_completed; transaction_status_changed; deposit_initiated; deposit_created","Registered User"
"Nelson Melvin","0205729253","nelsonmelvin780@gmail.com","2026-09-20T00:40:00.925445+00:00","Placed Order; Transaction/Deposit; order_status_changed; order_placed; balance_changed; transaction_created","Registered User"
"(Attempted Login)","0553158927","","2026-09-20T00:39:54.847+00:00","Attempted Login (login_failed)","Attempted Login (Unregistered)"
"(Attempted Login)","0548820673","","2026-09-20T00:36:57.599+00:00","Attempted Login (login_failed)","Attempted Login (Unregistered)"
"Raphael","0507840932","godsonraphael751@gmail.com","2026-09-20T00:36:21.629+00:00","login_success; password_reset_success; Attempted Login (login_success); Attempted Login (login_failed); Attempted Login (password_reset_success)","Registered User"
"Abena Adepa","0541937516","patucomfort@gmail.com","2026-09-20T00:35:03.848329+00:00","Profile Active (last_seen_at); New Account Registered","Registered User"
"Low Battery","0208746480","derrickasanteansah@gmail.com","2026-09-20T00:35:00.008+00:00","login_success; Attempted Login (login_success)","Registered User"
"Bismark kojo Asamoah","0550473830","bismarkkojoasamoah167@gmail.com","2026-09-20T00:33:12.29+00:00","Profile Active (last_seen_at); Profile Updated; New Account Registered; Attempted Login (login_failed); Attempted Login (LOGIN_FAILED)","Registered User"
"Ahwireng Joseph","0592635041","ahwirengj429@gmail.com","2026-09-20T00:31:33.524+00:00","login_success; Attempted Login (login_success)","Registered User"
"srahajefferson","0533115809","srahaj3@gmail.com","2026-09-20T00:30:30.667+00:00","Profile Active (last_seen_at)","Registered User"
"Earl","0503522451","earlappenteng838@gmail.com","2026-09-20T00:30:03.364891+00:00","Transaction/Deposit; transaction_status_changed","Registered User"
"Amankwaa Blessing","0534565026","amankwaablessing1150@icloud.com","2026-09-20T00:30:03.364891+00:00","Transaction/Deposit; transaction_status_changed; order_status_changed","Registered User"
"Bright Nkansah","0244368480","livingvon@gmail.com","2026-09-20T00:30:03.364891+00:00","transaction_status_changed","Registered User"
"D.Koffa","0531285674","dovirichard74@icloud.com","2026-09-20T00:30:03.364891+00:00","transaction_status_changed","Registered User"
"Opoku Randy","0548016841","gangsterlowkey09@gmail.com","2026-09-20T00:30:03.364891+00:00","transaction_status_changed","Registered User"
"Mustapha Alhassan","0202125329","malhassan72728@gmail.com","2026-09-20T00:30:03.364891+00:00","transaction_status_changed","Registered User"
"Cyber Mandem","0257475972","mandemdj163@gmail.com","2026-09-20T00:30:02.79984+00:00","Profile Active (last_seen_at); Profile Updated; New Account Registered","Registered User"
"Nathaniel","0559580024","appiahnathaniel20@gmail.com","2026-09-20T00:30:02.537345+00:00","Transaction/Deposit; balance_changed; order_status_changed; transaction_created","Registered User"
"Dangerous stagar","0598214827","dangerousstagar@gmail.com","2026-09-20T00:30:02.34357+00:00","order_status_changed","Registered User"
"Yaa lesson","0549779945","gloriadedepadi@gmail.com","2026-09-20T00:25:00.871772+00:00","Placed Order; Transaction/Deposit; order_status_changed; order_placed; balance_changed; transaction_created; login_success; Attempted Login (login_success)","Registered User"
"Wahabu Sani","0204660915","bumzybella067@gmail.com","2026-09-20T00:23:22.701+00:00","login_success; LOGIN_SUCCESS; Attempted Login (login_success); Attempted Login (LOGIN_SUCCESS)","Registered User"
"Afutu Zebulon","0539386592","afutuzebulon22@gmail.com","2026-09-20T00:20:44.095387+00:00","order_status_changed","Registered User"
"Hehehdhd","0521551554","ayamint22@gmail.com","2026-09-20T00:20:43.841884+00:00","Placed Order; Transaction/Deposit; order_status_changed; order_placed; balance_changed; transaction_created","Registered User"
"Royal Rich","0593948043","richroyal152@gmail.com","2026-09-20T00:20:43.569308+00:00","Transaction/Deposit; balance_changed; order_status_changed; transaction_created","Registered User"
"Essamuella Perez","0201335316","perezodoley@gmail.com","2026-09-20T00:20:01.454494+00:00","Profile Active (last_seen_at); Profile Updated; New Account Registered; Placed Order; Transaction/Deposit; order_status_changed; order_placed; balance_changed; transaction_created; deposit_completed; transaction_status_changed; deposit_initiated; deposit_created","Registered User"
"Biggest Nathaniel","0546925439","nathanielakolgo@icloud.com","2026-09-20T00:20:01.454494+00:00","Placed Order; Transaction/Deposit; order_status_changed; order_placed; balance_changed; transaction_created","Registered User"
"prince boakye","0555081987","gracewhite3454@gmail.com","2026-09-20T00:20:01.454494+00:00","Placed Order; Transaction/Deposit; order_status_changed; order_placed; balance_changed; transaction_created","Registered User"
"Rolland babu","0592295844","rollandbabu2@gmail.com","2026-09-20T00:20:01.454494+00:00","Placed Order; Transaction/Deposit; order_status_changed; order_placed; balance_changed; transaction_created","Registered User"
"Solomon Razak","0550512832","zack33034@gmail.com","2026-09-20T00:20:01.454494+00:00","Placed Order; Transaction/Deposit; order_status_changed; order_placed; balance_changed; transaction_created","Registered User"
"Ali baba","0538559862","dckhemikal@gmail.com","2026-09-20T00:20:01.454494+00:00","Placed Order; Transaction/Deposit; order_status_changed; order_placed; balance_changed; transaction_created; login_success; Attempted Login (login_success)","Registered User"
"(Attempted Login)","0052270176","","2026-09-20T00:18:20.648+00:00","Attempted Login (login_failed)","Attempted Login (Unregistered)"
"Garba Ismail","0555289038","garbaismail1957@gmail.com","2026-09-20T00:15:59.809907+00:00","Profile Active (last_seen_at); Profile Updated; New Account Registered; Attempted Login (login_failed)","Registered User"
"John Doe","0597429863","sandowpeter992@gmail.com","2026-09-20T00:15:00.981737+00:00","Placed Order; Transaction/Deposit; order_status_changed; order_placed; balance_changed; transaction_created","Registered User"
"SAEED CYBHA","0530735018","saeedcybha2@gmail.com","2026-09-20T00:14:26.808+00:00","login_success; Attempted Login (login_success)","Registered User"
"Yeboahwiser","0504140434","yeboahwiser53@gmail.com","2026-09-20T00:14:23.675+00:00","Profile Active (last_seen_at)","Registered User"
"Steven Dadzie","0555897053","stevendadzie2007@icloud.com","2026-09-20T00:14:09.001+00:00","login_success; Attempted Login (login_success); Attempted Login (login_failed); Attempted Login (LOGIN_FAILED)","Registered User"
"Thug","0506183308","sikaboateng15@gmail.com","2026-09-20T00:14:03.504419+00:00","Profile Active (last_seen_at); Profile Updated; New Account Registered","Registered User"
"Micheal Ampadu","0595578840","michealampadu135@icloud.com","2026-09-20T00:13:41.177459+00:00","Profile Active (last_seen_at); Profile Updated; New Account Registered","Registered User"
"Young rich","0248508986","1patienceappiah@gmail.com","2026-09-20T00:10:43.59995+00:00","order_status_changed","Registered User"
"Kelvin Ocran","0508106639","boatengsylvester24@gmail.com","2026-09-20T00:09:28.559+00:00","login_success; Attempted Login (login_success); Attempted Login (login_failed)","Registered User"
"Patrick Agyei","0598660021","agyeip076@gmail.com","2026-09-20T00:05:43.715673+00:00","order_status_changed","Registered User"
"fauziafuseini350","","fauziafuseini350@gmail.com","2026-09-20T00:05:14.202+00:00","Attempted Login (login_failed)","Attempted Login (Unregistered)"
"BIIG_TOXIC_🦅🇺🇸","0551481434","brightagrosum77@email.com","2026-09-20T00:05:02.091661+00:00","Transaction/Deposit; balance_changed; order_status_changed; transaction_created","Registered User"
"Andoh Emmanuel","0257541549","endlessrhich123@gmail.com","2026-09-20T00:04:10.3301+00:00","Profile Active (last_seen_at); New Account Registered; Attempted Login (login_failed)","Registered User"
"Kwekublame","0592271853","kwekublameofficial@gmail.com","2026-09-20T00:00:04.521225+00:00","Transaction/Deposit; transaction_status_changed","Registered User"
"Emmanuel Asiedu1","0508264081","nakwabenajosephine@gmail.com","2026-09-20T00:00:04.521225+00:00","Transaction/Deposit; transaction_status_changed","Registered User"
"𝓣𝓾𝓹𝓪𝓬 𝓢𝓱𝓪𝓴𝓾𝓻","0535223309","dibaacheampong@gmail.com","2026-09-20T00:00:04.521225+00:00","Transaction/Deposit; transaction_status_changed","Registered User"
"Appiah Lordina","0592608180","akualordina5@icloud.com","2026-09-20T00:00:04.291089+00:00","order_status_changed","Registered User"