Order ID,Provider,Provider Order ID,System Status,Provider Status,Mapped Status,Remains,Quantity,Created At
"c3cbf55d-151c-4afd-afdf-c1174f50c38c","OldSMM","9431959","processing","Pending","pending","200",200,"2026-09-03T22:18:10.68314+00:00"
"af2379b0-78cc-430c-8d2d-bc0a46f86395","OldSMM","9431957","processing","Pending","pending","100",100,"2026-09-03T22:18:04.591191+00:00"
"e6fc58d0-60bb-4cff-ae0d-8b7232c7266d","OldSMM","9431951","processing","Pending","pending","200",200,"2026-09-03T22:17:54.431367+00:00"
"d048186e-790d-4385-aabc-d15e8d975522","OldSMM","9431948","processing","Pending","pending","100",100,"2026-09-03T22:17:48.908389+00:00"
"e6c4af58-af6f-45a8-9a62-4b5cf27032d5","OldSMM","9431937","processing","Pending","pending","100",100,"2026-09-03T22:17:17.512381+00:00"
"396ca13d-768d-4b99-b810-876c1b18d78b","OldSMM","9431921","processing","Pending","pending","2000",2000,"2026-09-03T22:16:39.741643+00:00"
"dfdfabb9-3b87-4ab0-924e-9d08a2ecb604","OldSMM","9431906","processing","Pending","pending","250",250,"2026-09-03T22:15:53.294165+00:00"
"8aef7de2-d95c-4fc9-bc3f-779f2e5b5293","OldSMM","9431896","processing","Pending","pending","500",500,"2026-09-03T22:15:25.063099+00:00"
"f87df044-b3be-490d-a533-961e9df5e476","OldSMM","9431886","processing","Pending","pending","200",200,"2026-09-03T22:15:07.03757+00:00"
"dd8e0ded-867c-4c29-bda8-7a752f1575a6","OldSMM","9431883","in progress","Pending","pending","500",500,"2026-09-03T22:14:58.170585+00:00"
"91164258-6c62-47f6-9791-2cdd4fcf3ba9","OldSMM","9431838","in progress","Pending","pending","400",400,"2026-09-03T22:13:05.015704+00:00"
"93684371-5cd2-4b11-94e2-3811f57a119b","OldSMM","9431620","in progress","Pending","pending","1000",1000,"2026-09-03T21:59:59.775278+00:00"
"78c0bc74-4558-46c4-9dff-7ffd078131c2","OldSMM","9431326","in progress","Pending","pending","100",100,"2026-09-03T21:44:03.332842+00:00"
"ce47d446-bd9b-4db3-aad1-b0d9a74640fe","OldSMM","9431300","refunded","Canceled","canceled","200",200,"2026-09-03T21:43:02.61383+00:00"
"8b55e902-2e20-40ac-b4b8-77de2a4912c4","OldSMM","9431085","in progress","Pending","pending","500",500,"2026-09-03T21:34:35.902044+00:00"
"61d086a3-ba60-4fb2-a707-bfcd0f9fb9fc","OldSMM","9431039","refunded","Canceled","canceled","150",150,"2026-09-03T21:32:46.032496+00:00"
"1b9e92dc-291d-4200-bbd1-5f1b417b4d8f","OldSMM","9430989","in progress","Pending","pending","500",500,"2026-09-03T21:30:16.182337+00:00"
"6fa3a628-850d-4866-9993-fe4f3279e295","OldSMM","9430927","refunded","Canceled","canceled","200",200,"2026-09-03T21:26:56.55286+00:00"
"199e2e9e-7b92-4f21-a54a-292af1d715dd","OldSMM","9430871","in progress","Pending","pending","100",100,"2026-09-03T21:24:07.184911+00:00"
"dade46a5-7582-4331-be2f-da5d18fef4ae","OldSMM","9430617","refunded","Canceled","canceled","100",100,"2026-09-03T21:12:32.242924+00:00"
"0e1a87ad-f9f7-4d05-9ca8-9219569c1054","OldSMM","9430604","refunded","Canceled","canceled","500",500,"2026-09-03T21:12:11.242021+00:00"
"b96a0efd-d41f-4d16-858a-3396dd379fd1","OldSMM","9430533","refunded","Canceled","canceled","100",100,"2026-09-03T21:08:20.850138+00:00"
"325d8afe-7807-4def-b330-2a05854acdfb","OldSMM","9430475","in progress","Pending","pending","200",200,"2026-09-03T21:06:50.142658+00:00"
"096eb7ab-7bbb-48c1-8487-27222a681898","OldSMM","9430422","in progress","Pending","pending","100",100,"2026-09-03T21:06:13.001546+00:00"
"c5887dea-8ebc-4460-82b0-22bcb1ee3ce7","OldSMM","9430231","refunded","Canceled","canceled","1000",1000,"2026-09-03T20:57:47.652842+00:00"
"12a5c46e-dddd-444c-b82d-0a86a46100e7","OldSMM","9430027","refunded","Canceled","canceled","200",200,"2026-09-03T20:49:07.437893+00:00"
"1e809de5-5c0a-46ee-abd4-f33b1e650a1f","OldSMM","9429990","refunded","Canceled","canceled","200",200,"2026-09-03T20:47:27.811068+00:00"
"85f57470-aa9e-4c7a-9b38-7507cde9f4a0","OldSMM","9429649","in progress","Pending","pending","100",100,"2026-09-03T20:29:17.239389+00:00"
"b6c3b120-f66d-46ef-92e2-e9a46b98ce35","OldSMM","9429605","refunded","Canceled","canceled","2000",2000,"2026-09-03T20:27:35.397635+00:00"
"06333926-bef6-44e0-a0d7-9d643b4f3035","OldSMM","9429516","refunded","Canceled","canceled","500",500,"2026-09-03T20:22:44.462591+00:00"
"dcc4a9e1-bfe5-414e-80ef-9addd25a8ec5","OldSMM","9429357","in progress","Completed","completed","0",100,"2026-09-03T20:13:43.19643+00:00"
"15e81692-5856-4a46-8306-f589cc9c8ab5","OldSMM","9429104","in progress","Pending","pending","100",100,"2026-09-03T20:00:49.472653+00:00"
"3b68380f-f4f6-4b46-a7a3-553aeac6970a","OldSMM","9429081","refunded","Canceled","canceled","1000",1000,"2026-09-03T19:59:25.251031+00:00"
"f7b66af0-61ff-45b6-8739-f77f01832103","OldSMM","9428437","in progress","Pending","pending","200",200,"2026-09-03T19:27:02.739797+00:00"
"bd12af34-9286-4cb1-9885-34d2b239b12b","OldSMM","9428417","in progress","Pending","pending","100",100,"2026-09-03T19:25:56.541676+00:00"
"401d2d8c-3844-4d3a-9639-d7574c167555","OldSMM","9428377","refunded","Canceled","canceled","200",200,"2026-09-03T19:23:23.774713+00:00"
"a14f78f1-bbc5-4b99-a58e-fe055e1be9e8","OldSMM","9428368","refunded","Canceled","canceled","200",200,"2026-09-03T19:22:59.490593+00:00"
"ee61bc37-2ff6-4579-82c9-ff2f0ebe3df4","OldSMM","9428347","in progress","Pending","pending","100",100,"2026-09-03T19:22:15.017905+00:00"
"eef589cc-9cce-47f7-9061-5db7c3360eff","OldSMM","9428329","in progress","Pending","pending","100",100,"2026-09-03T19:21:48.538631+00:00"
"829161fa-ce51-4749-b324-5ba81bc822ea","OldSMM","9428152","in progress","Pending","pending","100",100,"2026-09-03T19:13:27.51741+00:00"
"353f2159-1d09-4123-baea-89dd1714fa97","OldSMM","9427977","refunded","Canceled","canceled","500",500,"2026-09-03T19:08:34.868583+00:00"
"16e848fc-c2be-416d-841b-e6e46332cf29","OldSMM","9427927","refunded","Canceled","canceled","100",100,"2026-09-03T19:06:33.91519+00:00"
"d8334c78-8969-4052-af38-4c3446dfea04","OldSMM","9427918","refunded","Canceled","canceled","100",100,"2026-09-03T19:06:07.888918+00:00"
"6e6bb7db-08df-43dd-8013-0290b7cb0bd2","OldSMM","9427915","in progress","Pending","pending","500",500,"2026-09-03T19:06:06.466934+00:00"
"27638ca4-4f5b-4333-80eb-a7322ee46f63","OldSMM","9427775","refunded","Canceled","canceled","100",100,"2026-09-03T18:58:42.391635+00:00"
"6efacaea-b58a-4f05-8bd7-a6cb971c370d","OldSMM","9427535","refunded","Canceled","canceled","400",400,"2026-09-03T18:49:33.001796+00:00"
"0c20e420-f068-4688-9a22-4940160d4827","OldSMM","9426966","in progress","Pending","pending","100",100,"2026-09-03T18:24:55.650096+00:00"
"c8820e04-e83b-4ed3-903b-5153added04e","OldSMM","9426963","in progress","Pending","pending","200",200,"2026-09-03T18:24:43.40494+00:00"
"b5b5ed6f-e963-4048-9926-58cc5a420f24","OldSMM","9426941","refunded","Canceled","canceled","100",100,"2026-09-03T18:24:02.189488+00:00"
"2d8cf58b-437d-4b74-8533-afc8cefdf443","OldSMM","9426824","refunded","Canceled","canceled","200",200,"2026-09-03T18:17:38.251581+00:00"
"7b65b723-90a4-46f1-a9f7-daacbded6e7f","OldSMM","9426814","in progress","Pending","pending","100",100,"2026-09-03T18:17:13.970612+00:00"
"389dae18-d7f8-43ed-9757-2182afae9318","OldSMM","9426679","in progress","Pending","pending","200",200,"2026-09-03T18:11:39.338193+00:00"
"2b972dff-6a99-49aa-84f2-ecc802fb0602","OldSMM","9426642","in progress","Pending","pending","200",200,"2026-09-03T18:10:03.459277+00:00"
"a4e1d931-d4a8-4438-bcf2-be07a3646a0c","OldSMM","9426373","refunded","Canceled","canceled","100",100,"2026-09-03T17:56:48.161882+00:00"
"fc292453-e4ed-4240-876d-9b532358f739","OldSMM","9426161","in progress","Pending","pending","100",100,"2026-09-03T17:47:43.603313+00:00"
"07a62886-b2d1-4c68-a5a5-a868aefea857","OldSMM","9425792","refunded","Canceled","canceled","100",100,"2026-09-03T17:33:03.363972+00:00"
"b0c0ee5e-51a6-40a0-b774-6fd6a3edf299","OldSMM","9425695","in progress","Pending","pending","110",110,"2026-09-03T17:29:52.148419+00:00"
"5adb8715-adad-455d-a541-32158af35b89","OldSMM","9425449","refunded","Canceled","canceled","200",200,"2026-09-03T17:20:54.792009+00:00"
"80ff5919-65c6-4ff7-b876-ba0abf050f67","OldSMM","9425025","in progress","Pending","pending","300",300,"2026-09-03T17:04:15.943574+00:00"
"d92a5676-f6b2-4b16-b05c-32fd55745cdf","OldSMM","9424895","refunded","Canceled","canceled","1000",1000,"2026-09-03T16:58:41.920426+00:00"
"75472433-231e-4cb4-a5c9-6b7217226c6f","OldSMM","9424852","refunded","Canceled","canceled","100",100,"2026-09-03T16:56:58.284938+00:00"
"1e79cbb4-8fc1-4b26-8ff0-e0b1189223c3","OldSMM","9424670","in progress","Pending","pending","280",280,"2026-09-03T16:49:42.801304+00:00"
"62382e63-1526-4fe5-99cb-dd7aa2d5c4f7","OldSMM","9424528","refunded","Canceled","canceled","300",300,"2026-09-03T16:44:32.518614+00:00"
"aaa3ffef-5328-46c6-97eb-b37cc91fa39f","OldSMM","9424308","in progress","Pending","pending","100",100,"2026-09-03T16:36:01.531673+00:00"
"ef9ff288-08e8-427d-ac31-086d477ca9bd","OldSMM","9424293","in progress","Pending","pending","1000",1000,"2026-09-03T16:35:24.915703+00:00"
"b565f1a3-c23d-496e-920e-6f45012c4ed4","OldSMM","9424196","refunded","Canceled","canceled","100",100,"2026-09-03T16:32:32.801457+00:00"
"9801315b-729d-4535-b42a-c8b8bbcf7ddd","OldSMM","9424189","refunded","Canceled","canceled","100",100,"2026-09-03T16:32:09.51569+00:00"
"5e471aef-01d2-42f0-91dd-fe5844439417","OldSMM","9424169","refunded","Canceled","canceled","100",100,"2026-09-03T16:31:48.156993+00:00"
"df9bfcbd-7370-44da-afb8-a7d031494ddd","OldSMM","9424152","refunded","Canceled","canceled","100",100,"2026-09-03T16:31:20.737307+00:00"
"4098e1bf-f521-482a-a69a-2ab7b8c936c1","OldSMM","9424135","in progress","Pending","pending","100",100,"2026-09-03T16:30:56.353394+00:00"
"b455ebd5-93aa-4308-af62-3b4f683831b3","OldSMM","9424078","in progress","Pending","pending","100",100,"2026-09-03T16:29:11.962655+00:00"
"151e07f6-66ce-4a84-8042-13e992c02fc9","OldSMM","9423982","in progress","Pending","pending","100",100,"2026-09-03T16:25:44.518538+00:00"
"fd0e88e8-ef55-4574-ac0e-ee9dc9a12b33","OldSMM","9423943","in progress","Pending","pending","100",100,"2026-09-03T16:24:38.363259+00:00"
"162cb493-1c9d-4ae6-9bf1-4ace6fea2161","OldSMM","9423857","refunded","Canceled","canceled","1000",1000,"2026-09-03T16:21:42.533384+00:00"
"9a7246f5-d98f-4fd2-a13f-cdee82dbd941","OldSMM","9423799","refunded","Canceled","canceled","200",200,"2026-09-03T16:19:31.190278+00:00"
"cfe2b496-08e7-4bf9-8114-23456fcffc7d","OldSMM","9423553","refunded","Canceled","canceled","200",200,"2026-09-03T16:10:12.753416+00:00"
"d65828c5-77bd-4b35-87a7-63302e67f109","OldSMM","9423499","refunded","Canceled","canceled","200",200,"2026-09-03T16:08:00.482258+00:00"
"12f021bd-a8b5-4745-a1d0-a8f0b53ecca5","OldSMM","9423059","refunded","Canceled","canceled","200",200,"2026-09-03T15:53:14.827693+00:00"
"0490701c-8042-486a-b1a2-4abf201febe8","OldSMM","9422519","in progress","Pending","pending","100",100,"2026-09-03T15:36:17.682818+00:00"
"062d649d-6472-4654-a7e7-fbb2da1cbc11","OldSMM","9422404","refunded","Canceled","canceled","200",200,"2026-09-03T15:33:50.873483+00:00"
"fe30fc07-6084-4f01-811d-1eb162c2aeef","OldSMM","9422361","in progress","Pending","pending","200",200,"2026-09-03T15:32:50.388845+00:00"
"3bccb89f-f0be-46f6-88f5-7a267cce0830","OldSMM","9422351","refunded","Canceled","canceled","100",100,"2026-09-03T15:32:30.668794+00:00"
"bbe790dc-1abe-4de4-af3a-71efdea70a89","OldSMM","9422187","in progress","Pending","pending","100",100,"2026-09-03T15:27:56.627049+00:00"
"78ec6d65-cfa3-4b0c-841d-32c20e138348","OldSMM","9422155","refunded","Canceled","canceled","154",154,"2026-09-03T15:26:53.750851+00:00"
"3e722d3d-4856-40ff-8833-424819569325","OldSMM","9421981","in progress","Pending","pending","200",200,"2026-09-03T15:22:27.200817+00:00"
"e9303216-1495-4fb0-a8e8-61dba159548c","OldSMM","9421971","in progress","Pending","pending","100",100,"2026-09-03T15:22:09.319305+00:00"
"26778f94-2252-4782-a296-324392079c4c","OldSMM","9421961","in progress","Pending","pending","200",200,"2026-09-03T15:21:58.959074+00:00"
"6ed8bd48-16c7-4afe-9267-717cf69a26e9","OldSMM","9421283","refunded","Canceled","canceled","100",100,"2026-09-03T15:07:58.311881+00:00"
"3fdb4ddb-db63-45dd-b595-4dd6b924af62","OldSMM","9420764","refunded","Canceled","canceled","200",200,"2026-09-03T14:51:55.749691+00:00"
"cddae0bb-9e73-4f70-ad13-fa01fe97ef66","OldSMM","9420732","refunded","Canceled","canceled","100",100,"2026-09-03T14:51:09.285699+00:00"
"67d42265-debb-4c65-a96b-c6e9649d0c34","OldSMM","9420440","in progress","Pending","pending","100",100,"2026-09-03T14:43:36.810075+00:00"
"a7e0436d-ccff-4a19-aae3-eea70e813e09","OldSMM","9420280","refunded","Canceled","canceled","100",100,"2026-09-03T14:40:32.60534+00:00"
"14bc9b17-e119-406e-82f1-d0ea2e4f618e","OldSMM","9420247","refunded","Canceled","canceled","100",100,"2026-09-03T14:39:31.391865+00:00"
"a70022bd-f429-4ecf-a4d2-0a67709a130c","OldSMM","9420140","in progress","Pending","pending","100",100,"2026-09-03T14:35:36.226641+00:00"
"1ab27706-dc28-48de-9103-5c035f1072a8","OldSMM","9419869","in progress","Pending","pending","1000",1000,"2026-09-03T14:28:02.740954+00:00"
"92167701-ca66-4fcf-8358-c39c41322df4","OldSMM","9419822","refunded","Canceled","canceled","100",100,"2026-09-03T14:26:58.145348+00:00"
"ae7b86d9-43a4-45e5-ab85-9d1f58c78891","OldSMM","9419810","in progress","Pending","pending","500",500,"2026-09-03T14:26:45.555403+00:00"
"91a58dd8-1f67-4438-9ebe-134ed8511cb5","OldSMM","9419766","in progress","Pending","pending","100",100,"2026-09-03T14:25:58.38922+00:00"
"412bbae7-7b9a-431e-8a80-da00146f3a02","OldSMM","9419662","in progress","Pending","pending","200",200,"2026-09-03T14:23:15.476328+00:00"
"095e90b9-6200-4369-8b16-51582eda04a3","OldSMM","9418531","in progress","Pending","pending","100",100,"2026-09-03T13:50:38.568261+00:00"
"22f356e3-9654-4500-af01-add031fa0088","OldSMM","9418524","refunded","Canceled","canceled","200",200,"2026-09-03T13:50:29.426405+00:00"
"4ccf2fb8-bdd0-4b69-a13a-ccb73b44992a","OldSMM","9418147","in progress","Pending","pending","100",100,"2026-09-03T13:35:07.693996+00:00"
"3d578a3c-13d3-4812-9413-b28d0f9c9840","OldSMM","9417932","refunded","Canceled","canceled","200",200,"2026-09-03T13:31:05.900134+00:00"
"e1e92f48-8291-4dc1-ba40-a8789f417c95","OldSMM","9417626","in progress","Pending","pending","100",100,"2026-09-03T13:19:09.945661+00:00"
"b3da0389-dca6-431e-a711-6ca66b5eaa43","OldSMM","9416625","in progress","Pending","pending","200",200,"2026-09-03T12:46:30.810586+00:00"
"7d596a68-9c3c-4fef-b0ac-ad79924119c3","OldSMM","9416567","in progress","Pending","pending","200",200,"2026-09-03T12:44:39.510011+00:00"
"d2796d43-c029-4ce2-8514-43eb808848e8","OldSMM","9416404","refunded","Canceled","canceled","896",896,"2026-09-03T12:40:05.937862+00:00"
"63f76ef3-5c61-4fdf-9418-4299134e21db","OldSMM","9416319","refunded","Canceled","canceled","100",100,"2026-09-03T12:37:07.496302+00:00"
"caf215cf-4162-4bc1-9295-994e08fc7d5e","OldSMM","9416296","refunded","Canceled","canceled","100",100,"2026-09-03T12:36:29.015656+00:00"
"084ba4ca-423b-44bd-a374-766af25ec85e","OldSMM","9416288","refunded","Canceled","canceled","100",100,"2026-09-03T12:36:12.943356+00:00"
"ed5ccf62-b67e-44e1-9bc3-7fdb8b40d4d7","OldSMM","9416280","refunded","Canceled","canceled","100",100,"2026-09-03T12:35:57.245792+00:00"
"4bba60c6-4aa4-443d-aeee-71bf21bd5607","OldSMM","9415846","in progress","Pending","pending","100",100,"2026-09-03T12:22:33.389893+00:00"
"ba140b20-c2fa-413c-98a7-d5b417a8fa0c","OldSMM","9415841","refunded","Canceled","canceled","1000",1000,"2026-09-03T12:22:29.134414+00:00"
"620364b5-ff89-48c2-b0e1-f8c61089394b","OldSMM","9415825","refunded","Canceled","canceled","1000",1000,"2026-09-03T12:21:58.376096+00:00"
"1d7f90db-52f8-4be8-8c24-4a93c13db42c","OldSMM","9415793","in progress","Pending","pending","100",100,"2026-09-03T12:20:37.221752+00:00"
"cbe64e96-cc96-468f-a0e8-f434c2b27337","OldSMM","9415773","in progress","Pending","pending","500",500,"2026-09-03T12:19:49.608945+00:00"
"0a3a8b46-e36c-40a2-b2d6-165b0ef5cf20","OldSMM","9415613","refunded","Canceled","canceled","100",100,"2026-09-03T12:14:58.951544+00:00"
"6aec641b-8646-44c7-ac97-6c6c57513639","OldSMM","9415610","refunded","Canceled","canceled","200",200,"2026-09-03T12:14:51.218387+00:00"
"2b3686d4-8cb3-4c2f-9ce7-748cb3d7bf86","OldSMM","9415565","refunded","Canceled","canceled","100",100,"2026-09-03T12:13:08.208237+00:00"
"fe96d91c-1e00-4c53-92e3-0de40ee551ef","OldSMM","9415538","refunded","Canceled","canceled","100",100,"2026-09-03T12:12:09.060397+00:00"
"814d566a-76e3-4e7e-a63c-9b15ab235ba0","OldSMM","9415526","refunded","Canceled","canceled","200",200,"2026-09-03T12:11:34.597649+00:00"
"fcb306d5-a0fa-430b-8fcc-1e9c7e336f31","OldSMM","9415127","refunded","Canceled","canceled","500",500,"2026-09-03T11:58:17.978174+00:00"
"cb155576-eed6-4b30-8f0b-6647077d2a45","OldSMM","9414851","refunded","Canceled","canceled","100",100,"2026-09-03T11:49:59.919152+00:00"
"4f6f9e1f-20e4-4123-8eeb-8362821ff0b9","OldSMM","9414561","in progress","Pending","pending","100",100,"2026-09-03T11:42:27.934018+00:00"
"4a8c8063-eabd-4ae3-ae16-b359285460bb","OldSMM","9414514","in progress","Pending","pending","100",100,"2026-09-03T11:40:42.116062+00:00"
"7ea06473-8d8b-4113-8c0d-4b37bc563b40","OldSMM","9414483","refunded","Canceled","canceled","100",100,"2026-09-03T11:39:41.580997+00:00"
"94b8f413-c492-475d-9120-0d68a1147e79","OldSMM","9414246","refunded","Canceled","canceled","1000",1000,"2026-09-03T11:32:08.175913+00:00"
"74988294-f03b-4631-b32e-438ef237210e","OldSMM","9413382","refunded","Canceled","canceled","100",100,"2026-09-03T10:58:56.032016+00:00"
"1a6b769b-eb9b-4192-99b0-7d23721be547","OldSMM","9413288","in progress","Pending","pending","200",200,"2026-09-03T10:55:21.958555+00:00"
"9d6363b2-29eb-43cf-a08f-51b893025d41","OldSMM","9413281","in progress","Pending","pending","500",500,"2026-09-03T10:55:10.880044+00:00"
"16b29b16-b20d-4790-a6e1-0be4b64478f0","OldSMM","9413267","in progress","Pending","pending","100",100,"2026-09-03T10:54:29.529888+00:00"
"d0fed3a5-d591-49e5-8a98-04057d26c23e","OldSMM","9413188","refunded","Canceled","canceled","1000",1000,"2026-09-03T10:51:44.505288+00:00"
"0cdf3c0f-09bc-4bd4-ac73-9f5e1957c537","OldSMM","9412713","refunded","Canceled","canceled","200",200,"2026-09-03T10:34:55.697857+00:00"
"b4386427-e864-4a54-ace8-22cd5637e1ee","OldSMM","9411925","refunded","Canceled","canceled","150",150,"2026-09-03T10:05:37.577696+00:00"
"8665da8c-8c01-4cb8-b2c4-0ad36f106e6b","OldSMM","9411705","refunded","Canceled","canceled","200",200,"2026-09-03T09:57:34.567745+00:00"
"6da6af46-6faf-45dc-a3f2-5b43da96d1c9","OldSMM","9410661","in progress","Pending","pending","100",100,"2026-09-03T09:16:27.537881+00:00"
"973be53e-43d7-44cc-b39c-e28d21c1f9f4","OldSMM","9410646","in progress","Pending","pending","100",100,"2026-09-03T09:15:56.228532+00:00"
"ca0662b1-1d8c-4b19-b875-db6e791de6b9","OldSMM","9410642","refunded","Canceled","canceled","150",150,"2026-09-03T09:15:53.601577+00:00"
"879f96d9-a8b8-4c24-951e-946ab5a1e10d","OldSMM","9410371","refunded","Canceled","canceled","1000",1000,"2026-09-03T09:04:34.551161+00:00"
"080924bc-c41f-48d6-9c5b-293e795b3398","OldSMM","9410327","refunded","Canceled","canceled","100",100,"2026-09-03T09:02:33.270691+00:00"
"e8057eca-31da-4ac6-877e-5ba16624cc6d","OldSMM","9410318","refunded","Canceled","canceled","100",100,"2026-09-03T09:01:55.26446+00:00"
"d41efc75-510c-436b-9e72-92f14d407c76","OldSMM","9409812","in progress","Pending","pending","200",200,"2026-09-03T08:39:06.725861+00:00"
"6d6fe946-8734-49a0-a64e-2161a270c0ce","OldSMM","9409472","refunded","Canceled","canceled","586",586,"2026-09-03T08:24:17.156447+00:00"
"714ceab2-bf4e-4443-bc7d-01ee2aa1cd4d","OldSMM","9409432","refunded","Canceled","canceled","300",300,"2026-09-03T08:22:59.574752+00:00"
"7d9c277a-f039-4df2-9dbc-f22e9f04f89f","OldSMM","9409347","refunded","Canceled","canceled","100",100,"2026-09-03T08:19:06.292244+00:00"
"8b54cc1e-580a-438a-bd3d-8b01b3ad76f1","OldSMM","9409121","refunded","Canceled","canceled","100",100,"2026-09-03T08:11:50.629428+00:00"
"65f604df-5cc1-411c-b7c9-f176c9fefb2a","OldSMM","9409101","refunded","Canceled","canceled","100",100,"2026-09-03T08:11:10.649172+00:00"
"b6654c2d-d8b3-4ce3-9bc2-df4d4d038321","OldSMM","9408980","in progress","Pending","pending","1000",1000,"2026-09-03T08:06:03.377257+00:00"
"2a50d8d9-2dce-4b48-a56a-546566e76de4","OldSMM","9408978","in progress","Pending","pending","200",200,"2026-09-03T08:06:02.72777+00:00"
"5fa9aef8-3a4e-458a-bc7f-cf505a983662","OldSMM","9408591","refunded","Canceled","canceled","100",100,"2026-09-03T07:49:53.56535+00:00"
"9d8ff24d-8364-4f6d-b0c8-0a76a5ed6fc8","OldSMM","9408589","refunded","Canceled","canceled","500",500,"2026-09-03T07:49:50.866486+00:00"
"af45e510-6391-444b-8162-49f168bd7dbf","OldSMM","9408335","refunded","Canceled","canceled","100",100,"2026-09-03T07:39:17.365474+00:00"
"fe881f8f-8085-4c97-9636-fc6c6d2b5c16","OldSMM","9408005","refunded","Canceled","canceled","100",100,"2026-09-03T07:25:30.001434+00:00"
"18ab7539-e946-4f38-bdf8-700dad188499","OldSMM","9407788","refunded","Canceled","canceled","100",100,"2026-09-03T07:16:45.004632+00:00"
"7b5c1778-af95-474a-9f19-95febd22ef19","OldSMM","9407787","in progress","Pending","pending","100",100,"2026-09-03T07:16:44.747098+00:00"
"ddf18af2-25fa-43ce-ba77-318386a23d41","OldSMM","9407671","refunded","Canceled","canceled","100",100,"2026-09-03T07:14:12.670444+00:00"
"612503d8-a090-431d-a329-73ac3a85acf2","OldSMM","9407322","refunded","Canceled","canceled","100",100,"2026-09-03T07:06:05.873834+00:00"
"6f684c49-3944-426e-aeef-3232da5aba98","OldSMM","9407185","refunded","Canceled","canceled","400",400,"2026-09-03T07:01:52.70287+00:00"
"c02b2e77-9e0a-45c0-81c6-4039ea5a3c0c","OldSMM","9406295","refunded","Canceled","canceled","100",100,"2026-09-03T06:21:07.379113+00:00"
"6303f231-a92f-4e9e-b470-a8f3282b0314","OldSMM","9405893","in progress","Pending","pending","100",100,"2026-09-03T06:02:47.511845+00:00"
"e8bb9ee7-6979-43a9-909b-5b5923d7b6fe","OldSMM","9405632","refunded","Canceled","canceled","100",100,"2026-09-03T05:51:50.274492+00:00"
"2b890297-5e07-4372-9af6-cbb58213ce32","OldSMM","9405035","refunded","Canceled","canceled","100",100,"2026-09-03T05:27:13.415103+00:00"
"c04310c3-2a1d-4232-815b-4627d97f8c9a","OldSMM","9404023","refunded","Canceled","canceled","200",200,"2026-09-03T04:44:53.797723+00:00"
"25907ed4-4d3a-4e00-ad14-83ad754844fb","OldSMM","9403938","refunded","Canceled","canceled","1000",1000,"2026-09-03T04:42:04.685744+00:00"
"902860e4-1713-4424-a6f1-f79bfe3db382","OldSMM","9403929","refunded","Canceled","canceled","200",200,"2026-09-03T04:41:38.345127+00:00"
"8877f917-bac9-4037-bb36-15d61713e117","OldSMM","9403921","refunded","Canceled","canceled","500",500,"2026-09-03T04:41:19.048445+00:00"
"c31d2fc6-ac15-42f9-9a18-92e6c68aca8b","OldSMM","9403484","refunded","Canceled","canceled","500",500,"2026-09-03T04:23:16.176112+00:00"
"a9543ccb-4792-479b-bfcf-324abad91334","OldSMM","9403438","in progress","Pending","pending","200",200,"2026-09-03T04:21:22.492091+00:00"
"21d5d18b-a13a-49fc-bebb-bd78b1824e1f","OldSMM","9403423","in progress","Pending","pending","200",200,"2026-09-03T04:20:47.145606+00:00"
"6ab88853-ec24-457e-b172-a23949b62fc8","OldSMM","9403382","in progress","Pending","pending","100",100,"2026-09-03T04:19:17.739536+00:00"
"de290383-da66-4c79-8488-42ff55f13095","OldSMM","9403177","in progress","Pending","pending","100",100,"2026-09-03T04:11:32.340523+00:00"
"e7b2f6fe-fb24-4157-87d7-deb201b97135","OldSMM","9403122","in progress","Pending","pending","200",200,"2026-09-03T04:09:07.356255+00:00"
"72250012-a8f9-4fd3-a54d-4d533105b915","OldSMM","9403003","refunded","Canceled","canceled","100",100,"2026-09-03T04:03:40.966932+00:00"
"996e12ee-60ef-41bf-9e26-7d17b29de920","OldSMM","9402766","in progress","Pending","pending","200",200,"2026-09-03T03:54:08.734328+00:00"
"f45b35ea-4538-41a8-9b2f-6a2de4deb4fa","OldSMM","9402755","refunded","Canceled","canceled","200",200,"2026-09-03T03:53:38.946656+00:00"
"f7abeafa-492e-4c64-bfc6-fd2fb61cb07a","OldSMM","9402552","refunded","Canceled","canceled","100",100,"2026-09-03T03:45:20.009979+00:00"
"1dba8910-c395-4824-81d0-2e343eb18b12","OldSMM","9402539","refunded","Canceled","canceled","100",100,"2026-09-03T03:44:51.159744+00:00"
"468194b8-ef03-4f7f-9334-68e3e66c0d9a","OldSMM","9401415","in progress","Pending","pending","100",100,"2026-09-03T03:04:15.08457+00:00"
"47246d37-a337-4a0c-b89e-d326805d3b5c","OldSMM","9401285","refunded","Canceled","canceled","500",500,"2026-09-03T02:59:34.218156+00:00"
"290e8957-78b6-42b0-b9df-4d245810dd22","OldSMM","9400895","refunded","Canceled","canceled","200",200,"2026-09-03T02:46:46.229661+00:00"
"16ab57a6-4e84-4f5c-9bcd-ac758a52744e","OldSMM","9400637","refunded","Canceled","canceled","100",100,"2026-09-03T02:36:59.194615+00:00"
"8f066cd8-8431-4110-9e8d-e6f332f66d82","OldSMM","9400592","refunded","Canceled","canceled","999",999,"2026-09-03T02:35:07.131169+00:00"
"ca810d6d-48bf-4320-909d-4b00455078a1","OldSMM","9400534","refunded","Canceled","canceled","100",100,"2026-09-03T02:32:51.495995+00:00"
"a6f63ae9-9b4c-481b-a66a-0b2921c4b93a","OldSMM","9400504","in progress","Pending","pending","100",100,"2026-09-03T02:31:40.931053+00:00"
"0445d1af-5e25-48c2-b937-80c83dd2522e","OldSMM","9399849","in progress","Pending","pending","100",100,"2026-09-03T02:07:21.768225+00:00"
"bf8c9319-c92e-409c-a043-8b864a35c6dd","OldSMM","9399679","refunded","Canceled","canceled","200",200,"2026-09-03T02:01:43.215716+00:00"
"f8e08fe1-778b-4608-8444-9d6ca9dedaa2","OldSMM","9399581","refunded","Canceled","canceled","200",200,"2026-09-03T01:57:49.547243+00:00"
"622be638-a08b-4273-a55e-719f286b288a","OldSMM","9398985","refunded","Canceled","canceled","100",100,"2026-09-03T01:38:04.678932+00:00"
"c0f851ab-3bf5-4348-be67-ac64f7dd4a69","OldSMM","9398955","refunded","Canceled","canceled","200",200,"2026-09-03T01:36:38.961906+00:00"
"ae1a50d0-3ddf-4382-befd-3e7bdeb5f1e3","OldSMM","9398877","refunded","Canceled","canceled","100",100,"2026-09-03T01:33:12.308819+00:00"
"01c93c1a-732c-4519-99cc-c558210b535b","OldSMM","9398207","refunded","Canceled","canceled","100",100,"2026-09-03T01:10:30.955557+00:00"
"3f47959b-7bf7-4d8f-ad94-2b1624735e0b","OldSMM","9398148","refunded","Canceled","canceled","100",100,"2026-09-03T01:08:44.470603+00:00"
"503d7df8-60bd-421b-981b-8a145c91e3d8","OldSMM","9397804","in progress","Pending","pending","100",100,"2026-09-03T00:56:01.694683+00:00"
"c57b43fe-69b0-4d81-b158-ea96180a137e","OldSMM","9397646","in progress","Pending","pending","200",200,"2026-09-03T00:51:13.907856+00:00"
"22204ff7-d21a-4c2f-86fd-60c2e7e25a19","OldSMM","9397632","in progress","Pending","pending","1000",1000,"2026-09-03T00:50:56.933361+00:00"
"3d3dce0e-df42-4162-a2b2-005d34f9df5d","OldSMM","9397358","in progress","Pending","pending","100",100,"2026-09-03T00:42:00.732574+00:00"
"2832f480-fa5c-4558-9828-49964160bc89","OldSMM","9397129","refunded","Canceled","canceled","1000",1000,"2026-09-03T00:36:46.823839+00:00"
"b82520c6-b2e8-48df-862a-f03fd0952e71","OldSMM","9397070","refunded","Canceled","canceled","100",100,"2026-09-03T00:34:55.064464+00:00"
"71037a67-8892-4e60-b872-38b90df78418","OldSMM","9397043","refunded","Canceled","canceled","1000",1000,"2026-09-03T00:33:31.922753+00:00"
"5e5179d9-4d46-4c3e-ada6-3de60991be5b","OldSMM","9396971","refunded","Canceled","canceled","200",200,"2026-09-03T00:30:22.593553+00:00"
"e3a03f71-69cb-4aa2-b633-33dd959bed71","OldSMM","9396734","refunded","Canceled","canceled","100",100,"2026-09-03T00:22:13.332948+00:00"
"cbc98e86-8e9f-4fc5-8498-43813f1051f3","OldSMM","9396707","refunded","Canceled","canceled","100",100,"2026-09-03T00:21:03.45735+00:00"
"f11f80ed-395d-4f74-a8ce-946165b2e570","OldSMM","9396483","refunded","Canceled","canceled","100",100,"2026-09-03T00:13:27.09511+00:00"
"3be62297-4635-45c4-b741-f6fb6fd318ad","OldSMM","9396387","in progress","Pending","pending","100",100,"2026-09-03T00:10:07.879456+00:00"
"f310891c-cd7d-451f-a5c6-baebb917b676","OldSMM","9395430","refunded","Canceled","canceled","620",620,"2026-09-02T23:41:20.252479+00:00"
"edd715dd-beee-4eea-9546-07095bb8380e","OldSMM","9395406","refunded","Canceled","canceled","21",21,"2026-09-02T23:41:03.363128+00:00"
"d29fb8f6-3692-4aec-8f37-704a7ce9c8b8","OldSMM","9394898","refunded","Canceled","canceled","380",380,"2026-09-02T23:26:10.762652+00:00"
"94710dd1-2a70-45c9-80d2-1600a08fb743","OldSMM","9394856","refunded","Canceled","canceled","1000",1000,"2026-09-02T23:24:30.756826+00:00"
"1e27e8b2-8c45-4d17-8094-20ef24e5e84d","OldSMM","9394843","refunded","Canceled","canceled","200",200,"2026-09-02T23:24:04.067864+00:00"
"32e5ec46-c9bb-4a77-8ee3-ffb76ccdca42","OldSMM","9394829","refunded","Canceled","canceled","200",200,"2026-09-02T23:23:44.130909+00:00"
"642ad864-fd66-4a28-92c9-a3cb478f57da","OldSMM","9394768","refunded","Canceled","canceled","200",200,"2026-09-02T23:21:13.124883+00:00"
"b6c0f46b-9673-427e-a93a-6941369de206","OldSMM","9394118","refunded","Canceled","canceled","100",100,"2026-09-02T23:00:03.823879+00:00"
"be322fd0-3f91-4ab3-ad7f-94bb085b2d5d","OldSMM","9393832","refunded","Canceled","canceled","200",200,"2026-09-02T22:51:13.961871+00:00"
"7ca700eb-0c3f-402e-8bf5-d2ca3539da1b","OldSMM","9393382","refunded","Canceled","canceled","100",100,"2026-09-02T22:38:54.412987+00:00"
"4045efb1-44ea-45de-98df-c6834fa4f046","OldSMM","9393190","refunded","Canceled","canceled","200",200,"2026-09-02T22:34:10.252071+00:00"
"e08332fe-d1ad-49ba-813a-27c8bdd9d409","OldSMM","9393134","refunded","Canceled","canceled","200",200,"2026-09-02T22:32:42.686184+00:00"
"2c0662fa-05cc-4e9d-a935-6cd4df68d414","OldSMM","9393084","refunded","Canceled","canceled","200",200,"2026-09-02T22:31:40.683931+00:00"
"d746bad4-95ea-4241-aa17-459970de84f2","OldSMM","9392969","refunded","Canceled","canceled","200",200,"2026-09-02T22:28:46.014488+00:00"
"f3a0a30e-f8f3-4ef1-8c43-b62c1aba30c7","OldSMM","9392930","refunded","Canceled","canceled","200",200,"2026-09-02T22:27:54.676109+00:00"
"794a9c2b-f0cd-4b7e-9cba-872c934939cc","OldSMM","9392791","refunded","Canceled","canceled","100",100,"2026-09-02T22:24:38.050321+00:00"
"0e22b8f5-62a8-49d5-a354-ce0e9581d4e7","OldSMM","9392766","refunded","Canceled","canceled","120",120,"2026-09-02T22:24:13.041453+00:00"
"d1a2e8e1-c496-4d71-b061-de72fd0933eb","OldSMM","9392469","refunded","Canceled","canceled","115",115,"2026-09-02T22:16:30.449051+00:00"
"60bbb5be-b7b1-4bab-ac11-90e248785d0f","OldSMM","9392404","refunded","Canceled","canceled","100",100,"2026-09-02T22:14:42.149801+00:00"
"6d48db30-a092-48e3-b023-f5a050e82b0f","OldSMM","9392295","refunded","Canceled","canceled","500",500,"2026-09-02T22:11:46.29684+00:00"
"d6cbb34e-4256-4639-9053-5c35f054a2f5","OldSMM","9392283","refunded","Canceled","canceled","200",200,"2026-09-02T22:11:18.594366+00:00"
"b0e8bec9-5bf5-4466-8b8e-dee1fc9bd717","OldSMM","9392272","refunded","Canceled","canceled","1000",1000,"2026-09-02T22:11:00.549539+00:00"
"e2d8c13f-9055-48a8-a4cf-b86b00cb344e","OldSMM","9392249","refunded","Canceled","canceled","1000",1000,"2026-09-02T22:10:27.064255+00:00"
"55de10ce-8cf7-4074-b99d-99121535c7c0","OldSMM","9392096","refunded","Canceled","canceled","500",500,"2026-09-02T22:06:31.409108+00:00"
"0e0c6ef1-51a8-4ab0-8986-41f3ec388941","OldSMM","9392055","refunded","Canceled","canceled","100",100,"2026-09-02T22:05:25.044598+00:00"
"e566903e-79f4-4176-9aa3-d40240bbec4c","OldSMM","9392017","refunded","Canceled","canceled","100",100,"2026-09-02T22:04:24.226502+00:00"
"5235653a-836a-4e9b-8789-cd105b1beab5","OldSMM","9391583","refunded","Canceled","canceled","100",100,"2026-09-02T21:55:08.148588+00:00"
"ec1a69c8-23a5-4c9e-bd92-9bf84c62a026","OldSMM","9391433","refunded","Canceled","canceled","1000",1000,"2026-09-02T21:51:33.316994+00:00"
"5cef1346-2f5c-466b-8fc4-5f9acc3ff574","OldSMM","9391089","refunded","Canceled","canceled","500",500,"2026-09-02T21:43:49.196694+00:00"
"e2e2cfa5-911a-4353-887f-75a2b0def756","OldSMM","9390782","refunded","Canceled","canceled","100",100,"2026-09-02T21:36:23.716161+00:00"
"1954bed7-9d73-4b66-a1d9-d0532e6bd718","OldSMM","9390625","in progress","Pending","pending","100",100,"2026-09-02T21:32:16.390303+00:00"
"7295d236-eb10-498b-8aea-14478e66ec1b","OldSMM","9389650","refunded","Canceled","canceled","200",200,"2026-09-02T21:08:07.07857+00:00"
"3391d287-1397-43d9-ac53-baea7ba60bc4","OldSMM","9389147","refunded","Canceled","canceled","100",100,"2026-09-02T20:55:44.408178+00:00"
"2576f752-8617-43cc-88fb-daf12507d393","OldSMM","9388947","refunded","Canceled","canceled","100",100,"2026-09-02T20:50:38.020078+00:00"
"fea417a9-2b4a-427b-9629-606384c10c09","OldSMM","9388650","refunded","Canceled","canceled","200",200,"2026-09-02T20:42:26.686006+00:00"
"d0bafb2e-746e-446b-8a7c-5118e107fd49","OldSMM","9388646","refunded","Canceled","canceled","200",200,"2026-09-02T20:42:23.570957+00:00"
"84aa5e2e-6e2b-404c-9da3-787e551efc8e","OldSMM","9388255","refunded","Canceled","canceled","1000",1000,"2026-09-02T20:32:53.626331+00:00"
"a366c07f-ba6e-4709-818a-2e6c3146dc7f","OldSMM","9388152","refunded","Canceled","canceled","500",500,"2026-09-02T20:30:41.696345+00:00"
"5c9b6bd4-c0ab-4b89-b614-e1a0f3993062","OldSMM","9387865","refunded","Canceled","canceled","500",500,"2026-09-02T20:23:48.160018+00:00"
"56fd02d7-5044-48cd-8379-26272c0b2f69","OldSMM","9387852","refunded","Canceled","canceled","100",100,"2026-09-02T20:23:18.515684+00:00"
"6ffaa0fe-ce42-404d-a39b-f65d5a8b56ad","OldSMM","9387821","refunded","Canceled","canceled","100",100,"2026-09-02T20:22:35.663641+00:00"
"38d8fa57-fe2e-47fe-bdfe-b98225f85fd4","OldSMM","9387662","refunded","Canceled","canceled","1000",1000,"2026-09-02T20:18:22.928168+00:00"
"f49de612-28aa-4e00-a1de-e2e76743194d","OldSMM","9387290","refunded","Canceled","canceled","1000",1000,"2026-09-02T20:10:08.345109+00:00"
"6b7ab287-9c16-44df-955b-15d1c67f4457","OldSMM","9386986","refunded","Canceled","canceled","200",200,"2026-09-02T20:02:59.184993+00:00"
"38f4aa88-d998-462a-b838-13b05988f1d4","OldSMM","9386838","refunded","Canceled","canceled","200",200,"2026-09-02T19:59:37.122091+00:00"
"b36c66e8-787e-497c-a787-4b9d44ca5509","OldSMM","9386571","refunded","Canceled","canceled","1000",1000,"2026-09-02T19:52:57.796973+00:00"
"52e975d8-d27f-4209-a4ca-274e41a9d34c","OldSMM","9386487","refunded","Canceled","canceled","100",100,"2026-09-02T19:50:43.364249+00:00"
"b9a63dd3-d920-4dba-84f8-1ae8efc937a4","OldSMM","9386413","refunded","Canceled","canceled","100",100,"2026-09-02T19:48:57.136871+00:00"
"89247a5d-cff0-4ed7-9b6a-297b90604470","OldSMM","9386374","in progress","Pending","pending","100",100,"2026-09-02T19:48:19.419809+00:00"
"54295221-5398-4465-a708-654cf8ff8ce9","OldSMM","9386350","refunded","Canceled","canceled","200",200,"2026-09-02T19:47:46.543802+00:00"
"825bcd74-622f-408e-9aef-c441860f5e3b","OldSMM","9386291","in progress","Pending","pending","1000",1000,"2026-09-02T19:46:25.570464+00:00"
"3ae4a8a3-67bf-4658-9aa1-db560789d7f6","OldSMM","9385817","refunded","Canceled","canceled","100",100,"2026-09-02T19:35:04.82923+00:00"
"93fcc5c1-64d9-484a-abcc-d333a40144ef","OldSMM","9385036","refunded","Canceled","canceled","100",100,"2026-09-02T19:15:32.705882+00:00"
"73498711-0259-49b6-9eb9-a6351e99ec42","OldSMM","9384946","refunded","Canceled","canceled","100",100,"2026-09-02T19:13:25.757388+00:00"
"6e3893bd-e7e9-42f1-bd43-3b2c67bc4bb9","OldSMM","9384908","refunded","Canceled","canceled","516",516,"2026-09-02T19:12:45.086076+00:00"
"f1384ee0-9734-4d9a-ad88-e67e4b43db2e","OldSMM","9384764","refunded","Canceled","canceled","200",200,"2026-09-02T19:09:28.486252+00:00"
"79bb7a84-e4f7-4338-af51-0c4b638f4f51","OldSMM","9384631","in progress","Pending","pending","500",500,"2026-09-02T19:06:51.814415+00:00"
"9a8944c3-a009-4db8-b275-23aab20c50cb","OldSMM","9384409","refunded","Canceled","canceled","100",100,"2026-09-02T19:01:49.903087+00:00"
"f8c9fdfb-8d34-4c62-8f0f-7be1ad51afd3","OldSMM","9382772","refunded","Canceled","canceled","100",100,"2026-09-02T18:24:30.386467+00:00"
"f1ce6483-764c-4aa4-ac52-6a279739a6c4","OldSMM","9382387","refunded","Canceled","canceled","1000",1000,"2026-09-02T18:15:38.489819+00:00"
"211001e8-2380-4ebc-b930-de4c0efd0fdc","OldSMM","9382214","in progress","Pending","pending","100",100,"2026-09-02T18:11:39.874908+00:00"
"9a208423-91f1-4bf2-bf48-3e502da2c61b","OldSMM","9382054","refunded","Canceled","canceled","500",500,"2026-09-02T18:08:19.239013+00:00"
"5832a58c-ea95-4b80-9b20-bc3af1f834a1","OldSMM","9381763","refunded","Canceled","canceled","400",400,"2026-09-02T18:00:37.516676+00:00"
"db5fb718-fced-47fa-8d10-f8c4f38d2675","OldSMM","9381743","refunded","Canceled","canceled","400",400,"2026-09-02T18:00:16.245028+00:00"
"51ede061-16eb-4527-b86c-76d1970b867d","OldSMM","9381632","refunded","Canceled","canceled","100",100,"2026-09-02T17:57:27.840506+00:00"
"eaf4d8e2-32f9-4b5f-9531-8bfb97186554","OldSMM","9381515","refunded","Canceled","canceled","200",200,"2026-09-02T17:53:47.900835+00:00"
"1579cf40-24ae-493f-bf17-135ee4f36346","OldSMM","9381490","refunded","Canceled","canceled","300",300,"2026-09-02T17:52:47.62535+00:00"
"25b82f96-d6b3-4d32-ac5a-432bea135158","OldSMM","9381473","refunded","Canceled","canceled","300",300,"2026-09-02T17:52:26.636015+00:00"
"0b002d07-ee98-4737-a9ad-ee9d8f0c29b8","OldSMM","9381436","refunded","Canceled","canceled","300",300,"2026-09-02T17:51:36.158499+00:00"
"bfd2b399-f73a-498d-ab24-77f2efdc3afd","OldSMM","9381412","refunded","Canceled","canceled","300",300,"2026-09-02T17:51:04.622907+00:00"
"9df4b63c-9467-4840-b2f7-bae68043665d","OldSMM","9381395","in progress","Pending","pending","100",100,"2026-09-02T17:50:37.773133+00:00"
"e7d3adb6-6cc9-4803-8fe8-c3a6a786448e","OldSMM","9381223","refunded","Canceled","canceled","500",500,"2026-09-02T17:46:36.39044+00:00"
"bc875e9d-895c-4754-982f-1c87042d5729","OldSMM","9381132","in progress","Pending","pending","100",100,"2026-09-02T17:44:29.971795+00:00"
"1cd3c759-ea98-4179-a72a-6fdb77a401f9","OldSMM","9381111","refunded","Canceled","canceled","200",200,"2026-09-02T17:44:03.220176+00:00"
"ba00aeea-69dc-4884-a9f8-dbfd666cf21a","OldSMM","9380100","refunded","Canceled","canceled","200",200,"2026-09-02T17:19:18.74041+00:00"
"56b80190-f0a9-4dd5-9b59-1503150cdff0","OldSMM","9380084","refunded","Canceled","canceled","300",300,"2026-09-02T17:18:54.328394+00:00"
"0bae1591-6f47-469e-a025-a4eb9bc10efb","OldSMM","9380067","refunded","Canceled","canceled","300",300,"2026-09-02T17:18:31.375787+00:00"
"5d240d97-296d-4943-96e8-f0ab2370dfcf","OldSMM","9380054","refunded","Canceled","canceled","300",300,"2026-09-02T17:18:11.499426+00:00"
"e2fc1721-9b90-4986-9dbd-482d1d952e4b","OldSMM","9380052","refunded","Canceled","canceled","100",100,"2026-09-02T17:18:08.826405+00:00"
"a3c01e36-ba20-4b3f-9c83-73f6239fb710","OldSMM","9379088","refunded","Canceled","canceled","1000",1000,"2026-09-02T16:55:39.737386+00:00"
"4baaa081-cc18-4274-be2c-c540d29f2508","OldSMM","9378830","refunded","Canceled","canceled","777",777,"2026-09-02T16:49:43.346483+00:00"
"8313cd8c-94f9-4e65-9dbb-fb19d6440927","OldSMM","9378275","refunded","Canceled","canceled","333",333,"2026-09-02T16:37:09.816343+00:00"
"9ac410d8-02ea-4052-bf3f-ede21a78b5b7","OldSMM","9378263","refunded","Canceled","canceled","200",200,"2026-09-02T16:36:57.333546+00:00"
"8d17b891-0053-4f37-a521-6590594d00d1","OldSMM","9378232","refunded","Canceled","canceled","100",100,"2026-09-02T16:36:18.653115+00:00"
"374fd283-ce33-4459-9cc4-055d2bae0ed1","OldSMM","9377767","refunded","Canceled","canceled","200",200,"2026-09-02T16:26:16.529258+00:00"
"cad22db0-4b0b-4c60-b19b-b36c03166909","OldSMM","9377744","refunded","Canceled","canceled","500",500,"2026-09-02T16:25:47.105672+00:00"
"4046cc98-053a-4f0c-ae7f-0dfb1c92b2df","OldSMM","9377726","refunded","Canceled","canceled","1000",1000,"2026-09-02T16:25:29.568358+00:00"
"efd383f8-6448-4246-8bc1-d4841a60843f","OldSMM","9377672","refunded","Canceled","canceled","1000",1000,"2026-09-02T16:24:06.848636+00:00"
"61c4b347-c52b-4e27-884c-06857ea75b71","OldSMM","9376600","refunded","Canceled","canceled","200",200,"2026-09-02T16:00:37.031708+00:00"
"33dbe643-b911-4aae-a1bd-7da218b34a9c","OldSMM","9376527","refunded","Canceled","canceled","100",100,"2026-09-02T15:58:31.3461+00:00"
"266da7ad-e3a8-4cf9-8b8a-78ab3f7ff98a","OldSMM","9375464","refunded","Canceled","canceled","1000",1000,"2026-09-02T15:34:35.816383+00:00"
"0f39c9d7-84da-46ce-9851-10e06eab2520","OldSMM","9374394","refunded","Canceled","canceled","200",200,"2026-09-02T15:09:26.356241+00:00"
"092c34b5-6188-4b5d-aa73-dc385e9ec8ea","OldSMM","9374075","refunded","Canceled","canceled","1000",1000,"2026-09-02T15:02:17.285244+00:00"
"3c9ff088-5fa9-4b52-9141-c22ce5748efb","OldSMM","9373984","refunded","Canceled","canceled","100",100,"2026-09-02T14:59:36.411618+00:00"
"347fd61f-d5cd-444d-a4f3-dbbfcf6593ef","OldSMM","9373912","refunded","Canceled","canceled","100",100,"2026-09-02T14:57:10.225005+00:00"
"ab603e80-81bd-4d8e-9837-0043468cc9ff","OldSMM","9373890","refunded","Canceled","canceled","100",100,"2026-09-02T14:56:14.216708+00:00"
"4df0c1c2-4030-49a3-a801-5024a13ed3ad","OldSMM","9373817","refunded","Canceled","canceled","100",100,"2026-09-02T14:53:31.938332+00:00"
"3618fe74-8072-47eb-8901-094d61fcda77","OldSMM","9373442","refunded","Canceled","canceled","100",100,"2026-09-02T14:39:48.28284+00:00"
"671d7fbc-d547-448f-aad1-469ca5ad438d","OldSMM","9373353","refunded","Canceled","canceled","100",100,"2026-09-02T14:36:37.104984+00:00"
"fb57ac07-0c68-47fb-8a40-da92e9f7e8ab","OldSMM","9373106","refunded","Canceled","canceled","100",100,"2026-09-02T14:26:54.030638+00:00"
"53c1bd5f-988a-4447-b762-d14a1c49a15a","OldSMM","9373068","refunded","Canceled","canceled","100",100,"2026-09-02T14:25:21.368065+00:00"
"37337d4f-9b63-4226-a6f3-6af372d8dc23","OldSMM","9372957","refunded","Canceled","canceled","200",200,"2026-09-02T14:21:37.649078+00:00"
"438a3e50-53c7-48ca-95dc-ee0a1d183e0c","OldSMM","9372766","refunded","Canceled","canceled","100",100,"2026-09-02T14:12:55.198788+00:00"
"1bd46ad7-3d75-4923-9eae-3d5a6f963bf3","OldSMM","9372362","refunded","Canceled","canceled","100",100,"2026-09-02T13:56:57.444973+00:00"
"c961a867-6e4a-46ed-a682-7ab2bbc9b8dc","OldSMM","9371966","refunded","Canceled","canceled","295",295,"2026-09-02T13:44:11.032553+00:00"
"2aac41d4-6641-4d30-ab83-0bf0d8ad6b2c","OldSMM","9371413","refunded","Canceled","canceled","300",300,"2026-09-02T13:23:41.632349+00:00"
"4bc3cc58-fe1e-403a-a706-503f29f64326","OldSMM","9371378","refunded","Canceled","canceled","300",300,"2026-09-02T13:22:41.374771+00:00"
"d1bb20e3-00d3-4ee9-b392-9d3fd0415af3","OldSMM","9371304","refunded","Canceled","canceled","300",300,"2026-09-02T13:21:50.42245+00:00"
"ddfdb151-b3d0-4bec-960e-e72f275ac29c","OldSMM","9371287","refunded","Canceled","canceled","300",300,"2026-09-02T13:21:22.81919+00:00"
"8bd3e596-71a8-40ca-b2e3-bee0a7d59f9a","OldSMM","9371216","refunded","Canceled","canceled","1000",1000,"2026-09-02T13:19:13.830494+00:00"
"befd16f8-f3d0-4976-8f3a-c7c9ed0f9a3c","OldSMM","9371185","refunded","Canceled","canceled","300",300,"2026-09-02T13:17:53.302229+00:00"
"6801cf73-89b6-4d7b-844a-fc6dff8dc32f","OldSMM","9371173","refunded","Canceled","canceled","300",300,"2026-09-02T13:17:20.977949+00:00"
"69aba117-4410-40ac-b447-031d8a91af76","OldSMM","9371142","refunded","Canceled","canceled","500",500,"2026-09-02T13:16:21.45823+00:00"
"dcf1c100-966e-4f9c-ab60-9ce6408893af","OldSMM","9370675","refunded","Canceled","canceled","500",500,"2026-09-02T12:56:12.673745+00:00"
"0d665620-9d5d-4467-8914-463d7f2300fe","OldSMM","9370360","refunded","Canceled","canceled","200",200,"2026-09-02T12:42:29.145433+00:00"
"e26127be-aa01-48af-97be-ecedeebf0863","OldSMM","9370218","in progress","Pending","pending","100",100,"2026-09-02T12:36:00.302133+00:00"
"43610673-12aa-47e7-b284-05be0f27f41e","OldSMM","9370143","refunded","Canceled","canceled","100",100,"2026-09-02T12:33:29.255485+00:00"
"7d78b509-fd34-403e-9db5-0874dcdc9130","OldSMM","9370133","refunded","Canceled","canceled","100",100,"2026-09-02T12:33:04.244019+00:00"
"44695dce-bf0b-40da-ba0b-6db7e3b6c162","OldSMM","9370132","refunded","Canceled","canceled","100",100,"2026-09-02T12:32:57.740594+00:00"
"ab437e0d-ce73-4192-b60e-da09be2f9367","OldSMM","9369762","refunded","Canceled","canceled","295",295,"2026-09-02T12:18:25.086127+00:00"
"846c9902-2256-4248-bcf2-c379f7591987","OldSMM","9369117","refunded","Canceled","canceled","100",100,"2026-09-02T11:53:41.917365+00:00"
"4fd0a94b-6545-4748-8bca-e998b06be02f","OldSMM","9368990","refunded","Canceled","canceled","1000",1000,"2026-09-02T11:48:43.202584+00:00"
"fb46eb04-3e23-4d0f-b073-11c627edc5a0","OldSMM","9368966","refunded","Canceled","canceled","200",200,"2026-09-02T11:47:40.75259+00:00"
"fc26fbfd-b7c8-4dc2-b464-f7fe96233842","OldSMM","9368606","refunded","Canceled","canceled","200",200,"2026-09-02T11:31:56.476558+00:00"
"65759f86-a375-4d3d-b5d9-6ef82637aadd","OldSMM","9368444","refunded","Canceled","canceled","100",100,"2026-09-02T11:25:02.037544+00:00"
"656ffd60-6ab1-42dc-9716-061d3945f9c6","OldSMM","9368237","refunded","Canceled","canceled","500",500,"2026-09-02T11:17:27.470557+00:00"
"1e2ac235-ba07-40c8-910c-101f5d94b8ce","OldSMM","9368232","refunded","Canceled","canceled","500",500,"2026-09-02T11:17:15.120682+00:00"
"5987826a-db3d-4062-98f5-a810246cda70","OldSMM","9368228","refunded","Canceled","canceled","500",500,"2026-09-02T11:16:58.732529+00:00"
"0aa05e57-edca-44d5-b843-fe1ea4a4a037","OldSMM","9368222","refunded","Canceled","canceled","500",500,"2026-09-02T11:16:42.342343+00:00"
"e609f785-937c-4c84-811c-a63f1f85224f","OldSMM","9368151","refunded","Canceled","canceled","1000",1000,"2026-09-02T11:13:07.408538+00:00"
"d86fe045-2c20-4c1a-8909-89d55b812d72","OldSMM","9367994","refunded","Canceled","canceled","100",100,"2026-09-02T11:05:29.475234+00:00"
"98eb521a-d1da-491d-9073-161aed38f10e","OldSMM","9367987","refunded","Canceled","canceled","100",100,"2026-09-02T11:05:10.493824+00:00"
"2202bf23-1ae0-42d3-91ca-823a6565f1f2","OldSMM","9367687","refunded","Canceled","canceled","500",500,"2026-09-02T10:54:10.176657+00:00"
"e9a14b33-04c7-4c2e-86b0-53db7ac5d71a","OldSMM","9367620","refunded","Canceled","canceled","200",200,"2026-09-02T10:51:04.957134+00:00"
"3473cb6a-8b41-48f2-b70a-3dad7e4282f7","OldSMM","9367566","refunded","Canceled","canceled","1000",1000,"2026-09-02T10:48:41.150686+00:00"
"51795e7a-1045-44a5-a277-5f5b5ea5b6cf","OldSMM","9367434","refunded","Canceled","canceled","100",100,"2026-09-02T10:44:43.240098+00:00"
"b6ffd001-c3af-4c12-a4f6-d2f83aa59d16","OldSMM","9367285","refunded","Canceled","canceled","1000",1000,"2026-09-02T10:38:43.657967+00:00"
"5f5830ef-1042-41dc-9c83-9c79ce72132e","OldSMM","9367254","refunded","Canceled","canceled","100",100,"2026-09-02T10:36:58.872531+00:00"
"90fb3cbd-a823-4b0c-8874-f4b6122dd907","OldSMM","9366970","refunded","Canceled","canceled","500",500,"2026-09-02T10:23:06.178001+00:00"
"3c040dc4-1b6c-43b0-b272-6f5b905e1fa6","OldSMM","9366942","refunded","Canceled","canceled","100",100,"2026-09-02T10:21:31.240074+00:00"
"d5923dec-129a-4d8c-94ae-8f73fd71e026","OldSMM","9366883","refunded","Canceled","canceled","500",500,"2026-09-02T10:18:49.921965+00:00"
"7286ab1c-59e7-401a-b960-e53bd2e90ef6","OldSMM","9366546","refunded","Canceled","canceled","200",200,"2026-09-02T10:04:37.807816+00:00"
"e18958da-f7fc-4f21-ad76-7ab89b607c49","OldSMM","9366516","refunded","Canceled","canceled","100",100,"2026-09-02T10:03:25.493466+00:00"
"4fcad705-10ea-4267-8835-8dd6dd7d896f","OldSMM","9366411","refunded","Canceled","canceled","1000",1000,"2026-09-02T09:58:25.235943+00:00"
"3f3963e1-521e-4297-9f63-9654c1221dec","OldSMM","9366056","refunded","Canceled","canceled","200",200,"2026-09-02T09:44:34.662114+00:00"
"af765f68-7dfe-48c9-9bed-c19abda0ac10","OldSMM","9365610","refunded","Canceled","canceled","100",100,"2026-09-02T09:25:58.567721+00:00"
"446886d5-89dd-4429-8c6e-cfdd2d0ca3b5","OldSMM","9365495","refunded","Canceled","canceled","100",100,"2026-09-02T09:21:45.838652+00:00"
"649f721d-597c-4985-bc0e-74452c30a310","OldSMM","9365283","refunded","Canceled","canceled","200",200,"2026-09-02T09:14:31.016123+00:00"
"5028a18a-b1a9-4bba-829c-946419aa978a","OldSMM","9364986","refunded","Canceled","canceled","120",120,"2026-09-02T09:01:01.0887+00:00"
"3c4ec599-da21-4943-8f66-f0514804af79","OldSMM","9364875","refunded","Canceled","canceled","100",100,"2026-09-02T08:57:55.782841+00:00"
"37c577fa-97a5-4f07-b00d-2ebc897a1497","OldSMM","9364706","refunded","Canceled","canceled","500",500,"2026-09-02T08:50:41.134503+00:00"
"394d3323-0188-4a78-b362-f23edef29f9d","OldSMM","9364704","refunded","Canceled","canceled","200",200,"2026-09-02T08:50:37.734758+00:00"
"4c9d943b-7b0a-45db-897f-3b78d776b2c3","OldSMM","9364671","refunded","Canceled","canceled","100",100,"2026-09-02T08:48:31.18034+00:00"
"50f285ca-3390-464d-9d8a-48bd45a6bad5","OldSMM","9363376","refunded","Canceled","canceled","500",500,"2026-09-02T07:50:35.273943+00:00"
"f113c659-af8b-44e6-b9a2-51a406b605a7","OldSMM","9363354","refunded","Canceled","canceled","100",100,"2026-09-02T07:49:59.551063+00:00"
"86c58876-d6c8-43f4-9f79-f522ecdecb69","OldSMM","9363300","refunded","Canceled","canceled","100",100,"2026-09-02T07:47:54.335053+00:00"
"f43b5c60-89b1-40a7-92af-214e1e6ca7ca","OldSMM","9363227","refunded","Canceled","canceled","200",200,"2026-09-02T07:44:54.147345+00:00"
"d4741dd5-8cdc-411d-83dd-5755eace8f8b","OldSMM","9363179","refunded","Canceled","canceled","200",200,"2026-09-02T07:42:40.209426+00:00"
"b2d83040-27ce-44d0-ac02-a8900e28fbcc","OldSMM","9362955","refunded","Canceled","canceled","250",250,"2026-09-02T07:32:59.735615+00:00"
"e58ace2b-6ae9-4343-a593-5911ed020a76","OldSMM","9362812","refunded","Canceled","canceled","500",500,"2026-09-02T07:24:43.962813+00:00"
"fdd41224-bced-41ff-abb5-9379cc71b2e2","OldSMM","9362492","refunded","Canceled","canceled","1000",1000,"2026-09-02T07:08:57.07916+00:00"
"7ffadb74-7243-49d9-b5b9-f9fcc2cd4c48","OldSMM","9362016","refunded","Canceled","canceled","100",100,"2026-09-02T06:52:46.487667+00:00"
"e3dd467d-a33f-4a92-9689-1adf963e1f4f","OldSMM","9361888","refunded","Canceled","canceled","200",200,"2026-09-02T06:47:56.800969+00:00"
"6d7896c3-b0f5-4012-8eda-f8e459b87d58","OldSMM","9361671","refunded","Canceled","canceled","200",200,"2026-09-02T06:40:33.381753+00:00"
"ddc56def-4797-45ea-8315-48deff39ac8c","OldSMM","9360979","refunded","Canceled","canceled","200",200,"2026-09-02T06:09:48.577959+00:00"
"7f370ceb-63f7-4ec7-9aa2-fdd042bd2a71","OldSMM","9360966","refunded","Canceled","canceled","100",100,"2026-09-02T06:09:06.468751+00:00"
"3c9bace5-658f-418a-93d4-b3578a3c0c87","OldSMM","9360959","refunded","Canceled","canceled","200",200,"2026-09-02T06:08:46.82149+00:00"
"ccdf1449-2497-40f6-8b56-fc0c562123a5","OldSMM","9360939","refunded","Canceled","canceled","500",500,"2026-09-02T06:07:41.181405+00:00"
"14defa82-b6ae-4f00-bb32-b062c5f3c365","OldSMM","9360905","refunded","Canceled","canceled","100",100,"2026-09-02T06:05:54.993087+00:00"
"4e68530d-d9fb-4856-9332-19068dcd7692","OldSMM","9359224","refunded","Canceled","canceled","100",100,"2026-09-02T04:50:10.916791+00:00"
"0aa76ad1-c211-4552-a4d7-9b8f0a4bd809","OldSMM","9359124","refunded","Canceled","canceled","100",100,"2026-09-02T04:46:18.137465+00:00"
"c601a7d8-5e6d-49e6-ad84-1c3378c5c5a8","OldSMM","9358976","refunded","Canceled","canceled","100",100,"2026-09-02T04:41:44.504392+00:00"
"3473a3e1-e05d-41f7-b0bd-30186028dc65","OldSMM","9356881","refunded","Canceled","canceled","200",200,"2026-09-02T03:12:36.415932+00:00"
"3048db50-c088-4a59-84a9-e47de4f904da","OldSMM","9356793","refunded","Canceled","canceled","200",200,"2026-09-02T03:09:06.616875+00:00"
"26b86bfc-fa0d-434c-a873-21f369a8209d","OldSMM","9356744","refunded","Canceled","canceled","500",500,"2026-09-02T03:07:29.397487+00:00"
"f172d667-370f-41b4-8716-cceeecf5337b","OldSMM","9356722","refunded","Canceled","canceled","1000",1000,"2026-09-02T03:06:21.816409+00:00"
"891a6663-fbbc-434c-8e9b-1dac10a906ee","OldSMM","9356687","refunded","Canceled","canceled","1000",1000,"2026-09-02T03:05:21.933148+00:00"
"b4265774-0cec-4486-81e5-302876bc7436","OldSMM","9356673","refunded","Canceled","canceled","100",100,"2026-09-02T03:04:41.171604+00:00"
"0b80458a-7067-4964-a931-75549b7ee560","OldSMM","9356293","refunded","Canceled","canceled","105",105,"2026-09-02T02:51:21.754703+00:00"
"103418ae-8c3d-418b-8185-f0c3adcf22f5","OldSMM","9356129","refunded","Canceled","canceled","400",400,"2026-09-02T02:44:56.57058+00:00"
"d1088d27-8d9b-4724-a8a9-30e798e6f36d","OldSMM","9356093","refunded","Canceled","canceled","100",100,"2026-09-02T02:43:46.120606+00:00"
"988d67da-c51a-49e5-8b7c-6f9f185c07ca","OldSMM","9355869","refunded","Canceled","canceled","200",200,"2026-09-02T02:34:54.314379+00:00"
"65ceb8bc-a9d0-4403-8a29-2119f30bcfcb","OldSMM","9355822","refunded","Canceled","canceled","100",100,"2026-09-02T02:33:10.745334+00:00"
"8d52c62a-1c1e-496b-9258-6fd3bee84951","OldSMM","9354762","refunded","Canceled","canceled","35",35,"2026-09-02T01:55:15.856364+00:00"
"afe1cbcd-a11e-4ce4-8843-d9cdbc974055","OldSMM","9354320","refunded","Canceled","canceled","100",100,"2026-09-02T01:40:06.752509+00:00"
"050667c1-ef19-45f4-a684-059fce9071ad","OldSMM","9353647","refunded","Canceled","canceled","1000",1000,"2026-09-02T01:18:04.594998+00:00"
"2b968445-f93b-4a28-b12e-03a50870ed38","OldSMM","9353588","refunded","Canceled","canceled","200",200,"2026-09-02T01:15:49.756449+00:00"
"76bea1cc-50ae-44ea-8485-a9915ac49b19","OldSMM","9353573","refunded","Canceled","canceled","1000",1000,"2026-09-02T01:15:14.463637+00:00"
"932681a7-d828-41e0-8b47-cd1b60ece9c6","OldSMM","9353036","refunded","Canceled","canceled","100",100,"2026-09-02T00:58:01.61474+00:00"
"c51546c3-e70e-4e62-9e7a-5fe471bb21f3","OldSMM","9352877","refunded","Canceled","canceled","200",200,"2026-09-02T00:54:04.834255+00:00"
"40d9ec51-44f4-4899-b0dc-6e800f61a742","OldSMM","9352858","refunded","Canceled","canceled","200",200,"2026-09-02T00:53:26.59502+00:00"
"2f61eee6-0b83-4dae-91e3-5608b95ce022","OldSMM","9352789","refunded","Canceled","canceled","100",100,"2026-09-02T00:51:07.152932+00:00"
"02f5d198-22fd-4eb3-9f54-14d9df96f642","OldSMM","9352511","refunded","Canceled","canceled","200",200,"2026-09-02T00:41:49.084434+00:00"
"e22c1f28-7f2a-4763-8b52-3d7b9e7df663","OldSMM","9351997","refunded","Canceled","canceled","500",500,"2026-09-02T00:24:46.541993+00:00"
"746bbd7b-33fc-4c51-8d8a-4fdb0f92ca24","OldSMM","9351833","refunded","Canceled","canceled","200",200,"2026-09-02T00:19:24.227915+00:00"
"7abf911e-f27c-4d86-915c-0c6f7f3773bf","OldSMM","9351829","refunded","Canceled","canceled","100",100,"2026-09-02T00:19:15.7078+00:00"
"37b19da9-95e5-4f2f-94fc-c1aee684431b","OldSMM","9351823","refunded","Canceled","canceled","100",100,"2026-09-02T00:18:58.677771+00:00"
"7f5e83a2-0988-4233-8e1d-455daec70594","OldSMM","9351817","refunded","Canceled","canceled","200",200,"2026-09-02T00:18:44.743614+00:00"
"72a1e954-367c-4070-9436-a7eb31502b6b","OldSMM","9351724","refunded","Canceled","canceled","100",100,"2026-09-02T00:16:03.051636+00:00"
"47689561-0f09-4e65-8663-631cf4dda6a6","OldSMM","9351564","in progress","Pending","pending","337",337,"2026-09-02T00:11:15.102693+00:00"
"12c5375b-6e63-4bbb-b501-5125b6425939","OldSMM","9351040","refunded","Canceled","canceled","100",100,"2026-09-01T23:58:20.535714+00:00"
"c1cd81b5-d0f7-45d5-9867-fc77ffd18c35","OldSMM","9350951","refunded","Canceled","canceled","100",100,"2026-09-01T23:55:40.292273+00:00"
"bf8943e4-fe92-47bf-bf7e-3cf44019e50b","OldSMM","9350858","refunded","Canceled","canceled","500",500,"2026-09-01T23:52:46.612563+00:00"
"ce76a7f4-780b-4844-b18e-2e77baff5b99","OldSMM","9350533","refunded","Canceled","canceled","500",500,"2026-09-01T23:42:30.050096+00:00"
"715bec8c-b6d2-41e5-9503-6a1383703a2c","OldSMM","9350245","refunded","Canceled","canceled","1000",1000,"2026-09-01T23:35:00.731402+00:00"
"0c73511e-3001-4eab-a623-74d88d306332","OldSMM","9349770","refunded","Canceled","canceled","1000",1000,"2026-09-01T23:21:36.803136+00:00"
"6ad409c6-07c1-41f7-8919-824940ba5842","OldSMM","9349744","refunded","Canceled","canceled","500",500,"2026-09-01T23:21:03.346832+00:00"
"5d530d68-9918-438d-8ae5-4dde5d15ac1f","OldSMM","9348175","refunded","Canceled","canceled","1000",1000,"2026-09-01T22:38:33.599861+00:00"
"7a086686-6084-408c-b855-ce5bd0f807a6","OldSMM","9348078","refunded","Canceled","canceled","100",100,"2026-09-01T22:36:28.254508+00:00"
"3071e1b1-9a44-49bc-92f3-8404c25ccc2c","OldSMM","9347933","refunded","Canceled","canceled","50",50,"2026-09-01T22:32:35.830239+00:00"
"25ed840f-04ee-4456-9591-cb544a7b6f6f","OldSMM","9347859","refunded","Canceled","canceled","100",100,"2026-09-01T22:30:51.481343+00:00"
"13c89fb4-20c8-4c50-af8f-8de7f2cc416f","OldSMM","9347568","refunded","Canceled","canceled","500",500,"2026-09-01T22:23:45.170651+00:00"
"0cbb13c7-f5f7-4dab-9c83-98e3ca679667","OldSMM","9347232","refunded","Canceled","canceled","200",200,"2026-09-01T22:14:57.265561+00:00"
"90b222d7-8986-4fea-b2f9-274b5a3d762c","OldSMM","9346891","refunded","Canceled","canceled","100",100,"2026-09-01T22:04:56.860458+00:00"
"ce604aee-772c-410e-9be9-1773cfa8dc75","OldSMM","9346676","refunded","Canceled","canceled","500",500,"2026-09-01T21:57:44.08098+00:00"
"74b33b95-9827-407c-bee2-1bdd9c5b0c49","OldSMM","9346347","refunded","Canceled","canceled","500",500,"2026-09-01T21:48:08.024558+00:00"
"234b8342-c0be-41c0-86ef-f8f85c2ede88","OldSMM","9346318","refunded","Canceled","canceled","1000",1000,"2026-09-01T21:47:31.099499+00:00"
"025ac811-ac7a-496a-a470-3e690d9461df","OldSMM","9345296","refunded","Canceled","canceled","200",200,"2026-09-01T21:19:40.017538+00:00"
"4498cff6-4972-4fa8-a2fd-49e2752b21fe","OldSMM","9345116","refunded","Canceled","canceled","100",100,"2026-09-01T21:14:55.448867+00:00"
"1e621afd-a0de-46a9-931b-1ff9bb4ec048","OldSMM","9344997","refunded","Canceled","canceled","100",100,"2026-09-01T21:11:56.484303+00:00"
"399d2a03-252c-4ec1-8837-4ba0ebac0fb4","OldSMM","9344840","refunded","Canceled","canceled","100",100,"2026-09-01T21:08:07.282361+00:00"
"fd48d59e-2681-4246-834b-0c326bfae152","OldSMM","9344622","refunded","Canceled","canceled","200",200,"2026-09-01T21:02:28.420406+00:00"
"0a372462-9a40-44cf-aa56-d3051c44ed33","OldSMM","9344567","refunded","Canceled","canceled","100",100,"2026-09-01T21:00:44.506762+00:00"
"d97d15b0-c2f8-4b7e-9435-b803edc8f2ca","OldSMM","9344225","refunded","Canceled","canceled","200",200,"2026-09-01T20:51:43.17687+00:00"
"39b805bd-ddbf-4ff7-879d-b90eb00b07c9","OldSMM","9344181","refunded","Canceled","canceled","100",100,"2026-09-01T20:50:49.108451+00:00"
"9e35d026-db73-44ed-b0d1-793a1183fb0c","OldSMM","9344117","refunded","Canceled","canceled","100",100,"2026-09-01T20:49:14.784056+00:00"
"366ead29-d9bc-4204-a54a-f280dac97c0b","OldSMM","9344045","refunded","Canceled","canceled","1000",1000,"2026-09-01T20:47:37.941575+00:00"
"d9fe1bf9-bcb1-40e2-8e9f-93d8cbfdf648","OldSMM","9343976","refunded","Canceled","canceled","100",100,"2026-09-01T20:45:38.246976+00:00"
"8601ea14-f57e-4ee4-a6fd-7493a0616f04","OldSMM","9343895","refunded","Canceled","canceled","200",200,"2026-09-01T20:43:06.225715+00:00"
"7d8fecc7-816b-4497-914a-82ee15b8b6e9","OldSMM","9343871","refunded","Canceled","canceled","100",100,"2026-09-01T20:42:40.304598+00:00"
"d5c3b54a-5489-4bfd-8709-fd26e0ad86a5","OldSMM","9343798","refunded","Canceled","canceled","300",300,"2026-09-01T20:40:56.214504+00:00"
"568a56ee-741e-48ce-8ae0-c1c3dca2a8db","OldSMM","9343498","refunded","Canceled","canceled","1500",1500,"2026-09-01T20:33:17.230471+00:00"
"7ef87d21-27a0-4e5a-bb9a-8f54d0f3df5f","OldSMM","9343250","refunded","Canceled","canceled","200",200,"2026-09-01T20:27:02.790857+00:00"
"029d2a24-b09f-44a5-9577-f16a6e80a688","OldSMM","9343118","refunded","Canceled","canceled","500",500,"2026-09-01T20:22:57.029342+00:00"
"f3c90694-46f1-4b0b-86c9-65b83f12010d","OldSMM","9343067","refunded","Canceled","canceled","100",100,"2026-09-01T20:21:46.625485+00:00"
"0daafb5d-c96e-4f55-a377-1bbd49e3eb91","OldSMM","9342800","refunded","Canceled","canceled","200",200,"2026-09-01T20:15:22.477772+00:00"
"98eaeb47-5694-41bb-83a6-1386c4f0afca","OldSMM","9342588","refunded","Canceled","canceled","200",200,"2026-09-01T20:10:07.505682+00:00"
"94099d1e-a7e6-497a-944d-3f15823c863e","OldSMM","9342360","refunded","Canceled","canceled","100",100,"2026-09-01T20:03:40.66714+00:00"
"2a22ee6b-cf83-488f-84e7-beb2d87d12dc","OldSMM","9342341","refunded","Canceled","canceled","100",100,"2026-09-01T20:03:15.221155+00:00"
"11e05105-eef2-4d6a-b9ef-c92aec8fea9d","OldSMM","9342302","refunded","Canceled","canceled","100",100,"2026-09-01T20:02:17.510222+00:00"
"a7e23d87-2483-4b5c-a699-e700060d4743","OldSMM","9342288","refunded","Canceled","canceled","200",200,"2026-09-01T20:01:55.307548+00:00"
"67b28257-8d70-4662-8a32-9eea3c376b49","OldSMM","9342214","in progress","Pending","pending","1000",1000,"2026-09-01T19:59:38.392414+00:00"
"ec1a3c29-086e-43e5-99e7-733db13ed6fd","OldSMM","9342035","refunded","Canceled","canceled","500",500,"2026-09-01T19:54:46.784249+00:00"
"ceb746f6-dec5-474a-81a8-62ebe5bbfa17","OldSMM","9342012","refunded","Canceled","canceled","500",500,"2026-09-01T19:54:00.938845+00:00"
"89d71aae-e1c0-4674-9ec9-a38ab19b9c4d","OldSMM","9341917","in progress","Pending","pending","1000",1000,"2026-09-01T19:51:35.35022+00:00"
"34c9214c-713e-4c3f-b1fb-9533753ef425","OldSMM","9341869","refunded","Canceled","canceled","100",100,"2026-09-01T19:50:20.291227+00:00"
"cecf8924-6b5d-4330-ae10-8c48a9385d68","OldSMM","9340779","refunded","Canceled","canceled","100",100,"2026-09-01T19:23:32.082303+00:00"
"ef46ae8c-3f47-48c1-8eef-088d2985cad6","OldSMM","9339292","refunded","Canceled","canceled","200",200,"2026-09-01T18:46:05.723403+00:00"
"e453fee1-5a43-4678-a9d4-1dd817a9d7b3","OldSMM","9339243","refunded","Canceled","canceled","100",100,"2026-09-01T18:44:44.084543+00:00"
"bd1671e0-3571-4edd-8bb0-1dc781491948","OldSMM","9339185","refunded","Canceled","canceled","100",100,"2026-09-01T18:43:02.412768+00:00"
"4e0c2a02-6714-4592-9c73-1bb9e7f47a5a","OldSMM","9339178","refunded","Canceled","canceled","100",100,"2026-09-01T18:42:52.973008+00:00"
"2fc78a47-43eb-42b6-99cc-b79654fafd3c","OldSMM","9339130","refunded","Canceled","canceled","200",200,"2026-09-01T18:41:45.234515+00:00"
"14dd9d7e-ccfc-4340-ad41-c98bbd9ef7b9","OldSMM","9338945","refunded","Canceled","canceled","1000",1000,"2026-09-01T18:35:59.886589+00:00"
"0dadf875-dbc0-42e4-8b6d-a248fc534b7b","OldSMM","9338381","refunded","Canceled","canceled","100",100,"2026-09-01T18:20:02.312974+00:00"
"f9251002-c427-4bca-ab7a-4ae151236e70","OldSMM","9338172","refunded","Canceled","canceled","1000",1000,"2026-09-01T18:15:00.995547+00:00"
"944223ed-d123-49c4-8647-acf4f43ccd27","OldSMM","9338150","refunded","Canceled","canceled","500",500,"2026-09-01T18:14:21.348107+00:00"
"267202dc-ec7c-48a2-a1c9-bb0e88e018f0","OldSMM","9337439","refunded","Canceled","canceled","200",200,"2026-09-01T17:53:48.54523+00:00"
"63cceea1-bce7-4976-bda0-184873e0ad7a","OldSMM","9337214","refunded","Canceled","canceled","250",250,"2026-09-01T17:48:13.705885+00:00"
"6bbf8bee-09d5-4758-beaf-68a9a58de46e","OldSMM","9337140","refunded","Canceled","canceled","100",100,"2026-09-01T17:45:52.372498+00:00"
"834b2c5f-6610-4eb1-b8a9-e9d722b0eccb","OldSMM","9337118","refunded","Canceled","canceled","200",200,"2026-09-01T17:45:18.515905+00:00"
"b988cff0-8c5c-4097-8f82-68a0db9fe6be","OldSMM","9337006","refunded","Canceled","canceled","500",500,"2026-09-01T17:42:10.61751+00:00"
"f71c5fa9-fa17-411e-a4ae-ed4444f40fec","OldSMM","9336470","refunded","Canceled","canceled","200",200,"2026-09-01T17:29:54.550799+00:00"
"180f7295-20be-4e89-aa6a-feca07f9b679","OldSMM","9336446","refunded","Canceled","canceled","500",500,"2026-09-01T17:29:11.803324+00:00"
"9acab7fc-e706-4f9b-ae95-7902464293ab","OldSMM","9336430","refunded","Canceled","canceled","1000",1000,"2026-09-01T17:28:45.402817+00:00"
"21a42d35-5fb5-48db-a5cc-2fdba31b939c","OldSMM","9335779","in progress","Pending","pending","1000",1000,"2026-09-01T17:25:25.440255+00:00"
"3a7e6140-5dc5-4bd5-9e04-08687164f63a","OldSMM","9335533","refunded","Canceled","canceled","900",900,"2026-09-01T17:15:07.964068+00:00"
"49abc63a-0110-484c-ac20-66b2e5d01f1d","OldSMM","9335516","refunded","Canceled","canceled","2000",2000,"2026-09-01T17:14:26.038483+00:00"
"be566300-a1dc-4360-8df2-06a8d1bd7cab","OldSMM","9335141","refunded","Canceled","canceled","150",150,"2026-09-01T17:00:09.105458+00:00"
"4c5a78ba-8055-4c7a-84a7-86a8d8f3ddb3","OldSMM","9335121","refunded","Canceled","canceled","500",500,"2026-09-01T16:59:23.717326+00:00"
"b8b05e6f-9118-43b6-a06c-ee5ba853a02c","OldSMM","9335104","refunded","Canceled","canceled","500",500,"2026-09-01T16:58:37.628013+00:00"
"5ad50017-38e9-471b-9903-425c911d11f0","OldSMM","9334999","refunded","Canceled","canceled","100",100,"2026-09-01T16:53:55.194495+00:00"
"1124f8cf-1bf9-4155-8e13-8e9a80d4e5a5","OldSMM","9334929","refunded","Canceled","canceled","2000",2000,"2026-09-01T16:51:23.017022+00:00"
"e7befbab-a63b-4817-a807-5765cd157319","OldSMM","9334126","in progress","Pending","pending","100",100,"2026-09-01T16:25:53.205071+00:00"
"0229e77c-b8c8-40d2-9ffe-f04bb0b43100","OldSMM","9334097","refunded","Canceled","canceled","1000",1000,"2026-09-01T16:24:46.357849+00:00"
"8c797269-baa7-4e0b-afde-8dea374accfa","OldSMM","9334025","in progress","Pending","pending","100",100,"2026-09-01T16:22:46.966085+00:00"
"3a5e78be-59cb-41b8-b790-6216fdf54408","OldSMM","9333984","refunded","Canceled","canceled","300",300,"2026-09-01T16:21:42.912516+00:00"
"6864a882-6f3b-4ea5-9b5c-6ea6ebb29f76","OldSMM","9333926","refunded","Canceled","canceled","1000",1000,"2026-09-01T16:20:22.319996+00:00"
"057ccf98-fdb2-4db5-a7dc-51391b48bb04","OldSMM","9333862","refunded","Canceled","canceled","100",100,"2026-09-01T16:18:47.314065+00:00"
"91b23616-ab03-4a88-a036-a0606021d589","OldSMM","9333717","refunded","Canceled","canceled","500",500,"2026-09-01T16:14:51.206547+00:00"
"7a003b87-1650-4140-a22d-f1ab87be6bf3","OldSMM","9332583","refunded","Canceled","canceled","400",400,"2026-09-01T15:42:29.423258+00:00"
"37527d04-250d-4930-9b25-4afc33407aef","OldSMM","9331664","refunded","Canceled","canceled","200",200,"2026-09-01T15:18:53.705867+00:00"
"f9c05926-0bab-4f66-81ee-ea07c3cab91b","OldSMM","9331114","refunded","Canceled","canceled","200",200,"2026-09-01T15:08:28.930513+00:00"
"49218d26-a3fc-4b23-9ece-88ab6f209c93","OldSMM","9330818","refunded","Canceled","canceled","100",100,"2026-09-01T15:02:29.675379+00:00"
"99fa07e1-f69d-4458-8456-4de6f9cd7fcd","OldSMM","9330386","refunded","Canceled","canceled","200",200,"2026-09-01T14:51:59.888249+00:00"
"9682ccff-67b6-43de-a7b2-d91fabbf8e65","OldSMM","9329752","refunded","Canceled","canceled","200",200,"2026-09-01T14:33:31.390988+00:00"
"6330183a-0ccb-47bc-857e-d3b7f161499c","OldSMM","9329595","refunded","Canceled","canceled","200",200,"2026-09-01T14:28:16.964058+00:00"
"4403a200-6502-415f-9466-3ab8a73d080d","OldSMM","9329576","refunded","Canceled","canceled","200",200,"2026-09-01T14:27:41.509058+00:00"
"f833fcd2-f72f-44b4-8bba-a844074c3d78","OldSMM","9329423","refunded","Canceled","canceled","100",100,"2026-09-01T14:23:14.623274+00:00"
"5da52dcf-144f-4663-b56e-7ba893ecb77c","OldSMM","9329417","refunded","Canceled","canceled","100",100,"2026-09-01T14:23:08.609585+00:00"
"37b85910-2a25-4ce6-8f80-dda00b3905f3","OldSMM","9329416","in progress","Pending","pending","100",100,"2026-09-01T14:23:08.609585+00:00"
"5057aa6e-8513-4d73-ad52-2fe079a77738","OldSMM","9329409","refunded","Canceled","canceled","100",100,"2026-09-01T14:22:56.873179+00:00"
"6498761d-067c-42ca-89bb-7cb661b0c969","OldSMM","9329333","refunded","Canceled","canceled","500",500,"2026-09-01T14:20:57.706898+00:00"
"d46118c7-a179-4be0-a670-ae8fed5e24e4","OldSMM","9328984","refunded","Canceled","canceled","100",100,"2026-09-01T14:10:44.933513+00:00"
"7baf5f3e-9dcf-4e5d-a82f-b90a4024d5ac","OldSMM","9328983","refunded","Canceled","canceled","100",100,"2026-09-01T14:10:44.933513+00:00"
"fb352121-b324-46dd-bbd8-ee2b5a8d13a0","OldSMM","9328868","refunded","Canceled","canceled","100",100,"2026-09-01T14:09:07.836983+00:00"
"7f364935-6276-4c6c-b0b9-0f2bb2152d6a","OldSMM","9328867","refunded","Canceled","canceled","100",100,"2026-09-01T14:09:07.836983+00:00"
"48e8e5b1-1f79-40c8-b980-452ff7f4f5e7","OldSMM","9328836","refunded","Canceled","canceled","100",100,"2026-09-01T14:08:10.446532+00:00"
"3bcb18a3-9b01-46c3-a839-dcefae486282","OldSMM","9328673","refunded","Canceled","canceled","200",200,"2026-09-01T14:05:46.598254+00:00"
"6c41e440-c8e7-491c-8556-a4e0c9d6575b","OldSMM","9328590","refunded","Canceled","canceled","1500",1500,"2026-09-01T14:04:38.148117+00:00"
"04e66697-6a69-4d2f-9781-3d0fe8ec2708","OldSMM","9328591","refunded","Canceled","canceled","100",100,"2026-09-01T14:04:38.075271+00:00"
"013425ed-a92a-4a65-9538-27de8a4c4b69","OldSMM","9328589","refunded","Canceled","canceled","100",100,"2026-09-01T14:04:38.075271+00:00"
"a40ffd26-313a-463b-ab67-612ea094ba78","OldSMM","9328556","refunded","Canceled","canceled","100",100,"2026-09-01T14:03:34.739822+00:00"
"ac7fb019-c910-4ea2-b67e-27fb7842f291","OldSMM","9328555","in progress","Pending","pending","100",100,"2026-09-01T14:03:34.739822+00:00"
"14d643c8-d4d4-425c-b124-751d83f8b0e9","OldSMM","9328545","refunded","Canceled","canceled","100",100,"2026-09-01T14:03:17.559644+00:00"
"71fe510a-bbb0-4eee-8d5f-efce80f1ce1a","OldSMM","9327900","refunded","Canceled","canceled","100",100,"2026-09-01T13:46:48.668878+00:00"
"96b2958b-668e-40a7-8290-2489fd2f2b57","OldSMM","9327650","refunded","Canceled","canceled","200",200,"2026-09-01T13:40:38.654438+00:00"
"ac033e09-9c20-41ea-b1e1-5584fbb9b277","OldSMM","9327593","refunded","Canceled","canceled","1000",1000,"2026-09-01T13:38:50.50874+00:00"
"903b0e47-cde3-4519-9bbb-6cc2925a9bf1","OldSMM","9327148","refunded","Canceled","canceled","500",500,"2026-09-01T13:27:04.677071+00:00"
"3f761b75-c74e-44c4-98db-b01b68e679b9","OldSMM","9326674","refunded","Canceled","canceled","500",500,"2026-09-01T13:14:00.308924+00:00"
"d3539d7c-2130-484f-a8ae-9dd0279ba4d0","OldSMM","9326641","refunded","Canceled","canceled","500",500,"2026-09-01T13:13:07.468939+00:00"
"98848a9c-87ba-41c3-9e79-b2a9f7130bca","OldSMM","9326110","completed","In progress","in progress","1000",1000,"2026-09-01T13:08:28.242124+00:00"
"b3348a78-cdf1-461d-abed-a110c0e34d5d","OldSMM","9326063","in progress","Pending","pending","100",100,"2026-09-01T13:07:01.855762+00:00"
"a1495437-0b9d-4098-a0e4-48e2c7ec8224","OldSMM","9326012","in progress","Pending","pending","150",150,"2026-09-01T13:05:24.98589+00:00"
"113657fd-ddca-4f1a-8b3c-0ed81088b136","OldSMM","9325864","refunded","Canceled","canceled","100",100,"2026-09-01T13:00:51.848895+00:00"
"f62474c3-75f5-42ae-9005-cdfc3834ad5f","OldSMM","9325518","completed","Canceled","canceled","1000",1000,"2026-09-01T12:50:31.495765+00:00"
"de29891b-29a0-4b3c-b980-789f97b1726a","OldSMM","9324643","refunded","Canceled","canceled","100",100,"2026-09-01T12:26:31.64345+00:00"
"5a89ad53-9a07-4b98-8f20-1b34b4210297","OldSMM","9324602","refunded","Canceled","canceled","500",500,"2026-09-01T12:25:02.51255+00:00"
"0ccd62d3-1d80-456e-a1da-3cfcc7f9b569","OldSMM","9324563","refunded","Canceled","canceled","100",100,"2026-09-01T12:23:57.929987+00:00"
"ab050b83-a2ed-4ebc-ae7e-4a6465299ce5","OldSMM","9324329","refunded","Canceled","canceled","200",200,"2026-09-01T12:17:21.658884+00:00"
"b2794e30-2724-4c3d-b8e7-43e8109dfd9b","OldSMM","9324316","refunded","Canceled","canceled","100",100,"2026-09-01T12:16:54.405979+00:00"
"d7c1702a-2459-4004-b948-825f6f993313","OldSMM","9324306","refunded","Canceled","canceled","300",300,"2026-09-01T12:16:35.417971+00:00"
"526e67b5-ffb8-44bf-97d2-2e379411f9b9","OldSMM","9324164","refunded","Canceled","canceled","100",100,"2026-09-01T12:12:12.026239+00:00"
"ea76d9d5-ad89-4dfc-9cb5-d6d7dd66daa4","OldSMM","9323671","refunded","Canceled","canceled","200",200,"2026-09-01T11:56:47.504351+00:00"
"a8f81b98-b822-4107-b006-4e5345c81a50","OldSMM","9323637","refunded","Canceled","canceled","500",500,"2026-09-01T11:55:29.979884+00:00"
"c5908232-4168-4d87-a2f6-c276ec3f1a7f","OldSMM","9323618","refunded","Canceled","canceled","100",100,"2026-09-01T11:54:42.869598+00:00"
"e3906275-d542-4ef0-a0b4-b81735028c25","OldSMM","9323439","refunded","Canceled","canceled","100",100,"2026-09-01T11:49:45.737461+00:00"
"8c079456-4811-406a-9e13-5fba9c5b09fd","OldSMM","9323072","refunded","Canceled","canceled","500",500,"2026-09-01T11:39:06.924662+00:00"
"cca903d8-c483-4930-a95a-be8b20ab661a","OldSMM","9323010","refunded","Canceled","canceled","50",50,"2026-09-01T11:37:18.740072+00:00"
"c649c855-b947-4d1c-b690-0df79121f298","OldSMM","9322999","refunded","Canceled","canceled","100",100,"2026-09-01T11:36:56.103226+00:00"
"97072071-9efc-47c7-a6ec-259e40162e04","OldSMM","9322494","refunded","Canceled","canceled","100",100,"2026-09-01T11:20:18.767016+00:00"
"f4646a3b-77c8-4ed7-a58f-62b338200756","OldSMM","9322477","refunded","Canceled","canceled","100",100,"2026-09-01T11:19:58.614343+00:00"
"e5415f02-6b54-4cfe-b122-942d9a687239","OldSMM","9322439","refunded","Canceled","canceled","200",200,"2026-09-01T11:18:47.622642+00:00"
"3d7ec1c2-c709-4fcc-8c14-1718d9ddd98b","OldSMM","9322341","refunded","Canceled","canceled","100",100,"2026-09-01T11:15:21.330861+00:00"
"1e9c3030-18ed-47fe-97ec-57be9adb04f5","OldSMM","9322223","refunded","Canceled","canceled","200",200,"2026-09-01T11:12:14.478176+00:00"
"64346bfa-1c0c-4a24-8b08-a6b57a4aa15f","OldSMM","9322179","refunded","Canceled","canceled","100",100,"2026-09-01T11:11:21.004266+00:00"
"12db4d98-d05e-4796-b060-07af6c28be8e","OldSMM","9321960","refunded","Canceled","canceled","100",100,"2026-09-01T11:05:49.9901+00:00"
"4324da4c-8430-40d3-ba0c-fcf0df14f809","OldSMM","9321894","refunded","Canceled","canceled","100",100,"2026-09-01T11:03:48.554306+00:00"
"6c4e667e-c15c-401e-89ee-bc004fe3f50e","OldSMM","9321712","refunded","Canceled","canceled","200",200,"2026-09-01T10:57:43.000254+00:00"
"4b18d119-dd47-410d-8d05-71d067595b37","OldSMM","9321706","refunded","Canceled","canceled","100",100,"2026-09-01T10:57:17.286999+00:00"
"fd77fd14-7923-4d2c-a187-0442da510526","OldSMM","9321423","refunded","Canceled","canceled","200",200,"2026-09-01T10:49:08.309116+00:00"
"5ed0d91d-caed-4268-b8c5-bf771cf4555b","OldSMM","9321395","refunded","Canceled","canceled","500",500,"2026-09-01T10:48:29.999573+00:00"
"11ea371b-89f8-4b4c-be77-04bef5faa889","OldSMM","9321383","refunded","Canceled","canceled","200",200,"2026-09-01T10:47:49.73248+00:00"
"a43e93c7-9c88-4781-8eee-fc2d09f04b33","OldSMM","9321375","refunded","Canceled","canceled","100",100,"2026-09-01T10:47:39.801936+00:00"
"a2b27cb4-7733-42eb-bf69-1679dfd86c1c","OldSMM","9321299","refunded","Canceled","canceled","500",500,"2026-09-01T10:45:17.428255+00:00"
"8068f6fa-b655-4c65-be41-163f865f0ed2","OldSMM","9321165","refunded","Canceled","canceled","200",200,"2026-09-01T10:40:46.603017+00:00"
"c637054b-2db5-444f-80b5-f73ee9de389d","OldSMM","9320965","refunded","Canceled","canceled","200",200,"2026-09-01T10:33:21.809047+00:00"
"70225709-bea0-420c-962d-6057a7ce0c86","OldSMM","9320954","refunded","Canceled","canceled","300",300,"2026-09-01T10:32:57.556413+00:00"
"c9d48ba3-f04f-4ee2-bf18-8373f5f14493","OldSMM","9320737","refunded","Canceled","canceled","100",100,"2026-09-01T10:25:28.182244+00:00"
"a0e2cf52-6523-4628-970e-1a679ef375d7","OldSMM","9320734","refunded","Canceled","canceled","200",200,"2026-09-01T10:25:18.230016+00:00"
"6c3fdb97-9350-4a61-93bf-67e752b224fe","OldSMM","9320732","in progress","Pending","pending","1000",1000,"2026-09-01T10:25:12.298257+00:00"
"07336d6c-82a8-4360-b054-7ad679be8bd5","OldSMM","9320653","refunded","Canceled","canceled","200",200,"2026-09-01T10:22:46.762847+00:00"
"62046910-3640-4270-906c-455f3635ca6d","OldSMM","9320588","refunded","Canceled","canceled","500",500,"2026-09-01T10:20:35.680539+00:00"
"4a19d91e-44b0-4eab-81d6-9273f9521b02","OldSMM","9320582","refunded","Canceled","canceled","200",200,"2026-09-01T10:20:26.800061+00:00"
"277862ca-5ea7-4a49-9b4f-23d1b94d3b2a","OldSMM","9320578","refunded","Canceled","canceled","100",100,"2026-09-01T10:20:24.495186+00:00"
"2265fca8-a483-41ff-826a-9b446211dc3c","OldSMM","9320529","refunded","Canceled","canceled","100",100,"2026-09-01T10:18:53.497071+00:00"
"1daf116d-0165-4097-b0a1-6d5c7e48a34f","OldSMM","9320516","refunded","Canceled","canceled","100",100,"2026-09-01T10:18:29.848982+00:00"
"2ca0cdf0-ea6d-43cd-a38f-58572fc28f31","OldSMM","9320482","refunded","Canceled","canceled","100",100,"2026-09-01T10:17:20.527643+00:00"
"b27b1660-4c9e-45d5-b7bd-ec41082ceaae","OldSMM","9320260","refunded","Canceled","canceled","200",200,"2026-09-01T10:10:57.853073+00:00"
"e34f9c18-b8dc-4866-a177-f4572c8e08f3","OldSMM","9319920","refunded","Canceled","canceled","500",500,"2026-09-01T09:58:48.775177+00:00"
"934ca900-7c57-4b93-a059-205959be14c6","OldSMM","9319907","refunded","Canceled","canceled","100",100,"2026-09-01T09:58:24.019806+00:00"
"363de028-3ace-43d4-afdd-e7bfb690be3a","OldSMM","9319735","refunded","Canceled","canceled","500",500,"2026-09-01T09:51:35.208733+00:00"
"b7418d80-8394-4b27-93b2-0cf029249e11","OldSMM","9319664","refunded","Canceled","canceled","200",200,"2026-09-01T09:48:52.283984+00:00"
"953432e5-d22d-4810-bb9e-d74786bdab39","OldSMM","9319638","refunded","Canceled","canceled","200",200,"2026-09-01T09:47:56.354541+00:00"
"bfb6880c-6f45-4fef-93fd-5f1677fc6ea2","OldSMM","9319604","refunded","Canceled","canceled","300",300,"2026-09-01T09:46:25.161798+00:00"
"e721dc0d-e619-414e-aa43-590168f099e7","OldSMM","9319461","refunded","Canceled","canceled","100",100,"2026-09-01T09:40:59.900692+00:00"
"678348dc-b7f2-4084-adcb-45e2156b3be7","OldSMM","9319422","refunded","Canceled","canceled","100",100,"2026-09-01T09:39:23.988666+00:00"
"ed303d06-cf85-4227-8c5b-4e4f42d0b5e8","OldSMM","9319279","refunded","Canceled","canceled","500",500,"2026-09-01T09:34:03.442126+00:00"
"facb3643-e993-4490-85b6-c332902c81f8","OldSMM","9319198","refunded","Canceled","canceled","100",100,"2026-09-01T09:30:44.365+00:00"
"26fed35e-f0c4-424c-964f-fb41b785b5f7","OldSMM","9319187","refunded","Canceled","canceled","100",100,"2026-09-01T09:30:14.900241+00:00"
"c05ddb35-23a0-49cd-97b9-12032eec1d20","OldSMM","9319125","refunded","Canceled","canceled","100",100,"2026-09-01T09:27:51.300221+00:00"
"e331016b-df3c-4a73-959e-18097682f60c","OldSMM","9319104","refunded","Canceled","canceled","100",100,"2026-09-01T09:26:41.572757+00:00"
"b64165db-94db-4ae4-a598-12c96a28137c","OldSMM","9319011","refunded","Canceled","canceled","100",100,"2026-09-01T09:22:33.609698+00:00"
"bf195764-bba2-45c0-b9cc-39b66c78b110","OldSMM","9318830","refunded","Canceled","canceled","100",100,"2026-09-01T09:16:18.636769+00:00"
"18749865-a311-476e-a80f-59c0ab5f0159","OldSMM","9318766","refunded","Canceled","canceled","100",100,"2026-09-01T09:13:34.756563+00:00"
"5a4e0d2a-7fae-47bc-bfb6-df3d12bcd7a0","OldSMM","9318724","refunded","Canceled","canceled","1000",1000,"2026-09-01T09:11:18.64898+00:00"
"a26a6b85-9d65-4a5f-a18d-dd212c4ebd04","OldSMM","9318715","refunded","Canceled","canceled","100",100,"2026-09-01T09:10:47.517394+00:00"
"ee42236b-2693-4b50-b9c3-14125b8f6ed1","OldSMM","9318652","refunded","Canceled","canceled","400",400,"2026-09-01T09:08:32.044383+00:00"
"b0be7c0e-a7b9-4601-81ee-5df37645a2d7","OldSMM","9318531","refunded","Canceled","canceled","100",100,"2026-09-01T09:03:31.484948+00:00"
"5af80760-bcf9-4784-87d8-0659d84aa0d3","OldSMM","9318444","refunded","Canceled","canceled","500",500,"2026-09-01T08:59:35.506525+00:00"
"473013b8-f55f-43ab-a20a-ff35311682b9","OldSMM","9318427","refunded","Canceled","canceled","200",200,"2026-09-01T08:58:35.014495+00:00"
"b336b7bb-626b-4caa-bced-448582e08d13","OldSMM","9318399","refunded","Canceled","canceled","200",200,"2026-09-01T08:57:16.772865+00:00"
"2a1f13bf-da6c-4d68-a56b-fd16d8eec6cb","OldSMM","9318314","refunded","Canceled","canceled","100",100,"2026-09-01T08:54:37.416577+00:00"
"0c491351-d06e-4ad9-885f-7b8a06f3a8b8","OldSMM","9318311","refunded","Canceled","canceled","1000",1000,"2026-09-01T08:54:29.175839+00:00"
"6d8f770e-b404-4f86-a1c8-0fca3d1a02e6","OldSMM","9318288","refunded","Canceled","canceled","200",200,"2026-09-01T08:53:16.905152+00:00"
"29fefe2f-f50e-4ca2-8d78-85d51fb1ce53","OldSMM","9318231","refunded","Canceled","canceled","100",100,"2026-09-01T08:50:49.02921+00:00"
"df634014-f58e-4c7f-91f3-b368b7c06f75","OldSMM","9318147","refunded","Canceled","canceled","100",100,"2026-09-01T08:47:42.325536+00:00"
"aba7a110-ebc7-4ea0-8dcf-b6dda2859655","OldSMM","9317674","refunded","Canceled","canceled","100",100,"2026-09-01T08:32:26.181642+00:00"
"15a1d2ea-252a-453c-bf24-57395750f8f0","OldSMM","9317596","refunded","Canceled","canceled","200",200,"2026-09-01T08:29:50.694416+00:00"
"9ab5d1a8-d00e-46ab-9365-80843cbd0789","OldSMM","9317585","refunded","Canceled","canceled","100",100,"2026-09-01T08:29:34.526741+00:00"
"17bb7cae-266f-4d03-a78e-812c04c8d078","OldSMM","9317559","refunded","Canceled","canceled","100",100,"2026-09-01T08:28:58.656631+00:00"
"703d4f62-9a2c-479d-87a2-cea0fe6bca13","OldSMM","9317544","refunded","Canceled","canceled","100",100,"2026-09-01T08:28:27.205535+00:00"
"b6850434-3950-4ef1-83d5-7b6d6ce90b7c","OldSMM","9317359","refunded","Canceled","canceled","100",100,"2026-09-01T08:20:54.586505+00:00"
"9c9f963a-2dcd-4af4-ab10-afb94b707712","OldSMM","9317288","refunded","Canceled","canceled","200",200,"2026-09-01T08:17:46.8654+00:00"
"55935560-bebe-48ae-aa50-b464406e578a","OldSMM","9317166","refunded","Canceled","canceled","1000",1000,"2026-09-01T08:12:28.542388+00:00"
"f9fc7e0c-3faf-4c04-a088-7b812ed8c3eb","OldSMM","9316881","refunded","Canceled","canceled","200",200,"2026-09-01T08:04:45.379498+00:00"
"bd35de73-78be-428d-b098-e3b9456face4","OldSMM","9316857","refunded","Canceled","canceled","1000",1000,"2026-09-01T08:03:53.571189+00:00"
"da1a1192-12ea-4b7a-888c-a41dbc636da2","OldSMM","9316764","refunded","Canceled","canceled","200",200,"2026-09-01T07:59:49.181051+00:00"
"c2f7f441-d1fa-415c-82c7-29c4c10a4082","OldSMM","9316552","refunded","Canceled","canceled","100",100,"2026-09-01T07:50:56.819873+00:00"
"2a496144-38b9-4ac8-b14e-f1cde0a6b203","OldSMM","9316527","refunded","Canceled","canceled","100",100,"2026-09-01T07:49:53.650524+00:00"
"0a72abba-4605-4530-9263-0135d6909732","OldSMM","9316465","refunded","Canceled","canceled","1000",1000,"2026-09-01T07:47:11.449215+00:00"
"323a55c7-b2d1-41cd-acb3-c3d9a1bd7366","OldSMM","9316361","refunded","Canceled","canceled","200",200,"2026-09-01T07:42:13.681313+00:00"
"9c9f8007-20fe-4049-b4a6-c4f1e639a889","OldSMM","9316343","refunded","Canceled","canceled","100",100,"2026-09-01T07:41:13.982218+00:00"
"9ee31d3c-700c-4ae8-ba1b-03f56dec9ddf","OldSMM","9316284","refunded","Canceled","canceled","500",500,"2026-09-01T07:38:48.385824+00:00"
"d87bd9b3-15da-40db-bd38-50ae0c992547","OldSMM","9316042","refunded","Canceled","canceled","5000",5000,"2026-09-01T07:28:55.956467+00:00"
"b4057567-7b84-43a1-be70-17b80a4c502f","OldSMM","9316002","refunded","Canceled","canceled","500",500,"2026-09-01T07:27:09.621286+00:00"
"accc10b7-8f56-4cb9-96bf-39e4fea86432","OldSMM","9315998","completed","Partial","partial","94",100,"2026-09-01T07:27:05.081638+00:00"
"234b0936-01b7-41b6-b398-6255ebdee721","OldSMM","9315990","completed","Canceled","canceled","200",200,"2026-09-01T07:26:44.596573+00:00"
"4def4e10-76ea-401f-90d7-bf7fde49ef6b","OldSMM","9315935","refunded","Canceled","canceled","100",100,"2026-09-01T07:24:13.430798+00:00"
"fa003988-12ed-4899-a0b2-300988d60fb8","OldSMM","9315809","refunded","Canceled","canceled","200",200,"2026-09-01T07:18:13.789407+00:00"
"7708c77e-a219-4f35-bd5a-6dcd19603476","OldSMM","9315806","refunded","Canceled","canceled","100",100,"2026-09-01T07:18:01.817994+00:00"
"51982784-432f-463b-97b9-04c05959f275","OldSMM","9315757","refunded","Canceled","canceled","200",200,"2026-09-01T07:15:50.068122+00:00"
"55b1af3d-883d-4cca-8272-50ad1ea6d8b9","OldSMM","9315712","refunded","Canceled","canceled","100",100,"2026-09-01T07:14:13.104917+00:00"
"15fbb5dc-835b-4056-8b57-583c85057447","OldSMM","9315622","refunded","Canceled","canceled","5000",5000,"2026-09-01T07:10:11.067233+00:00"
"7210128b-e19a-4b7b-92e6-18e4ef46b15a","OldSMM","9315528","refunded","Canceled","canceled","100",100,"2026-09-01T07:05:43.163115+00:00"
"e3b9b68a-3fd0-4e5d-8d08-a7df31dc2b52","OldSMM","9315310","refunded","Canceled","canceled","1000",1000,"2026-09-01T06:56:05.323605+00:00"
"4f24745d-f2a9-4b79-bbc9-0dd587db6309","OldSMM","9314655","refunded","Canceled","canceled","100",100,"2026-09-01T06:27:09.770262+00:00"
"cdb94d16-8468-48c0-b603-2454f50ef3a4","OldSMM","9314570","completed","Partial","partial","991",1000,"2026-09-01T06:23:08.089909+00:00"
"63ed1a70-7f25-4c9d-b2cf-7cac68e2ae3a","OldSMM","9314481","refunded","Canceled","canceled","100",100,"2026-09-01T06:18:17.500356+00:00"
"8d32fa59-69dc-43b5-ab42-13642d625799","OldSMM","9313897","refunded","Canceled","canceled","100",100,"2026-09-01T05:48:27.162426+00:00"
"8e9799b7-4009-4a83-9536-6e44160a96cb","OldSMM","9313678","refunded","Canceled","canceled","100",100,"2026-09-01T05:37:06.637994+00:00"
"7779e923-1266-4547-9762-90fd84d7ae2e","OldSMM","9312632","refunded","Canceled","canceled","200",200,"2026-09-01T04:46:45.711469+00:00"
"1a2f50cf-ed09-4ec9-a5dd-7aac30f8cd7d","OldSMM","9312530","refunded","Canceled","canceled","100",100,"2026-09-01T04:42:06.379902+00:00"
"045b0553-f693-40fb-a271-418546323f34","OldSMM","9312490","refunded","Canceled","canceled","100",100,"2026-09-01T04:40:10.158502+00:00"
"f1d6e137-58fb-4d94-847b-3efe621948f4","OldSMM","9312353","refunded","Canceled","canceled","100",100,"2026-09-01T04:33:35.620062+00:00"
"9c541b02-e366-49c4-bea2-8d82a8f64a70","OldSMM","9312205","refunded","Canceled","canceled","100",100,"2026-09-01T04:27:01.847097+00:00"
"011c2def-00c5-4f76-a799-3d5967743eb4","OldSMM","9312153","refunded","Canceled","canceled","100",100,"2026-09-01T04:24:29.495784+00:00"
"dbf6060e-224b-4faa-afa3-4ac88b6ff8a5","OldSMM","9312003","refunded","Canceled","canceled","500",500,"2026-09-01T04:16:52.20871+00:00"
"acd06bb2-1173-46ad-b234-38d6cca140ad","OldSMM","9311982","refunded","Canceled","canceled","500",500,"2026-09-01T04:15:25.012742+00:00"
"c6558015-3e28-49ef-8442-b0955a50582b","OldSMM","9311976","refunded","Canceled","canceled","200",200,"2026-09-01T04:15:00.357433+00:00"
"10289594-08b1-44d9-82e5-1f0e67dda9dd","OldSMM","9311950","refunded","Canceled","canceled","1000",1000,"2026-09-01T04:14:08.056231+00:00"
"116cf0c0-4a55-4af8-a918-9bd269600721","OldSMM","9311819","refunded","Canceled","canceled","200",200,"2026-09-01T04:08:44.345257+00:00"
"fd222b14-f569-473b-b9ce-479bbedca6b9","OldSMM","9311702","refunded","Canceled","canceled","100",100,"2026-09-01T04:04:40.326516+00:00"
"7a7ca7b3-1904-4bc4-9ff8-14510a5822e1","OldSMM","9311679","refunded","Canceled","canceled","100",100,"2026-09-01T04:03:37.114767+00:00"
"36945adb-f075-47e2-8319-8738478fee93","OldSMM","9311658","refunded","Canceled","canceled","100",100,"2026-09-01T04:02:52.334182+00:00"
"bbc8516e-9644-4c88-94c3-94717ade808c","OldSMM","9311418","refunded","Canceled","canceled","100",100,"2026-09-01T03:54:37.73324+00:00"
"cef7bf44-36c1-4f8c-8556-656e345ddfbb","OldSMM","9310929","refunded","Canceled","canceled","100",100,"2026-09-01T03:34:29.592052+00:00"
"5dfc5a39-dc55-4ba0-9068-615dd9873842","OldSMM","9310873","completed","Partial","partial","977",1000,"2026-09-01T03:32:09.574396+00:00"
"80020abf-c40e-43fc-aa5d-3d7193273756","OldSMM","9310825","refunded","Canceled","canceled","100",100,"2026-09-01T03:30:30.553993+00:00"
"944dc5f4-14da-4e3a-b0de-bf8898b49c33","OldSMM","9310775","refunded","Canceled","canceled","100",100,"2026-09-01T03:28:17.442785+00:00"
"d0bff419-eec1-43a6-a71a-b7da884266bc","OldSMM","9310752","refunded","Canceled","canceled","100",100,"2026-09-01T03:27:40.804583+00:00"
"b5301188-ab7d-421f-9c83-e3c221b1f260","OldSMM","9310510","refunded","Canceled","canceled","100",100,"2026-09-01T03:18:37.324132+00:00"
"a298c5f7-33a8-440b-9337-3815fafe3a44","OldSMM","9310194","in progress","Pending","pending","100",100,"2026-09-01T03:06:08.500142+00:00"
"0a79ab1e-6e5d-4a3a-b498-131ab1db5c6e","OldSMM","9310169","refunded","Canceled","canceled","200",200,"2026-09-01T03:05:02.814187+00:00"
"f975c8f1-fae0-494e-ae1b-7ce5dd1ead43","OldSMM","9309825","refunded","Canceled","canceled","100",100,"2026-09-01T02:52:21.795773+00:00"
"f3aa15ef-3d32-477f-ac4f-8e144a198d8b","OldSMM","9309665","refunded","Canceled","canceled","100",100,"2026-09-01T02:44:59.543227+00:00"
"490e21c8-dfb0-4be5-b24c-f7e490e99c45","OldSMM","9309637","refunded","Canceled","canceled","200",200,"2026-09-01T02:44:18.427869+00:00"
"fdc9412d-1c6c-46d1-9793-60d56fe2a4c6","OldSMM","9309090","refunded","Canceled","canceled","100",100,"2026-09-01T02:25:10.879319+00:00"
"8410fc82-d241-4c4f-84bc-0ed1d346994a","OldSMM","9309014","refunded","Canceled","canceled","100",100,"2026-09-01T02:21:54.777088+00:00"
"3bf07bfe-5e07-4288-a7e0-e68c8b868749","OldSMM","9308976","refunded","Canceled","canceled","200",200,"2026-09-01T02:20:27.678767+00:00"
"e5c6ac5a-87f5-406d-a273-7264cfc12012","OldSMM","9308950","refunded","Canceled","canceled","100",100,"2026-09-01T02:19:28.493168+00:00"
"d93ae936-26bb-4369-b0a8-8f8d985f8d04","OldSMM","9308898","refunded","Canceled","canceled","200",200,"2026-09-01T02:17:09.752701+00:00"
"1e5b35d3-34e3-48f0-b207-21fd84b670b4","OldSMM","9308837","refunded","Canceled","canceled","100",100,"2026-09-01T02:14:20.725502+00:00"
"7a2d2f6e-e702-4f3b-941d-58cbf76de2bb","OldSMM","9308678","refunded","Canceled","canceled","100",100,"2026-09-01T02:09:06.795008+00:00"
"efe2153d-51bf-443c-9281-1aee51214bbd","OldSMM","9308663","refunded","Canceled","canceled","100",100,"2026-09-01T02:08:34.537367+00:00"
"d96ad5a1-46aa-4548-a1a2-e9f41d00a560","OldSMM","9308216","refunded","Canceled","canceled","100",100,"2026-09-01T01:56:57.518849+00:00"
"c104165d-3317-48c5-a28c-f607163c8bd6","OldSMM","9307845","refunded","Canceled","canceled","100",100,"2026-09-01T01:50:07.92568+00:00"
"c0590d92-6402-43a4-9fed-9e0ebcdc32aa","OldSMM","9307540","refunded","Canceled","canceled","500",500,"2026-09-01T01:41:47.335517+00:00"
"05fdfe40-117e-4fb7-94cd-edbcef612396","OldSMM","9307526","refunded","Canceled","canceled","1000",1000,"2026-09-01T01:41:14.469305+00:00"
"84239fd6-1520-449f-a34b-42034fd87379","OldSMM","9307437","refunded","Canceled","canceled","100",100,"2026-09-01T01:39:00.790886+00:00"
"36b91896-7739-47d7-b434-1f7022ccc141","OldSMM","9307414","refunded","Canceled","canceled","100",100,"2026-09-01T01:38:04.51904+00:00"
"c1ae91d6-2acc-46d5-8335-a46e9f115494","OldSMM","9307128","refunded","Canceled","canceled","500",500,"2026-09-01T01:29:46.791254+00:00"
"a3926970-53c2-4ca7-8acb-f1658a139ebe","OldSMM","9307127","refunded","Canceled","canceled","200",200,"2026-09-01T01:29:38.883986+00:00"
"cb5af3ee-f518-408e-aa39-7bbc01b967fe","OldSMM","9307085","refunded","Canceled","canceled","1000",1000,"2026-09-01T01:27:54.43967+00:00"
"2192b2c8-1135-438f-8a27-768d98e715c6","OldSMM","9306677","refunded","Canceled","canceled","100",100,"2026-09-01T01:15:25.866091+00:00"
"ddb60059-e279-490c-b1cc-f8203eaf049f","OldSMM","9306672","refunded","Canceled","canceled","100",100,"2026-09-01T01:15:16.321872+00:00"
"f265e2cd-74ed-4593-90b6-a0c472c674d4","OldSMM","9306649","refunded","Canceled","canceled","200",200,"2026-09-01T01:14:15.801964+00:00"
"4daddace-7915-4ce8-af06-f90226be51b1","OldSMM","9306612","refunded","Canceled","canceled","100",100,"2026-09-01T01:13:17.548549+00:00"
"e4177470-44f1-4ddd-99d6-7a8d8c3e867e","OldSMM","9306568","refunded","Canceled","canceled","1000",1000,"2026-09-01T01:11:53.110072+00:00"
"547b3047-abe1-4286-8ffa-7e4563842b1a","OldSMM","9306531","refunded","Canceled","canceled","100",100,"2026-09-01T01:10:59.07465+00:00"
"6c4871a9-0d61-493e-9849-430592b831f9","OldSMM","9306479","completed","Canceled","canceled","1000",1000,"2026-09-01T01:09:44.392444+00:00"
"2b617af9-bbd9-424b-9e17-e57613c0b5f0","OldSMM","9306414","refunded","Canceled","canceled","300",300,"2026-09-01T01:07:43.265897+00:00"
"2a420918-b90e-4f27-a786-cf296bcc4855","OldSMM","9306381","refunded","Canceled","canceled","100",100,"2026-09-01T01:06:49.685176+00:00"
"3b7f888b-3e5b-4ac9-a8c0-0b11552327d2","OldSMM","9306371","refunded","Canceled","canceled","200",200,"2026-09-01T01:06:40.053477+00:00"
"4847c5eb-645e-4d26-881e-ca784c2461b5","OldSMM","9306287","refunded","Canceled","canceled","100",100,"2026-09-01T01:05:02.149604+00:00"
"487fbf6a-7e49-4966-84f0-47f8b267b05b","OldSMM","9306265","refunded","Canceled","canceled","100",100,"2026-09-01T01:04:21.328451+00:00"
"62bd276c-7afd-4616-83f5-00dbc2b1ba27","OldSMM","9306151","refunded","Canceled","canceled","200",200,"2026-09-01T01:00:43.413743+00:00"
"8d4c5b3d-dbce-4d21-af83-d18af52b9aa2","OldSMM","9306090","refunded","Canceled","canceled","500",500,"2026-09-01T00:59:18.336745+00:00"
"b398fe32-52ff-4573-9077-f2adbb8a86ae","OldSMM","9305910","refunded","Canceled","canceled","1000",1000,"2026-09-01T00:54:23.760502+00:00"
"a049f4a4-6977-424c-a459-a75c82c04806","OldSMM","9305771","refunded","Canceled","canceled","1000",1000,"2026-09-01T00:50:41.569611+00:00"
"36393b62-7e6c-4d3b-be52-3b5829558fd8","OldSMM","9305593","refunded","Canceled","canceled","100",100,"2026-09-01T00:45:39.851663+00:00"
"f5199b82-5bc0-4de1-845f-31619446f3f1","OldSMM","9305496","completed","Canceled","canceled","300",300,"2026-09-01T00:43:23.958993+00:00"
"29186ea4-4d43-4e75-97cc-583a169666f6","OldSMM","9305431","completed","Canceled","canceled","300",300,"2026-09-01T00:41:38.642416+00:00"
"d84e2b50-f1df-4e8e-8bcd-503f2f39a9a4","OldSMM","9305329","refunded","Canceled","canceled","100",100,"2026-09-01T00:38:58.905781+00:00"
"92a0f941-4104-418e-9266-89b93de17912","OldSMM","9305230","refunded","Canceled","canceled","1000",1000,"2026-09-01T00:36:08.124116+00:00"
"342e6b5c-c66d-4255-a590-4a029de1e406","OldSMM","9305004","refunded","Canceled","canceled","1000",1000,"2026-09-01T00:29:08.71697+00:00"
"d4287873-1c6a-4872-9906-d06df1e31271","OldSMM","9304999","refunded","Canceled","canceled","50",50,"2026-09-01T00:28:56.785322+00:00"
"f2288686-1205-4c86-9d56-567b25753f37","OldSMM","9304985","refunded","Canceled","canceled","100",100,"2026-09-01T00:28:18.574789+00:00"
"a6d5120f-d0a1-421a-ae13-6dd4756a0330","OldSMM","9304646","completed","Partial","partial","965",1000,"2026-09-01T00:17:52.560539+00:00"
"6f125b52-d936-43fb-adbc-3b503d94d339","OldSMM","9304599","refunded","Canceled","canceled","100",100,"2026-09-01T00:16:23.623072+00:00"
"bc7e7c54-ed5c-4621-98d0-b032b66b65d5","OldSMM","9304352","refunded","Canceled","canceled","300",300,"2026-09-01T00:06:40.579329+00:00"
"bfd6dc34-8351-44e6-b0f6-032949ae8038","OldSMM","9304218","refunded","Canceled","canceled","1000",1000,"2026-09-01T00:02:57.035475+00:00"
"27c97cb2-7baf-49ec-803d-fb2db9d4c9af","OldSMM","9304094","refunded","Canceled","canceled","100",100,"2026-08-31T23:59:27.82354+00:00"
"dff98247-7665-41f9-9ad8-fe36b40a8507","OldSMM","9304086","refunded","Canceled","canceled","100",100,"2026-08-31T23:58:58.561564+00:00"
"e0ac00f6-20de-45fb-92d1-83c3393b5d2f","OldSMM","9304082","refunded","Canceled","canceled","100",100,"2026-08-31T23:58:48.113408+00:00"
"1482bb2f-9375-4f91-a1e5-3dd3a981a74f","OldSMM","9304063","refunded","Canceled","canceled","400",400,"2026-08-31T23:58:00.900887+00:00"
"a661e5cb-8205-4d31-878e-f9f79d24a4e1","OldSMM","9303979","refunded","Canceled","canceled","100",100,"2026-08-31T23:55:33.104048+00:00"
"8031450c-4ed8-4e4e-ab63-5ff3bb212d1c","OldSMM","9303910","refunded","Canceled","canceled","100",100,"2026-08-31T23:53:30.801233+00:00"
"be98c068-d690-46f4-bfee-1efafa477fb4","OldSMM","9303891","completed","Partial","partial","216",250,"2026-08-31T23:52:46.003422+00:00"
"4c4436b0-8d45-4eaa-a808-1bc5784c5efe","OldSMM","9303844","refunded","Canceled","canceled","600",600,"2026-08-31T23:51:17.172076+00:00"
"0873939b-07e0-4acf-9afb-fa682ce46d0f","OldSMM","9303791","refunded","Canceled","canceled","200",200,"2026-08-31T23:49:31.406745+00:00"
"6293a94b-e85b-45f1-bd01-9fcf428da459","OldSMM","9303700","refunded","Canceled","canceled","100",100,"2026-08-31T23:46:31.438584+00:00"
"6ef63a30-0fc1-454e-a363-9d329f91a628","OldSMM","9303632","refunded","Canceled","canceled","200",200,"2026-08-31T23:44:34.795332+00:00"
"b5c0703b-b8a9-442f-bc92-81b1216a7ed6","OldSMM","9303420","refunded","Canceled","canceled","500",500,"2026-08-31T23:37:41.85044+00:00"
"902890ab-a73a-4c7c-99ce-ead0eeb994d2","OldSMM","9303348","completed","Partial","partial","421",500,"2026-08-31T23:35:21.905863+00:00"
"53daac55-69f9-437a-b52d-b74cad801aaf","OldSMM","9303223","refunded","Canceled","canceled","100",100,"2026-08-31T23:31:46.96336+00:00"
"afdc6231-2cad-4ad6-84a6-54e091c5c37a","OldSMM","9303215","refunded","Canceled","canceled","200",200,"2026-08-31T23:31:29.643413+00:00"
"42752561-dff8-4f2c-9e54-667a59b6cf3e","OldSMM","9303073","completed","Partial","partial","66",100,"2026-08-31T23:26:47.196988+00:00"
"bee384d1-8aaa-427b-88ef-8491a58cd2c4","OldSMM","9302909","partial","Canceled","canceled","200",200,"2026-08-31T23:22:20.120784+00:00"
"bb65ad1d-00de-4173-86e8-63c63f976c01","OldSMM","9302898","refunded","Canceled","canceled","100",100,"2026-08-31T23:22:07.344691+00:00"
"1d6003be-7a2c-4a12-85d1-37e293f9852c","OldSMM","9302875","refunded","Canceled","canceled","100",100,"2026-08-31T23:21:13.472732+00:00"
"38bbbde0-f091-49d9-be7e-a98beb5b3e2f","OldSMM","9302618","refunded","Canceled","canceled","100",100,"2026-08-31T23:14:21.471105+00:00"
"d453d369-9eab-4dd0-8723-243f0517374c","OldSMM","9302490","refunded","Canceled","canceled","100",100,"2026-08-31T23:10:24.334192+00:00"
"e0c6060c-50fb-4cd8-b9e1-63cc1f74c255","OldSMM","9302431","refunded","Canceled","canceled","100",100,"2026-08-31T23:09:05.654492+00:00"
"b4eb58f2-e147-488c-ac7e-b0914205bfcc","OldSMM","9302313","refunded","Canceled","canceled","200",200,"2026-08-31T23:05:56.759995+00:00"
"8cab9e82-4bae-44df-97a2-ee9581203b1e","OldSMM","9302306","refunded","Canceled","canceled","200",200,"2026-08-31T23:05:40.289838+00:00"
"b521daf0-b292-4311-a19a-3fbc2ca39a5c","OldSMM","9302261","refunded","Canceled","canceled","100",100,"2026-08-31T23:04:02.400055+00:00"
"c8334a2a-93b9-422a-becf-d2eaab63c09e","OldSMM","9302111","refunded","Canceled","canceled","100",100,"2026-08-31T22:59:44.339009+00:00"
"47aa8934-41b0-453f-98ba-32ca6e3de177","OldSMM","9302103","refunded","Canceled","canceled","200",200,"2026-08-31T22:59:32.720649+00:00"
"32c53b89-db8c-4f9e-8e74-c7fd52eec54e","OldSMM","9302062","refunded","Canceled","canceled","200",200,"2026-08-31T22:58:36.900988+00:00"
"d6c82c14-6339-435d-ab6d-a57f8d8e65ad","OldSMM","9302030","refunded","Canceled","canceled","1000",1000,"2026-08-31T22:57:48.832351+00:00"
"365711fb-3234-42f6-8ea8-04ed7c4c1719","OldSMM","9301986","completed","Partial","partial","79",100,"2026-08-31T22:56:44.302374+00:00"
"0b750237-c0b4-445b-b17f-3323be80413a","OldSMM","9301977","completed","Partial","partial","968",1000,"2026-08-31T22:56:17.172042+00:00"
"c3f200ca-9c72-4f7c-8b45-6b4b3855bbeb","OldSMM","9301960","completed","Partial","partial","971",1000,"2026-08-31T22:56:03.599319+00:00"
"b584ee33-9620-4ca6-8d3b-694ff9ecca2f","OldSMM","9301682","refunded","Canceled","canceled","225",225,"2026-08-31T22:46:50.363302+00:00"
"6c9c5648-6aa2-4f48-96cb-541830d58e20","OldSMM","9301583","refunded","Canceled","canceled","100",100,"2026-08-31T22:44:43.897496+00:00"
"26d6bafb-fda7-452d-b1ef-a4827ec2636f","OldSMM","9301516","refunded","Canceled","canceled","2200",2200,"2026-08-31T22:42:54.843461+00:00"
"3499101c-aef8-4389-943a-8079157e1ecd","OldSMM","9301304","refunded","Canceled","canceled","100",100,"2026-08-31T22:37:31.62319+00:00"
"5001ff33-607f-4722-8c75-067e2648d59d","OldSMM","9301076","refunded","Canceled","canceled","200",200,"2026-08-31T22:30:52.794266+00:00"
"d88204a9-b1e6-438f-a887-0f64d7b944cb","OldSMM","9300884","refunded","Canceled","canceled","20",20,"2026-08-31T22:26:00.920291+00:00"
"ac15b9dd-a1a7-4280-8b1e-becdb4fbbc73","OldSMM","9300804","refunded","Canceled","canceled","3500",3500,"2026-08-31T22:23:57.935408+00:00"
"5bbe6556-a0c4-48b9-8f26-0f7b51be6eec","OldSMM","9300794","refunded","Canceled","canceled","2000",2000,"2026-08-31T22:23:55.186312+00:00"
"ddfa643a-bb18-4a13-9cb0-30686fac013c","OldSMM","9300676","refunded","Canceled","canceled","1000",1000,"2026-08-31T22:21:00.751137+00:00"
"8f756410-485f-4d16-9aa4-b23785f6dfc1","OldSMM","9300652","refunded","Canceled","canceled","1000",1000,"2026-08-31T22:20:19.527659+00:00"
"9932871d-b931-41b4-ae67-4c430e782de7","OldSMM","9300642","refunded","Canceled","canceled","100",100,"2026-08-31T22:20:02.411958+00:00"
"1cf01b23-942c-4183-9c44-c551e2111e12","OldSMM","9300580","refunded","Canceled","canceled","100",100,"2026-08-31T22:18:21.665013+00:00"
"3a470382-e034-43bd-af1d-2d89370c7e00","OldSMM","9300539","completed","Canceled","canceled","100",100,"2026-08-31T22:17:29.084674+00:00"
"fe9629b4-0996-4a08-8f3b-99f720f91b31","OldSMM","9300505","refunded","Canceled","canceled","150",150,"2026-08-31T22:16:32.935547+00:00"
"2e888003-75fd-478c-8145-3e0ed394456b","OldSMM","9300388","refunded","Canceled","canceled","100",100,"2026-08-31T22:13:08.717521+00:00"
"d52a4569-76e8-46b1-811d-fbe8c5667bb0","OldSMM","9300366","refunded","Canceled","canceled","100",100,"2026-08-31T22:12:34.731183+00:00"
"3c6145df-ab24-4f6e-9e51-6f2e2710c76a","OldSMM","9300343","refunded","Canceled","canceled","100",100,"2026-08-31T22:12:01.095406+00:00"
"df36223f-ff5b-4e35-89f7-9fd917df8859","OldSMM","9300266","completed","Canceled","canceled","1000",1000,"2026-08-31T22:10:01.991102+00:00"
"dac9ed02-c0a4-4028-ac0e-c286f23ed1ff","OldSMM","9300252","refunded","Canceled","canceled","100",100,"2026-08-31T22:09:47.095094+00:00"
"90812171-cca6-4d5d-88bf-4e1d53f4808c","OldSMM","9299938","completed","Partial","partial","71",100,"2026-08-31T22:02:20.939543+00:00"
"53376fc3-6e6e-4966-9540-9bc8e4045660","OldSMM","9299888","refunded","Canceled","canceled","100",100,"2026-08-31T22:00:52.897663+00:00"
"54bd1e1e-9d07-4c81-a559-6dc12b57e67d","OldSMM","9299850","refunded","Canceled","canceled","200",200,"2026-08-31T21:59:52.613624+00:00"
"68ec00a4-ee42-4619-9527-1b61e7a4fe6b","OldSMM","9299788","refunded","Canceled","canceled","500",500,"2026-08-31T21:58:15.054262+00:00"
"84b5a05a-a10b-4108-ad2b-2b6a28cff329","OldSMM","9299752","completed","Partial","partial","58",100,"2026-08-31T21:57:10.985179+00:00"
"d6d514fb-1d89-4a9f-95e3-8b7ca6ab5ae0","OldSMM","9299743","refunded","Canceled","canceled","500",500,"2026-08-31T21:57:02.944581+00:00"
"9bb0dc55-8eaa-4c41-946d-789ff97e5f88","OldSMM","9299725","refunded","Canceled","canceled","1000",1000,"2026-08-31T21:56:40.47724+00:00"
"518a331c-3fd2-453e-bfd2-4d850533783a","OldSMM","9299681","completed","Partial","partial","344",400,"2026-08-31T21:55:43.167642+00:00"
"b2480857-7801-452d-b759-dfdb3b695130","OldSMM","9299680","refunded","Canceled","canceled","1000",1000,"2026-08-31T21:55:43.150663+00:00"
"d37c3975-c39a-4c02-91b2-7be95cbe24b5","OldSMM","9299544","completed","Partial","partial","62",100,"2026-08-31T21:51:56.131686+00:00"
"e3bea6c9-2030-473d-8dbb-8a18ead5b2ac","OldSMM","9299312","partial","Canceled","canceled","500",500,"2026-08-31T21:46:17.939725+00:00"
"3042add5-b521-4c81-b25e-7f2463d47bc1","OldSMM","9299292","refunded","Canceled","canceled","1000",1000,"2026-08-31T21:45:40.278525+00:00"
"7be1304b-e84c-4072-b4cb-322e39266b0d","OldSMM","9299264","refunded","Canceled","canceled","176",176,"2026-08-31T21:45:06.496763+00:00"
"c1f99507-e7d9-49e7-ab0d-0b11adb13f49","OldSMM","9298998","refunded","Canceled","canceled","1000",1000,"2026-08-31T21:37:39.376833+00:00"
"63be9ba7-1baf-4685-9cf3-1ea60bf1681e","OldSMM","9298983","refunded","Canceled","canceled","100",100,"2026-08-31T21:37:12.052882+00:00"
"1c7b9f09-6015-43ef-90fa-8d3bf76f90e0","OldSMM","9298613","completed","Canceled","canceled","410",410,"2026-08-31T21:26:27.464723+00:00"
"cf27084d-6c00-4293-b6ed-0dfcec170412","OldSMM","9298276","refunded","Canceled","canceled","1000",1000,"2026-08-31T21:17:43.15783+00:00"
"5de8a272-2a4a-4419-9f74-c28ba4ba6fe0","OldSMM","9298191","refunded","Canceled","canceled","200",200,"2026-08-31T21:15:27.88575+00:00"
"697f8945-0fc9-40c4-8323-aeaaff9b9c9c","OldSMM","9298102","refunded","Canceled","canceled","500",500,"2026-08-31T21:12:40.606171+00:00"
"b7469832-3d50-41a4-9b3b-29b2fc30ba24","OldSMM","9298101","refunded","Canceled","canceled","200",200,"2026-08-31T21:12:38.017099+00:00"
"dcb0fa50-bf76-40ab-bec7-9697ba059fad","OldSMM","9297621","refunded","Canceled","canceled","176",176,"2026-08-31T20:59:44.034532+00:00"
"ef0ef84b-2a97-4473-bec6-e45aa8977b41","OldSMM","9297343","refunded","Canceled","canceled","200",200,"2026-08-31T20:53:08.540383+00:00"
"e499f8cd-f818-4c5f-9212-f6a13854212b","OldSMM","9297257","refunded","Canceled","canceled","1000",1000,"2026-08-31T20:50:43.776421+00:00"
"170bb115-8ea5-4c38-9dd3-4dccf13d968e","OldSMM","9297229","refunded","Canceled","canceled","1000",1000,"2026-08-31T20:50:06.984192+00:00"
"13129b0e-e066-4fb0-95ae-2a884d5c6572","OldSMM","9297096","refunded","Canceled","canceled","200",200,"2026-08-31T20:47:01.68104+00:00"
"ae3af656-d8fc-476b-b63e-c481d11b1b9c","OldSMM","9297053","completed","Partial","partial","40",100,"2026-08-31T20:45:49.771959+00:00"
"4fb6b0e6-a7f2-4677-a06b-bed7fe4b69ae","OldSMM","9297040","refunded","Canceled","canceled","500",500,"2026-08-31T20:45:35.350662+00:00"
"02345925-3113-43e7-988e-8229988c9d52","OldSMM","9296619","refunded","Canceled","canceled","200",200,"2026-08-31T20:35:21.493428+00:00"
"ccc5b481-cf4a-4a2e-adf8-261036d99342","OldSMM","9296416","refunded","Canceled","canceled","100",100,"2026-08-31T20:30:24.700162+00:00"
"3160be6a-a399-4ee7-92ec-aa78b0c11f20","OldSMM","9296299","refunded","Canceled","canceled","200",200,"2026-08-31T20:27:07.435964+00:00"
"1cb9dc36-5b6e-4317-bcda-8ea07236e3c0","OldSMM","9296231","completed","Partial","partial","160",200,"2026-08-31T20:25:35.651992+00:00"
"5750aa75-da8e-4d75-a630-5fc9fa04f425","OldSMM","9296170","refunded","Canceled","canceled","500",500,"2026-08-31T20:24:06.441048+00:00"
"dbc61f7c-a115-458a-995f-d6e7c2de1d31","OldSMM","9296165","refunded","Canceled","canceled","1000",1000,"2026-08-31T20:23:55.247031+00:00"
"0d874e66-0e04-4177-9f87-08974cb00cf9","OldSMM","9296162","refunded","Canceled","canceled","500",500,"2026-08-31T20:23:46.098239+00:00"
"7ca62f0b-9921-40e5-9489-246e6ccce5db","OldSMM","9296052","refunded","Canceled","canceled","200",200,"2026-08-31T20:20:39.138912+00:00"
"70acfec0-61a8-451e-b196-a83cceef4c51","OldSMM","9296014","refunded","Canceled","canceled","200",200,"2026-08-31T20:19:38.834776+00:00"
"6adc5747-c5c5-49f7-ba60-32798548c97a","OldSMM","9295992","refunded","Canceled","canceled","500",500,"2026-08-31T20:19:06.0029+00:00"
"f6abb2e9-e840-44a4-9fa4-3e49be6a751d","OldSMM","9295844","refunded","Canceled","canceled","1000",1000,"2026-08-31T20:14:56.894592+00:00"
"8dc3153e-c60d-44d7-b71c-87a6cde0b998","OldSMM","9295671","refunded","Canceled","canceled","200",200,"2026-08-31T20:10:54.132688+00:00"
"d4041e04-cbc3-450e-b4d2-56738ec1ef28","OldSMM","9295498","refunded","Canceled","canceled","50",50,"2026-08-31T20:06:53.990831+00:00"
"c88119f4-2a2d-4d6f-a04a-7a7ef8d642a2","OldSMM","9295457","completed","Partial","partial","94",100,"2026-08-31T20:06:12.356838+00:00"
"e52e6906-d41b-4748-a215-ecd2fabea83a","OldSMM","9295070","completed","Partial","partial","447",450,"2026-08-31T19:59:41.400993+00:00"
"01d464d0-535f-4291-a392-83898895ac57","OldSMM","9294944","refunded","Canceled","canceled","200",200,"2026-08-31T19:55:51.206985+00:00"
"3a2e5126-7582-49c2-b34a-7b7809968880","OldSMM","9294543","refunded","Canceled","canceled","200",200,"2026-08-31T19:44:38.069339+00:00"
"5287d623-ff6f-4fa6-8fcd-229730dd0d90","OldSMM","9294301","refunded","Canceled","canceled","1000",1000,"2026-08-31T19:39:25.041291+00:00"
"ad93d09d-a4ea-4a35-be22-aa251927e23b","OldSMM","9294258","refunded","Canceled","canceled","1000",1000,"2026-08-31T19:38:07.127905+00:00"
"304ae31e-768a-46a5-aeba-091b51c55cd4","OldSMM","9294220","refunded","Canceled","canceled","100",100,"2026-08-31T19:37:09.313019+00:00"
"69c9ef3e-6932-4344-84f8-e197b50dbcde","OldSMM","9293978","refunded","Canceled","canceled","200",200,"2026-08-31T19:31:09.609482+00:00"
"e1ff22a7-0dce-4657-bd02-0d38e8ecdc48","OldSMM","9293949","refunded","Canceled","canceled","200",200,"2026-08-31T19:30:34.384852+00:00"
"84d66950-9213-4287-b403-743f0c97633a","OldSMM","9293718","refunded","Canceled","canceled","100",100,"2026-08-31T19:25:14.361139+00:00"
"0b487092-ce3f-4132-bb2b-7670ab902cb8","OldSMM","9293510","refunded","Canceled","canceled","200",200,"2026-08-31T19:20:23.606065+00:00"
"fdf309e9-3b38-4484-88ed-5577146de9ce","OldSMM","9293484","refunded","Canceled","canceled","100",100,"2026-08-31T19:19:42.942349+00:00"
"5910b492-e2e4-4931-b55e-9a2e76dae6d6","OldSMM","9292832","completed","Partial","partial","194",200,"2026-08-31T19:04:00.319154+00:00"
"6cfa343f-85c7-4bdc-9197-fb158c9185d9","OldSMM","9292794","completed","Partial","partial","453",500,"2026-08-31T19:03:12.596665+00:00"
"bb691b75-3f9e-4767-b623-ce4c65bdd7c3","OldSMM","9292534","completed","Partial","partial","936",1000,"2026-08-31T18:56:09.497173+00:00"
"9e0ee8a6-45aa-41d2-9fc6-36b485ef193a","OldSMM","9292516","refunded","Canceled","canceled","200",200,"2026-08-31T18:55:41.853505+00:00"
"64ddeb3c-d601-4190-ba6d-2abb23915c56","OldSMM","9292509","completed","Partial","partial","916",1000,"2026-08-31T18:55:28.426293+00:00"
"0187ec4e-0555-4e93-8cf9-e4469a038387","OldSMM","9292443","refunded","Canceled","canceled","1000",1000,"2026-08-31T18:53:37.23463+00:00"
"48882300-c595-4b7d-a245-e2f8328cb699","OldSMM","9292010","completed","Canceled","canceled","200",200,"2026-08-31T18:41:58.345303+00:00"
"4c75f6fe-1799-4884-839e-aa3698492405","OldSMM","9291782","refunded","Canceled","canceled","100",100,"2026-08-31T18:35:38.506561+00:00"
"a212be89-ce4b-4cea-afff-2c5e5f5aed06","OldSMM","9291161","refunded","Canceled","canceled","1000",1000,"2026-08-31T18:18:58.29287+00:00"
"98e9f46d-a6ae-44f6-8e35-24cf3f9eca9c","OldSMM","9290759","completed","Partial","partial","51",100,"2026-08-31T18:07:34.293991+00:00"
"043d939e-9626-4dab-bf46-55293d96f8b2","OldSMM","9290643","refunded","Canceled","canceled","200",200,"2026-08-31T18:04:17.172096+00:00"
"593e78d8-5ea8-4f55-95d4-0d40dee235be","OldSMM","9290558","partial","Canceled","canceled","150",150,"2026-08-31T18:01:49.038783+00:00"
"8832b3f3-c9d7-42d1-8adf-5bd076492113","OldSMM","9290058","refunded","Canceled","canceled","200",200,"2026-08-31T17:48:49.700552+00:00"
"8828b43b-645f-434d-81a7-c800bbd105e6","OldSMM","9289553","refunded","Canceled","canceled","100",100,"2026-08-31T17:34:28.539312+00:00"
"107ac6bf-1df2-40f9-8618-c32d1713099f","OldSMM","9289311","refunded","Canceled","canceled","1000",1000,"2026-08-31T17:28:12.468973+00:00"
"1de681da-159e-4360-9b75-d907d9a805f0","OldSMM","9289251","refunded","Canceled","canceled","500",500,"2026-08-31T17:26:58.516863+00:00"
"19b402ac-c910-4e40-9b4c-39d9454b01df","OldSMM","9289229","refunded","Canceled","canceled","1000",1000,"2026-08-31T17:26:42.443957+00:00"
"b69b37aa-b9af-4770-b00a-314ddd281edd","OldSMM","9289155","refunded","Canceled","canceled","500",500,"2026-08-31T17:25:08.530633+00:00"
"3e04f9e2-8114-4a1d-8209-f742c65e0317","OldSMM","9289103","completed","Partial","partial","908",1000,"2026-08-31T17:23:54.959869+00:00"
"d7c46930-38b2-40ea-9a3a-1b9aaa2225e3","OldSMM","9288900","refunded","Canceled","canceled","130",130,"2026-08-31T17:18:44.267624+00:00"
"8a018e14-bc05-4261-a791-68ad37b41e82","OldSMM","9288827","refunded","Canceled","canceled","500",500,"2026-08-31T17:16:41.162816+00:00"
"27cb3f03-4d68-4124-a2bf-42cf7f9c3621","OldSMM","9288793","refunded","Canceled","canceled","100",100,"2026-08-31T17:15:41.219547+00:00"
"dd6193fc-c928-4287-90e7-eb1c16c66171","OldSMM","9288741","refunded","Canceled","canceled","4000",4000,"2026-08-31T17:14:12.909847+00:00"
"775a7b8e-27ca-4709-b016-44d759ef6578","OldSMM","9288658","refunded","Canceled","canceled","1000",1000,"2026-08-31T17:11:48.164084+00:00"
"27dc83e1-7a73-4b39-b395-5c0a59cf71d2","OldSMM","9288496","refunded","Canceled","canceled","100",100,"2026-08-31T17:07:17.994489+00:00"
"8ba5bbce-3d4c-4164-af2a-2a89d2473fb4","OldSMM","9288443","completed","Partial","partial","946",1000,"2026-08-31T17:06:30.671411+00:00"
"e139b479-1bc0-4ab5-ba23-2fd84128ec53","OldSMM","9288215","refunded","Canceled","canceled","100",100,"2026-08-31T17:00:32.977621+00:00"
"f2b75308-617b-48cd-b25a-59e6dcf439b7","OldSMM","9288157","refunded","Canceled","canceled","1000",1000,"2026-08-31T16:58:47.689702+00:00"
"1639dde3-b94f-484d-8227-d8b0f532377f","OldSMM","9288128","refunded","Canceled","canceled","1000",1000,"2026-08-31T16:58:00.685862+00:00"
"1313c012-bd95-470c-90a9-0b90d1049b0d","OldSMM","9288114","refunded","Canceled","canceled","10",10,"2026-08-31T16:57:40.180368+00:00"
"b1f58e66-a524-4092-b31e-88c2b0214b41","OldSMM","9287700","refunded","Canceled","canceled","100",100,"2026-08-31T16:47:48.948937+00:00"
"611e2976-3b1e-48f5-8b20-8bf26f4496ec","OldSMM","9287646","refunded","Canceled","canceled","200",200,"2026-08-31T16:46:24.726258+00:00"
"4282dba7-2a69-440f-a3f9-c9b02e401780","OldSMM","9287629","refunded","Canceled","canceled","100",100,"2026-08-31T16:45:47.505557+00:00"
"d31cf32b-c7cd-4d6e-a46e-e3377ce5ed29","OldSMM","9287374","refunded","Canceled","canceled","2000",2000,"2026-08-31T16:39:14.044938+00:00"
"38eb7aee-e8e4-4721-845f-3db908799642","OldSMM","9287323","refunded","Canceled","canceled","100",100,"2026-08-31T16:38:15.047352+00:00"
"e0ceffbb-51d7-4e1d-bc69-f02a11da51c5","OldSMM","9287219","refunded","Canceled","canceled","1000",1000,"2026-08-31T16:36:13.830941+00:00"
"aff88ce6-9059-4442-971a-62565261b8c1","OldSMM","9287062","refunded","Canceled","canceled","480",480,"2026-08-31T16:33:14.783164+00:00"
"43447be2-1677-49b7-8e8c-063ad193979a","OldSMM","9287011","refunded","Canceled","canceled","300",300,"2026-08-31T16:31:48.860559+00:00"
"96d7af8d-7544-420e-a3c0-9532eead24b0","OldSMM","9286949","refunded","Canceled","canceled","1000",1000,"2026-08-31T16:30:18.640857+00:00"
"d10d5aa3-a11c-4038-bc0f-5e169a765ad7","OldSMM","9286844","refunded","Canceled","canceled","500",500,"2026-08-31T16:27:46.379515+00:00"
"d97b695e-08b1-4e36-9804-6b5482115817","OldSMM","9286832","refunded","Canceled","canceled","200",200,"2026-08-31T16:27:39.814367+00:00"
"6b5e9017-4c62-4065-99da-2e59d0b79847","OldSMM","9286769","refunded","Canceled","canceled","1000",1000,"2026-08-31T16:26:23.664046+00:00"
"1059674b-5666-4b10-b9f1-0319dfa94ca6","OldSMM","9286632","refunded","Canceled","canceled","100",100,"2026-08-31T16:23:38.006372+00:00"
"7f3d9296-c574-422b-a28d-3a458905a14b","OldSMM","9286580","refunded","Canceled","canceled","500",500,"2026-08-31T16:22:33.556425+00:00"
"65b2f04a-c842-41f3-be18-4bdf54f33a79","OldSMM","9286543","refunded","Canceled","canceled","200",200,"2026-08-31T16:21:46.139764+00:00"
"b540f0e7-3ac1-40e4-afbf-5a2c455bf8f0","OldSMM","9286458","refunded","Canceled","canceled","200",200,"2026-08-31T16:19:53.54424+00:00"
"d74146c1-f373-4ee1-811c-a0198547a2a7","OldSMM","9286231","refunded","Canceled","canceled","400",400,"2026-08-31T16:13:32.537219+00:00"
"1ebfb17e-63b2-4e7e-b26e-d300d0e84c63","OldSMM","9286201","refunded","Canceled","canceled","500",500,"2026-08-31T16:12:56.433388+00:00"
"5041de68-4497-4c58-87d1-ad865f8c4056","OldSMM","9286194","refunded","Canceled","canceled","200",200,"2026-08-31T16:12:45.188534+00:00"
"d582976b-d65f-4770-8659-c845a7d20f94","OldSMM","9286118","refunded","Canceled","canceled","1000",1000,"2026-08-31T16:11:04.133796+00:00"
"ba6b609c-7f4c-4818-9de4-082673a1752e","OldSMM","9285897","refunded","Canceled","canceled","100",100,"2026-08-31T16:05:33.715782+00:00"
"a2bcd1b9-9c9b-497e-b3a5-d12f0575a4fa","OldSMM","9285888","refunded","Canceled","canceled","1000",1000,"2026-08-31T16:05:19.491148+00:00"
"ea2d4012-1b76-4ba1-a729-62af95162bba","OldSMM","9285882","refunded","Canceled","canceled","100",100,"2026-08-31T16:05:12.179807+00:00"
"1c3a75f6-0ad8-4d7f-a8f1-8a7844826278","OldSMM","9285726","refunded","Canceled","canceled","1500",1500,"2026-08-31T16:00:56.802358+00:00"
"d42031b8-f846-4f34-a1ce-7fd3a6e7e310","OldSMM","9285499","refunded","Canceled","canceled","100",100,"2026-08-31T15:54:57.373071+00:00"
"a238fa7a-99d3-42ff-9901-a893c6d86f2f","OldSMM","9285286","refunded","Canceled","canceled","200",200,"2026-08-31T15:50:14.191141+00:00"
"10a0520f-93c7-4881-8df9-6d703d8e5e71","OldSMM","9285277","refunded","Canceled","canceled","500",500,"2026-08-31T15:49:56.793183+00:00"
"8d743559-c008-4405-859b-59fa86fbf588","OldSMM","9285263","refunded","Canceled","canceled","200",200,"2026-08-31T15:49:33.862645+00:00"
"76ddce2c-c69e-4952-8198-c8917621643f","OldSMM","9284745","refunded","Canceled","canceled","1400",1400,"2026-08-31T15:37:15.072257+00:00"
"b164129d-f6d7-433c-b35d-b0d4aacee55b","OldSMM","9284506","refunded","Canceled","canceled","10",10,"2026-08-31T15:32:24.626146+00:00"
"0f9ceaa0-76bc-4831-8ec8-f5ab9ca941fe","OldSMM","9284440","refunded","Canceled","canceled","1000",1000,"2026-08-31T15:30:38.792812+00:00"
"acef2a9c-cb38-41cc-8cfd-385457ce4722","OldSMM","9284305","refunded","Canceled","canceled","300",300,"2026-08-31T15:27:26.329591+00:00"
"543927a1-fab9-4b9b-a632-71824097578b","OldSMM","9284033","refunded","Canceled","canceled","200",200,"2026-08-31T15:20:56.697438+00:00"
"b39b3c49-cb55-4506-89b2-37b5bddf9836","OldSMM","9283796","refunded","Canceled","canceled","500",500,"2026-08-31T15:16:34.077098+00:00"
"306d175c-5d33-48ee-b9ac-f304f8bbf2c0","OldSMM","9283515","refunded","Canceled","canceled","800",800,"2026-08-31T15:09:39.713009+00:00"
"c14d00de-8938-4328-9417-84864a0cf9ca","OldSMM","9283504","refunded","Canceled","canceled","1000",1000,"2026-08-31T15:09:16.396239+00:00"
"19cec0ec-6e40-4eef-ac53-f7fd1e5ae991","OldSMM","9283417","refunded","Canceled","canceled","100",100,"2026-08-31T15:07:18.008842+00:00"
"a45215be-d8e7-4808-b91c-02c205be49c5","OldSMM","9283319","completed","Partial","partial","136",200,"2026-08-31T15:05:35.999816+00:00"
"e51620e9-6ed5-4e50-8f3b-f21c721ee887","OldSMM","9283223","refunded","Canceled","canceled","100",100,"2026-08-31T15:03:44.737955+00:00"
"5471cd05-77c4-4c06-a74b-55d2181b7fe6","OldSMM","9283187","refunded","Canceled","canceled","100",100,"2026-08-31T15:02:46.39225+00:00"
"a03f3902-28cd-4467-86e6-a9f7d18bb4e9","OldSMM","9282959","refunded","Canceled","canceled","100",100,"2026-08-31T14:57:09.210112+00:00"
"cee22118-504e-4b27-9c4f-241fc3fd82e6","OldSMM","9282862","refunded","Canceled","canceled","500",500,"2026-08-31T14:54:41.452394+00:00"
"7a598eb4-0f3c-4676-b12e-10324b69fc40","OldSMM","9282839","refunded","Canceled","canceled","200",200,"2026-08-31T14:53:59.578305+00:00"
"88597b31-8d88-4c2c-af36-3ecb281c0d00","OldSMM","9282834","completed","Partial","partial","143",200,"2026-08-31T14:53:54.734153+00:00"
"d7f55ea8-2cfb-482b-a004-06cc2bbfd9ad","OldSMM","9282785","refunded","Canceled","canceled","750",750,"2026-08-31T14:52:15.896914+00:00"
"5aacf195-2f75-4cca-af3e-8a44e27326b0","OldSMM","9282780","refunded","Canceled","canceled","1000",1000,"2026-08-31T14:52:09.462703+00:00"
"75fdebea-a034-4457-af8a-ebc2e477dc81","OldSMM","9282546","refunded","Canceled","canceled","1000",1000,"2026-08-31T14:45:57.54208+00:00"
"3c22aa9e-fdef-4654-a3a7-bcc0bcfddcdc","OldSMM","9282407","refunded","Canceled","canceled","100",100,"2026-08-31T14:41:55.879152+00:00"
"8ef043b1-415e-41a5-b96f-dbd351a85046","OldSMM","9282266","refunded","Canceled","canceled","500",500,"2026-08-31T14:38:07.771434+00:00"
"9efc06fa-0b84-4140-b96d-66deaa6b071c","OldSMM","9282193","refunded","Canceled","canceled","200",200,"2026-08-31T14:36:36.027601+00:00"
"cf8d769b-747e-4c99-bb38-b07a07b53766","OldSMM","9282050","refunded","Canceled","canceled","100",100,"2026-08-31T14:33:01.365993+00:00"
"bd644085-40ca-448b-a90e-d0a979b50d3d","OldSMM","9281453","refunded","Canceled","canceled","200",200,"2026-08-31T14:17:24.920972+00:00"
"2da0daad-162a-4bdf-9ec6-395134490771","OldSMM","9281393","refunded","Canceled","canceled","200",200,"2026-08-31T14:16:09.579466+00:00"
"4b572791-028e-4c3a-a555-133ce8d9b10b","OldSMM","9281333","refunded","Canceled","canceled","1000",1000,"2026-08-31T14:14:16.680862+00:00"
"15a96cd9-8d8f-42aa-b287-d149276d115c","OldSMM","9281309","refunded","Canceled","canceled","500",500,"2026-08-31T14:13:31.995144+00:00"
"5eeb0e8a-6380-4257-b8ec-26b5968ddaa1","OldSMM","9281298","refunded","Canceled","canceled","1000",1000,"2026-08-31T14:13:10.660954+00:00"
"e1559e45-b49c-44b4-97a8-16f70d20c7f1","OldSMM","9281167","refunded","Canceled","canceled","1000",1000,"2026-08-31T14:10:27.406121+00:00"
"a5685d65-726b-4a41-b2d6-6f8045e29d68","OldSMM","9280814","refunded","Canceled","canceled","1000",1000,"2026-08-31T14:01:30.367146+00:00"
"25713280-4d95-48ca-97ea-9420dec2f85a","OldSMM","9280724","refunded","Canceled","canceled","100",100,"2026-08-31T13:59:31.268648+00:00"
"bef37c9b-0422-4a51-8c7c-c563d155509f","OldSMM","9280666","refunded","Canceled","canceled","500",500,"2026-08-31T13:57:57.931969+00:00"
"e8bedcc6-3b29-45b4-9df7-fcc32f11463a","OldSMM","9280605","refunded","Canceled","canceled","100",100,"2026-08-31T13:56:27.539664+00:00"
"a32901c5-2e2d-448b-bab4-7d2883eeb3cd","OldSMM","9280466","refunded","Canceled","canceled","100",100,"2026-08-31T13:55:05.756731+00:00"
"d4b50161-4fc7-42cd-82cd-1711350cedda","OldSMM","9280419","refunded","Canceled","canceled","200",200,"2026-08-31T13:54:07.160954+00:00"
"2ad97c15-1555-4000-9961-e955837c1e9b","OldSMM","9280240","refunded","Canceled","canceled","100",100,"2026-08-31T13:49:26.41365+00:00"
"1b1900d9-e165-4cb8-a634-b4130e55e181","OldSMM","9280075","refunded","Canceled","canceled","1000",1000,"2026-08-31T13:44:58.587363+00:00"
"256d49c1-d414-4662-b508-fd6b920f9a7a","OldSMM","9280033","refunded","Canceled","canceled","200",200,"2026-08-31T13:43:49.996123+00:00"
"cf6e4d23-846a-4ad6-8ce2-1f18553305e4","OldSMM","9279917","refunded","Canceled","canceled","500",500,"2026-08-31T13:40:33.880122+00:00"
"795f77c8-0477-46c6-9d13-1f40a406d05c","OldSMM","9279205","completed","Partial","partial","921",1000,"2026-08-31T13:22:50.12682+00:00"
"a8b3aa43-9c0c-46f0-93fc-f391d850a672","OldSMM","9279111","refunded","Canceled","canceled","100",100,"2026-08-31T13:19:54.560367+00:00"
"2db2e2f9-acc4-4857-b90e-d821738e3218","OldSMM","9278905","refunded","Canceled","canceled","100",100,"2026-08-31T13:14:49.136647+00:00"
"1f651422-e44d-4907-81e1-ce4978a3c764","OldSMM","9278852","refunded","Canceled","canceled","100",100,"2026-08-31T13:14:01.056981+00:00"
"339aa96b-2634-46a4-9b36-3eb595be711a","OldSMM","9278824","refunded","Canceled","canceled","100",100,"2026-08-31T13:13:17.959872+00:00"
"a8a2ab44-6c5c-4f83-8dc8-60571c228b19","OldSMM","9278809","refunded","Canceled","canceled","100",100,"2026-08-31T13:12:58.874125+00:00"
"703bf7f0-0be0-465d-9322-61c3cd296147","OldSMM","9278630","refunded","Canceled","canceled","500",500,"2026-08-31T13:08:10.66968+00:00"
"48fb3511-ec55-46d5-9975-b37884c34382","OldSMM","9278574","refunded","Canceled","canceled","100",100,"2026-08-31T13:06:43.460808+00:00"
"9a06ed46-cede-4161-a8e7-30a56b6f50f0","OldSMM","9278512","refunded","Canceled","canceled","105",105,"2026-08-31T13:05:11.01628+00:00"
"cdcc1c33-9b2d-440a-b889-79f429dc32af","OldSMM","9278277","refunded","Canceled","canceled","1000",1000,"2026-08-31T12:59:16.56859+00:00"
"b7548d99-8f30-44e3-8e6a-f618133ce219","OldSMM","9278026","refunded","Canceled","canceled","200",200,"2026-08-31T12:52:17.075128+00:00"
"387ee825-3ca6-40cc-8a69-25d9f5d31d53","OldSMM","9278012","refunded","Canceled","canceled","200",200,"2026-08-31T12:51:56.526891+00:00"
"f7d96222-f571-407c-8005-33e4398954d3","OldSMM","9278007","refunded","Canceled","canceled","1000",1000,"2026-08-31T12:51:52.619351+00:00"
"0d3aca93-03e5-43e4-b9ae-e7b4fa9bd447","OldSMM","9278001","completed","Partial","partial","920",1000,"2026-08-31T12:51:39.269501+00:00"
"44e7b19a-fd5d-4f13-bbc7-e5fff2414847","OldSMM","9277972","refunded","Canceled","canceled","500",500,"2026-08-31T12:50:46.383902+00:00"
"9794d239-67b4-400e-9731-8f6f429fbbde","OldSMM","9277930","refunded","Canceled","canceled","200",200,"2026-08-31T12:49:52.548118+00:00"
"74bd2e58-0a93-490b-8a2f-66d6fc6df9a1","OldSMM","9277824","refunded","Canceled","canceled","100",100,"2026-08-31T12:46:44.984047+00:00"
"618482f9-c4b4-41db-8106-94e93386aad6","OldSMM","9277727","refunded","Canceled","canceled","590",590,"2026-08-31T12:44:16.432832+00:00"
"9fd9521c-17b7-4b96-aec3-bff8dd8163ca","OldSMM","9277646","refunded","Canceled","canceled","100",100,"2026-08-31T12:42:04.98161+00:00"
"b870aa21-4bca-4247-9b32-29f018f515dc","OldSMM","9277439","refunded","Canceled","canceled","200",200,"2026-08-31T12:36:15.654733+00:00"
"6138d093-d3a8-4414-add4-e73898909c29","OldSMM","9277340","refunded","Canceled","canceled","500",500,"2026-08-31T12:33:18.799629+00:00"
"0707db5c-256d-44ac-9cff-6315ae0fd41d","OldSMM","9277168","refunded","Canceled","canceled","150",150,"2026-08-31T12:28:49.923355+00:00"
"4c16156b-7a74-431c-9365-aeb8ba04b3cf","OldSMM","9277128","refunded","Canceled","canceled","500",500,"2026-08-31T12:27:49.140845+00:00"
"e2160cfd-d84c-49fd-836d-cfe7af45ffcf","OldSMM","9277085","refunded","Canceled","canceled","1000",1000,"2026-08-31T12:26:50.45109+00:00"
"f9004d0b-63c8-40dc-ad02-1e68f0c9f801","OldSMM","9277067","refunded","Canceled","canceled","70",70,"2026-08-31T12:26:27.669014+00:00"
"1b0c9dfc-4aa9-45f1-ad7c-3a106fbc02f6","OldSMM","9276890","refunded","Canceled","canceled","100",100,"2026-08-31T12:21:14.334659+00:00"
"0d24d9e5-ce21-4a71-8394-91c97916164d","OldSMM","9276881","refunded","Canceled","canceled","100",100,"2026-08-31T12:21:04.395829+00:00"
"606e4430-0676-41df-946e-ff0176eb9a06","OldSMM","9276799","refunded","Canceled","canceled","105",105,"2026-08-31T12:18:39.527294+00:00"
"d6f8c8a1-1ce2-4a04-8a27-9733706aebc9","OldSMM","9276791","refunded","Canceled","canceled","200",200,"2026-08-31T12:18:29.842385+00:00"
"1aadba38-942b-4c38-a6b8-71479fd9dcc9","OldSMM","9276784","refunded","Canceled","canceled","100",100,"2026-08-31T12:18:17.196484+00:00"
"48df0ada-d9de-4e1d-80c0-3e35e9434e44","OldSMM","9276769","refunded","Canceled","canceled","200",200,"2026-08-31T12:18:00.593938+00:00"
"e28e5a0a-ef12-4c0a-80be-64e2455001da","OldSMM","9276650","refunded","Canceled","canceled","100",100,"2026-08-31T12:15:57.231695+00:00"
"d314023d-da8e-4800-93c4-a9bdf719e0db","OldSMM","9276396","refunded","Canceled","canceled","200",200,"2026-08-31T12:11:05.175094+00:00"
"78190d78-bf89-464e-985e-ee82783f4a0d","OldSMM","9276353","refunded","Canceled","canceled","200",200,"2026-08-31T12:10:22.442362+00:00"
"755f8c3b-9df6-4be5-9e23-06a0304a21ce","OldSMM","9276286","refunded","Canceled","canceled","500",500,"2026-08-31T12:09:15.280935+00:00"
"c53edc90-aa89-4d0c-926d-0af7bb258082","OldSMM","9276261","refunded","Canceled","canceled","10000",10000,"2026-08-31T12:08:49.392149+00:00"
"c8959eb0-697b-4717-a36e-44f53abc5968","OldSMM","9276241","refunded","Canceled","canceled","100",100,"2026-08-31T12:08:31.168667+00:00"
"ef5d19d3-4a3f-4786-bcf4-141308178595","OldSMM","9276159","refunded","Canceled","canceled","200",200,"2026-08-31T12:07:26.79827+00:00"
"b4b30dee-a823-4634-9a1c-1dbdeb202ece","OldSMM","9276109","refunded","Canceled","canceled","200",200,"2026-08-31T12:06:45.127405+00:00"
"8d246704-525f-45b0-9109-06741290eb26","OldSMM","9275607","refunded","Canceled","canceled","200",200,"2026-08-31T11:57:30.427701+00:00"
"9d6b448c-d5b7-41b9-8a9c-116a83f60df7","OldSMM","9275593","refunded","Canceled","canceled","100",100,"2026-08-31T11:57:12.797141+00:00"
"a62daff8-e5e8-4634-82ab-ad3b58c8d6cb","OldSMM","9275553","refunded","Canceled","canceled","100",100,"2026-08-31T11:56:12.462488+00:00"
"699a09a8-5319-44af-a82f-d852ec4ff094","OldSMM","9275544","refunded","Canceled","canceled","900",900,"2026-08-31T11:56:02.64682+00:00"
"1393df1e-563e-403f-af53-97e199818ff8","OldSMM","9275337","refunded","Canceled","canceled","100",100,"2026-08-31T11:50:02.55352+00:00"
"5a996089-b545-461f-825e-cb284e1ac29a","OldSMM","9275170","refunded","Canceled","canceled","100",100,"2026-08-31T11:45:44.481348+00:00"
"df404544-67a6-4699-b9c7-bb56bd5f7d1d","OldSMM","9275129","refunded","Canceled","canceled","100",100,"2026-08-31T11:44:41.613535+00:00"
"40911170-ec9e-43fa-90fd-e513ffe5ba46","OldSMM","9275004","refunded","Canceled","canceled","100",100,"2026-08-31T11:41:16.109215+00:00"
"064ac987-1cad-4de7-953e-9c19f6edcfb6","OldSMM","9274655","refunded","Canceled","canceled","100",100,"2026-08-31T11:31:06.270815+00:00"
"29bc41e1-f8fd-4460-9cd6-6e899513c315","OldSMM","9274530","refunded","Canceled","canceled","100",100,"2026-08-31T11:27:16.562061+00:00"
"2b828b76-ce0e-45ae-823c-3f603cb2aa26","OldSMM","9274351","refunded","Canceled","canceled","100",100,"2026-08-31T11:22:52.749887+00:00"
"98e80c8c-0622-42e4-8066-a7792561c958","OldSMM","9274299","refunded","Canceled","canceled","500",500,"2026-08-31T11:21:39.041225+00:00"
"d1d7f9de-22c3-4040-a499-f16eefe9d5a2","OldSMM","9274195","refunded","Canceled","canceled","800",800,"2026-08-31T11:18:50.602336+00:00"
"696f9fea-e50b-49a7-87f2-173389c11786","OldSMM","9273920","refunded","Canceled","canceled","200",200,"2026-08-31T11:10:48.738025+00:00"
"f027821e-ab49-4d00-8f8f-a7fab63f40f7","OldSMM","9273903","refunded","Canceled","canceled","200",200,"2026-08-31T11:10:25.653127+00:00"
"2cc2b75b-5aa1-4a71-916d-146323e51d3e","OldSMM","9273834","refunded","Canceled","canceled","200",200,"2026-08-31T11:08:31.995228+00:00"
"0631c8f5-e704-44f0-8bf2-0a8fc67ab3d6","OldSMM","9273601","refunded","Canceled","canceled","1000",1000,"2026-08-31T11:01:54.403091+00:00"
"841940fa-c456-4eee-9cc3-6cc3ed512d99","OldSMM","9273504","refunded","Canceled","canceled","500",500,"2026-08-31T10:58:50.137298+00:00"
"1d6625e2-ef77-4ce6-978d-c9a387b68e74","OldSMM","9273293","refunded","Canceled","canceled","1000",1000,"2026-08-31T10:52:09.130612+00:00"
"8a72d92a-535a-414c-949c-8435c55ed784","OldSMM","9272968","refunded","Canceled","canceled","100",100,"2026-08-31T10:42:13.519809+00:00"
"f148ad41-2b49-466f-b70d-775cb121e9c8","OldSMM","9272812","refunded","Canceled","canceled","1000",1000,"2026-08-31T10:37:48.015094+00:00"
"684ccda4-227a-49bb-8428-80fa0294f82f","OldSMM","9272657","refunded","Canceled","canceled","500",500,"2026-08-31T10:32:55.845941+00:00"
"79db8d62-c3fb-4289-81af-0e367a2ad456","OldSMM","9272565","refunded","Canceled","canceled","1000",1000,"2026-08-31T10:30:29.532443+00:00"
"3120aeca-239d-4d4b-9d9c-31803291fbb7","OldSMM","9272420","refunded","Canceled","canceled","500",500,"2026-08-31T10:25:56.640928+00:00"
"fadeb07c-f314-40cb-8fed-16033fd9cf78","OldSMM","9272417","refunded","Canceled","canceled","200",200,"2026-08-31T10:25:47.82644+00:00"
"95773ee9-be21-457c-9998-974a1b4059b6","OldSMM","9271087","refunded","Canceled","canceled","100",100,"2026-08-31T09:46:47.699373+00:00"
"d185eb3b-8bbf-42f0-a6ba-42b836d13b10","OldSMM","9270591","refunded","Canceled","canceled","500",500,"2026-08-31T09:40:19.104374+00:00"
"d4e80f33-3cbb-45b3-9334-ebde4d87419f","OldSMM","9270562","refunded","Canceled","canceled","200",200,"2026-08-31T09:39:37.287404+00:00"
"710d1ed8-4dbf-4619-883d-deaa9367bacf","OldSMM","9270555","refunded","Canceled","canceled","200",200,"2026-08-31T09:39:20.558824+00:00"
"ce360117-452d-4169-9910-3c167db8eb71","OldSMM","9270388","refunded","Canceled","canceled","1000",1000,"2026-08-31T09:37:39.288502+00:00"
"e8fa26d7-d1ba-4071-a727-de37527b9ae6","OldSMM","9270256","refunded","Canceled","canceled","100",100,"2026-08-31T09:35:08.609498+00:00"
"0f3bacee-5406-45f3-8c54-2488a156ba53","OldSMM","9270233","refunded","Canceled","canceled","100",100,"2026-08-31T09:34:42.005647+00:00"
"ce980c94-fca7-48f0-9491-fbee6a1cee37","OldSMM","9270052","refunded","Canceled","canceled","500",500,"2026-08-31T09:28:05.946158+00:00"
"75d4fadf-a6e3-4638-a373-4bc287039d78","OldSMM","9269937","refunded","Canceled","canceled","1000",1000,"2026-08-31T09:24:31.453177+00:00"
"116eac2f-ceaa-4a0c-a6eb-057a0b2f5309","OldSMM","9269640","refunded","Canceled","canceled","200",200,"2026-08-31T09:14:21.025294+00:00"
"98e8ff29-9284-4f54-a5cb-8112361bc5df","OldSMM","9269623","refunded","Canceled","canceled","200",200,"2026-08-31T09:13:43.601148+00:00"
"97d87a3d-c791-43cd-90ff-1e0208ade6a5","OldSMM","9269391","refunded","Canceled","canceled","100",100,"2026-08-31T09:06:00.69453+00:00"
"743147a4-d913-46ce-a59e-538c26595fb9","OldSMM","9269378","refunded","Canceled","canceled","500",500,"2026-08-31T09:05:20.258082+00:00"
"aed799c0-cdb3-430f-8121-ad7994d6eb6e","OldSMM","9269373","completed","Partial","partial","857",1000,"2026-08-31T09:05:08.635376+00:00"
"d923259d-fc35-46fa-a607-3de7a0b4643c","OldSMM","9269362","refunded","Canceled","canceled","1000",1000,"2026-08-31T09:04:42.544076+00:00"
"540c0d84-9a3e-4564-8eaf-57e8860c8d21","OldSMM","9269092","refunded","Canceled","canceled","1000",1000,"2026-08-31T08:55:42.39584+00:00"
"45d680f5-8b09-4b6a-b07e-4f243e08550a","OldSMM","9268945","refunded","Canceled","canceled","1000",1000,"2026-08-31T08:50:35.003309+00:00"
"0db1393b-a550-4682-bbc8-8663c64e49c2","OldSMM","9268746","refunded","Canceled","canceled","100",100,"2026-08-31T08:43:20.129057+00:00"
"6af84a4d-11cb-41a8-a46b-f60a2ab59eed","OldSMM","9268731","refunded","Canceled","canceled","1000",1000,"2026-08-31T08:42:38.541527+00:00"
"9b3d0007-7894-4924-b14c-55b2f52d4eec","OldSMM","9268730","refunded","Canceled","canceled","1000",1000,"2026-08-31T08:42:37.092541+00:00"
"704e03d8-2af1-4835-9991-93185e7fe923","OldSMM","9268646","completed","Partial","partial","854",1000,"2026-08-31T08:39:39.529663+00:00"
"9f92f430-4a37-4368-8fba-a2b622f0b10f","OldSMM","9268575","completed","Partial","partial","855",1000,"2026-08-31T08:37:32.463076+00:00"
"709aaee6-cd51-4e98-8339-bddd8e81dc43","OldSMM","9268413","refunded","Canceled","canceled","1000",1000,"2026-08-31T08:32:36.775444+00:00"
"d472ee84-5470-4c0c-8cce-3c4d85524ed3","OldSMM","9268395","refunded","Canceled","canceled","1000",1000,"2026-08-31T08:31:55.316287+00:00"
"2736a2ac-9f21-4f81-874f-dea5c3addf53","OldSMM","9268350","refunded","Canceled","canceled","1000",1000,"2026-08-31T08:30:55.220396+00:00"
"5c44b36a-157f-4164-b6c3-233771b04fed","OldSMM","9268304","refunded","Canceled","canceled","1000",1000,"2026-08-31T08:29:09.738223+00:00"
"dd7deb3f-0e65-4feb-ad0b-3f2713fe1083","OldSMM","9268292","refunded","Canceled","canceled","1000",1000,"2026-08-31T08:28:44.614681+00:00"
"ea3f2a99-68ac-46a9-97b8-2881f67e342a","OldSMM","9267663","refunded","Canceled","canceled","500",500,"2026-08-31T08:08:07.736253+00:00"
"f355b7d2-09c6-45f9-b61d-71eb866cf3d5","OldSMM","9267606","refunded","Canceled","canceled","100",100,"2026-08-31T08:06:20.137686+00:00"
"71fda24e-b215-4c40-902c-96d9e301f008","OldSMM","9267227","refunded","Canceled","canceled","1000",1000,"2026-08-31T07:53:17.060914+00:00"
"74bf55a8-9fe4-4ad5-948f-0f44cab3cabf","OldSMM","9267226","refunded","Canceled","canceled","500",500,"2026-08-31T07:53:15.953327+00:00"
"fbd586e2-0405-480d-9d28-83d8dd62b92c","OldSMM","9267213","refunded","Canceled","canceled","500",500,"2026-08-31T07:52:51.893539+00:00"
"e7db3fc5-e090-4b64-b7ce-3c41d12ffd0f","OldSMM","9267197","refunded","Canceled","canceled","500",500,"2026-08-31T07:52:18.650392+00:00"
"95bcd44e-a854-446c-8edd-79f5379adf79","OldSMM","9266673","completed","Canceled","canceled","1000",1000,"2026-08-31T07:38:08.485139+00:00"
"ab1b6a0e-78c6-4d2d-ad51-1798d4dd9fdd","OldSMM","9266658","completed","Canceled","canceled","1000",1000,"2026-08-31T07:37:42.643047+00:00"
"7700f8e7-929d-4a61-9783-1c1e054f2107","OldSMM","9266648","completed","Canceled","canceled","1000",1000,"2026-08-31T07:37:07.75126+00:00"
"c5e5d3a1-1ee6-4af4-bc9e-c5e65a11d882","OldSMM","9266415","refunded","Canceled","canceled","100",100,"2026-08-31T07:28:22.875989+00:00"
"9db18e51-eafa-45dc-aba1-359a125848d6","OldSMM","9266400","refunded","Canceled","canceled","100",100,"2026-08-31T07:27:43.639142+00:00"
"250baf44-66f9-4c6c-a9b6-657ca4a62f3c","OldSMM","9265738","refunded","Canceled","canceled","200",200,"2026-08-31T07:03:33.177345+00:00"
"a6047460-9a32-432f-b54f-243f696b291a","OldSMM","9265586","refunded","Canceled","canceled","100",100,"2026-08-31T06:58:09.460067+00:00"
"e2e942bd-5e62-417f-8cac-f39ebadaeeef","OldSMM","9263694","refunded","Canceled","canceled","200",200,"2026-08-31T06:13:21.77067+00:00"
"c2e9f0a4-4437-4223-9015-c6ac07628ddf","OldSMM","9263363","refunded","Canceled","canceled","10",10,"2026-08-31T05:59:17.850277+00:00"
"3a19e15c-56a4-44c7-9f9b-2e736e70731a","OldSMM","9263275","refunded","Canceled","canceled","200",200,"2026-08-31T05:54:48.541251+00:00"
"7c738eb8-d836-4ea9-a3ae-4dbff6b977c0","OldSMM","9263266","completed","Partial","partial","752",1000,"2026-08-31T05:54:22.241171+00:00"
"aa1d94ca-6f4f-4b58-8bdc-798f4d043c3a","OldSMM","9262580","refunded","Canceled","canceled","2000",2000,"2026-08-31T05:17:10.542772+00:00"
"5012ba5d-c3b0-4f6e-a306-5e0d2566a0bd","OldSMM","9262397","refunded","Canceled","canceled","500",500,"2026-08-31T05:02:20.989637+00:00"
"6eae898f-2746-44b5-9f8e-962cd9ef752a","OldSMM","9260945","refunded","Canceled","canceled","100",100,"2026-08-31T03:51:32.86145+00:00"
"238fa368-7911-406b-94c2-3a026623164e","OldSMM","9260442","refunded","Canceled","canceled","200",200,"2026-08-31T03:39:14.021815+00:00"
"1246a5c6-aec7-48be-a309-d6f13a20c6d1","OldSMM","9260160","refunded","Canceled","canceled","500",500,"2026-08-31T03:29:24.15323+00:00"
"763b8879-5e71-4d1f-b98a-7b8e98db6a6c","OldSMM","9259709","refunded","Canceled","canceled","500",500,"2026-08-31T03:16:13.470856+00:00"
"16200c79-5daf-4927-b1c4-97fa0fee45db","OldSMM","9259543","refunded","Canceled","canceled","100",100,"2026-08-31T03:10:21.33156+00:00"
"219517f1-e5ad-4d93-a363-8725a1c14b25","OldSMM","9259450","refunded","Canceled","canceled","500",500,"2026-08-31T03:05:49.501962+00:00"
"7c924814-8348-4584-88e8-553c6051bf45","OldSMM","9259287","refunded","Canceled","canceled","500",500,"2026-08-31T02:59:06.741589+00:00"
"367df5a5-2b02-4d0f-bfb5-3ace046a4d24","OldSMM","9259280","refunded","Canceled","canceled","100",100,"2026-08-31T02:58:45.26353+00:00"
"a39d2a57-4a45-43c2-a453-82fd3077b3b0","OldSMM","9259269","refunded","Canceled","canceled","500",500,"2026-08-31T02:58:28.513629+00:00"
"7c84ca7f-08f1-43b8-a46f-8c98d8df1cfc","OldSMM","9259246","refunded","Canceled","canceled","500",500,"2026-08-31T02:57:23.839082+00:00"
"7c157b8a-33b0-4525-8ea5-cc896d3e5eff","OldSMM","9258281","refunded","Canceled","canceled","250",250,"2026-08-31T02:21:36.811886+00:00"
"bae1d182-fe62-40ad-ac02-1efbb427418b","OldSMM","9258200","refunded","Canceled","canceled","500",500,"2026-08-31T02:18:35.13422+00:00"
"f11043ba-be28-4972-b239-0fbe585bf295","OldSMM","9258126","completed","Partial","partial","36",300,"2026-08-31T02:15:47.393424+00:00"
"1b366721-9e5d-4283-be56-032e8e01a405","OldSMM","9257273","refunded","Canceled","canceled","500",500,"2026-08-31T01:53:28.260985+00:00"
"ad51ff63-2fad-41d2-bdf6-de5abac90580","OldSMM","9257238","refunded","Canceled","canceled","1000",1000,"2026-08-31T01:52:31.047808+00:00"
"c92e57e9-d42e-4df2-adee-bd038932f710","OldSMM","9256976","refunded","Canceled","canceled","300",300,"2026-08-31T01:46:24.709766+00:00"
"ee3a374f-5344-4d8b-bdf2-56baebf9bbf3","OldSMM","9256920","refunded","Canceled","canceled","100",100,"2026-08-31T01:44:26.110148+00:00"
"06f3847f-7071-41cd-a5fc-8a740bfea8f5","OldSMM","9256879","refunded","Canceled","canceled","500",500,"2026-08-31T01:43:07.319488+00:00"
"e3ea7aa9-0c0c-45eb-9e6a-98d0e602f3b9","OldSMM","9256877","refunded","Canceled","canceled","500",500,"2026-08-31T01:42:58.454459+00:00"
"6ee68bc4-8e46-42c7-bbe4-a7c13be71105","OldSMM","9256745","refunded","Canceled","canceled","1000",1000,"2026-08-31T01:39:40.284849+00:00"
"5ff4f508-36ce-499c-ab74-b854184bce1e","OldSMM","9256602","refunded","Canceled","canceled","3000",3000,"2026-08-31T01:36:00.544066+00:00"
"a13ee94d-2233-448b-a5e2-c83432d5ab5f","OldSMM","9256285","refunded","Canceled","canceled","100",100,"2026-08-31T01:24:59.384696+00:00"
"ea10566c-9824-4a69-be82-bca587b6acb5","OldSMM","9256066","refunded","Canceled","canceled","100",100,"2026-08-31T01:16:41.971156+00:00"
"5b33da45-07c3-469d-bd73-371021bc6260","OldSMM","9256042","refunded","Canceled","canceled","1000",1000,"2026-08-31T01:15:58.478838+00:00"
"ece92250-8e66-472e-894d-0680177407ea","OldSMM","9255484","refunded","Canceled","canceled","200",200,"2026-08-31T00:57:03.370763+00:00"
"1e1c188c-19e2-43e4-babd-23280453f6e5","OldSMM","9255035","refunded","Canceled","canceled","100",100,"2026-08-31T00:43:33.69769+00:00"
"5c441677-d87c-47f0-8da6-e1b04f79dd5d","OldSMM","9254762","refunded","Canceled","canceled","20",20,"2026-08-31T00:34:19.79418+00:00"
"21d73eb4-5c24-43f1-b67d-c88ae3c5e0fa","OldSMM","9254695","refunded","Canceled","canceled","1000",1000,"2026-08-31T00:32:06.903961+00:00"
"a6c4775c-3cd5-41df-b02b-e03c086c0ecb","OldSMM","9254362","refunded","Canceled","canceled","500",500,"2026-08-31T00:22:13.864651+00:00"
"e9f4edf1-4da9-4c6f-a783-fde01281728f","OldSMM","9253647","refunded","Canceled","canceled","100",100,"2026-08-30T23:59:28.801952+00:00"
"150e11fa-aae5-4e60-8160-303c1a843830","OldSMM","9253475","refunded","Canceled","canceled","100",100,"2026-08-30T23:53:52.487138+00:00"
"63e05f93-02f7-4331-8af8-258cf557213d","OldSMM","9253446","refunded","Canceled","canceled","100",100,"2026-08-30T23:53:07.067159+00:00"
"a07de426-5acb-4ef3-920f-3ff09f86bd36","OldSMM","9253414","refunded","Canceled","canceled","500",500,"2026-08-30T23:52:14.710924+00:00"
"191ec441-ed53-4368-ab36-9c6991f51243","OldSMM","9253282","refunded","Canceled","canceled","500",500,"2026-08-30T23:48:09.808009+00:00"
"af4e3556-dd02-483b-ba62-b3ddb7f23f07","OldSMM","9253279","refunded","Canceled","canceled","500",500,"2026-08-30T23:48:05.106445+00:00"
"2048a892-1868-4aa2-955d-38c1349574f6","OldSMM","9253182","refunded","Canceled","canceled","200",200,"2026-08-30T23:44:44.412811+00:00"
"f63cc9a0-8292-4fec-9e56-0e78380a1eae","OldSMM","9252659","refunded","Canceled","canceled","1000",1000,"2026-08-30T23:30:20.186002+00:00"
"556d59a5-a818-4b3d-bb26-7793c6a8a21a","OldSMM","9252618","refunded","Canceled","canceled","200",200,"2026-08-30T23:29:27.142837+00:00"
"ba483ccc-caf5-44b8-a49f-02dffec8a43a","OldSMM","9251934","refunded","Canceled","canceled","100",100,"2026-08-30T23:10:19.034323+00:00"
"590844d1-0705-4d5e-a686-7381ea6ddad0","OldSMM","9251888","refunded","Canceled","canceled","100",100,"2026-08-30T23:08:46.716594+00:00"
"1bce76fe-1c8c-4db5-9232-f58297b3522e","OldSMM","9251686","refunded","Canceled","canceled","1000",1000,"2026-08-30T23:03:30.599818+00:00"
"bac637dd-5725-4c3d-9a43-b297e197c619","OldSMM","9251502","completed","Partial","partial","152",450,"2026-08-30T22:57:32.715004+00:00"
"1988f6a2-3954-4ada-a7b9-5c18e49b42f1","OldSMM","9251451","refunded","Canceled","canceled","200",200,"2026-08-30T22:56:07.999158+00:00"
"c09d3511-aa33-4d9d-b654-b067f4c61429","OldSMM","9251157","refunded","Canceled","canceled","200",200,"2026-08-30T22:47:30.424163+00:00"
"4ecf7d6d-daff-4349-90b1-b7a5f0235748","OldSMM","9251129","completed","Partial","partial","745",1000,"2026-08-30T22:46:30.389983+00:00"
"160bba4b-e1e2-4443-b2f8-62b3cbacb9be","OldSMM","9251113","refunded","Canceled","canceled","100",100,"2026-08-30T22:46:14.845595+00:00"
"16ce2daf-bef7-41ec-8168-732b95b9ca36","OldSMM","9250812","refunded","Canceled","canceled","100",100,"2026-08-30T22:38:47.368156+00:00"
"62cebd17-2ec6-47d9-a600-533b116aaeee","OldSMM","9250791","refunded","Canceled","canceled","200",200,"2026-08-30T22:38:18.487182+00:00"
"52effba0-c6cd-4808-80bb-46967b1602e8","OldSMM","9250783","refunded","Canceled","canceled","200",200,"2026-08-30T22:38:08.713659+00:00"
"15137afe-f791-48a9-9234-7389125f8e87","OldSMM","9250767","refunded","Canceled","canceled","100",100,"2026-08-30T22:37:44.779777+00:00"
"4b4c4f37-e71b-45f8-b574-8f3b11e5844f","OldSMM","9250560","completed","Partial","partial","701",1000,"2026-08-30T22:32:12.697579+00:00"
"c1a77a04-4f4a-4941-87ed-dc7963e343ba","OldSMM","9250546","refunded","Canceled","canceled","200",200,"2026-08-30T22:31:43.35814+00:00"
"717cd224-440f-4a2c-9d41-a6d10439a720","OldSMM","9250454","refunded","Canceled","canceled","1000",1000,"2026-08-30T22:29:20.837012+00:00"
"07a51de7-6a61-4408-90dc-2a8e98ac891c","OldSMM","9250430","in progress","Pending","pending","200",200,"2026-08-30T22:28:42.78605+00:00"
"d979eb1f-d681-466f-b09b-7a88a7393bf1","OldSMM","9250285","refunded","Canceled","canceled","100",100,"2026-08-30T22:25:15.899853+00:00"
"3a30c125-9330-4a81-8ec5-90f430ac493a","OldSMM","9249641","refunded","Canceled","canceled","200",200,"2026-08-30T22:08:58.291593+00:00"
"d4179da4-1231-419d-8229-840617bd3c11","OldSMM","9249418","refunded","Canceled","canceled","200",200,"2026-08-30T22:03:28.189665+00:00"
"3c0003c4-47b6-472f-aedc-96be68c2346a","OldSMM","9249367","refunded","Canceled","canceled","100",100,"2026-08-30T22:02:08.066244+00:00"
"3492bcd5-36bc-4f69-8369-74b3e909bd0e","OldSMM","9249206","completed","Partial","partial","671",1000,"2026-08-30T21:58:01.298937+00:00"
"cb173108-10aa-48dd-a686-1d37efe06100","OldSMM","9248104","refunded","Canceled","canceled","100",100,"2026-08-30T21:32:16.360679+00:00"
"e1ca53ff-b01c-4167-95f4-9886d424185d","OldSMM","9248095","refunded","Canceled","canceled","100",100,"2026-08-30T21:31:52.14018+00:00"
"31d46cf7-58a1-446d-9ad9-f15b4e8bf6e9","OldSMM","9248065","refunded","Canceled","canceled","100",100,"2026-08-30T21:30:57.058978+00:00"
"aad83732-af0e-4a19-908e-922686bd14c3","OldSMM","9247838","refunded","Canceled","canceled","100",100,"2026-08-30T21:24:16.695903+00:00"
"8ebd9804-db59-4e76-b6bb-9a0bb527fde4","OldSMM","9247657","refunded","Canceled","canceled","100",100,"2026-08-30T21:20:03.163335+00:00"
"6efe6d5a-7eaf-47b7-bc01-404606cede98","OldSMM","9247588","refunded","Canceled","canceled","1000",1000,"2026-08-30T21:18:13.193549+00:00"
"2a6ad49e-ac06-4838-a98d-09f332e6741d","OldSMM","9247379","refunded","Canceled","canceled","100",100,"2026-08-30T21:12:54.608772+00:00"
"849aec8c-8541-4728-9030-466618d2b914","OldSMM","9247310","completed","Partial","partial","675",1000,"2026-08-30T21:11:25.694806+00:00"
"58fbfbcc-c3ab-4ecf-ac9e-2ed5aed8550d","OldSMM","9247218","refunded","Canceled","canceled","100",100,"2026-08-30T21:09:06.835351+00:00"
"046b81d8-f8cd-486e-895e-adfb934d286f","OldSMM","9247192","refunded","Canceled","canceled","100",100,"2026-08-30T21:08:31.902081+00:00"
"33dcbf71-3b66-4eb0-bd40-432cf20338c2","OldSMM","9247187","refunded","Canceled","canceled","100",100,"2026-08-30T21:08:29.381356+00:00"
"eacaf549-e332-407b-89e0-e5571f90bad7","OldSMM","9246927","refunded","Canceled","canceled","100",100,"2026-08-30T21:02:50.586292+00:00"
"a81f0f74-7b94-434e-81a3-0e1d83376aef","OldSMM","9246899","refunded","Canceled","canceled","100",100,"2026-08-30T21:02:12.323258+00:00"
"fe9af11a-4874-4cc4-ba4e-8113a862d2bf","OldSMM","9246850","refunded","Canceled","canceled","100",100,"2026-08-30T21:01:05.263934+00:00"
"3bdf105b-134f-459b-af1d-af1727c69c60","OldSMM","9246803","refunded","Canceled","canceled","100",100,"2026-08-30T21:00:02.768023+00:00"
"0d712f59-060b-42d1-9e11-1b3e814fd6cf","OldSMM","9246423","refunded","Canceled","canceled","200",200,"2026-08-30T20:50:35.25569+00:00"
"8f602fa9-a280-489a-bdbb-002ac58ca76f","OldSMM","9246015","refunded","Canceled","canceled","200",200,"2026-08-30T20:40:01.999359+00:00"
"21394e9b-2e43-456a-800e-55910f53bd3f","OldSMM","9245911","refunded","Canceled","canceled","200",200,"2026-08-30T20:37:31.013593+00:00"
"3147f920-e769-41e6-b146-52ffdf88f21b","OldSMM","9245356","refunded","Canceled","canceled","100",100,"2026-08-30T20:23:19.735703+00:00"
"57b19b12-8395-40b9-88a8-8f296738ad6c","OldSMM","9245306","refunded","Canceled","canceled","100",100,"2026-08-30T20:21:47.666553+00:00"
"5a1b44ba-00b5-4af4-96bc-efbccd7d9399","OldSMM","9244630","refunded","Canceled","canceled","200",200,"2026-08-30T20:06:20.460613+00:00"
"ede5e294-99ae-4df1-9f0b-66239548193e","OldSMM","9244626","refunded","Canceled","canceled","200",200,"2026-08-30T20:06:10.605074+00:00"
"3313f778-a509-4593-aa9a-7ec50621e023","OldSMM","9244524","refunded","Canceled","canceled","100",100,"2026-08-30T20:03:51.292681+00:00"
"9a841a95-2fa5-4085-82c1-8d3fb6fb6777","OldSMM","9244393","completed","Partial","partial","657",1000,"2026-08-30T20:00:51.293225+00:00"
"b6eaaec5-7a18-4558-9f3d-2990a040170e","OldSMM","9244283","refunded","Canceled","canceled","200",200,"2026-08-30T19:58:18.566787+00:00"
"1e32fcd4-0e2c-48db-81f1-be2e3480c87f","OldSMM","9244237","refunded","Canceled","canceled","200",200,"2026-08-30T19:57:07.236793+00:00"
"6d7d9732-9e05-4225-bf7f-e7ba56a4ea39","OldSMM","9244111","refunded","Canceled","canceled","1000",1000,"2026-08-30T19:54:14.554138+00:00"
"1b687315-0a0a-4f3d-8d4d-3eec108454b6","OldSMM","9244109","completed","Partial","partial","357",700,"2026-08-30T19:54:12.670234+00:00"
"c81d1116-a9b9-4584-95f5-a6d28546b612","OldSMM","9244015","refunded","Canceled","canceled","200",200,"2026-08-30T19:51:34.363139+00:00"
"87e90e80-5857-4f22-a7cb-85578084f0ad","OldSMM","9243973","refunded","Canceled","canceled","500",500,"2026-08-30T19:50:44.67827+00:00"
"2aeef2da-65e0-4c7a-ae80-f9e8bf156154","OldSMM","9243940","refunded","Canceled","canceled","100",100,"2026-08-30T19:50:04.097109+00:00"
"a23f01be-895b-45a6-af5e-8b06ead2c2df","OldSMM","9243837","refunded","Canceled","canceled","10",10,"2026-08-30T19:47:57.397245+00:00"
"738d8f85-335f-443a-b81d-bcd41c0b5914","OldSMM","9243785","refunded","Canceled","canceled","1000",1000,"2026-08-30T19:46:50.572807+00:00"
"f0d888e1-5e62-4864-9915-8828eff5e177","OldSMM","9243560","refunded","Canceled","canceled","100",100,"2026-08-30T19:41:03.771954+00:00"
"a4e82b92-3082-4a86-8a6e-e251e69207d0","OldSMM","9243441","refunded","Canceled","canceled","100",100,"2026-08-30T19:38:16.084441+00:00"
"120561ff-b2bb-4664-831b-e2dcd292880b","OldSMM","9242946","refunded","Canceled","canceled","100",100,"2026-08-30T19:26:48.85677+00:00"
"94b70eb6-ac79-44ff-9c71-e7793eefa07a","OldSMM","9242678","completed","Partial","partial","622",1000,"2026-08-30T19:24:40.825152+00:00"
"fc6592ad-0299-4ca0-a3e3-049994400cfc","OldSMM","9241980","refunded","Canceled","canceled","1000",1000,"2026-08-30T19:08:12.049739+00:00"
"613089c3-0b60-42fe-9d94-009ce14b343f","OldSMM","9241969","refunded","Canceled","canceled","200",200,"2026-08-30T19:07:51.043699+00:00"
"e0258faa-5b8e-4ce8-b280-9fc7660b5196","OldSMM","9241894","refunded","Canceled","canceled","1000",1000,"2026-08-30T19:06:06.809954+00:00"
"ef118260-cd35-4090-9ac6-7a6e00db4347","OldSMM","9241863","refunded","Canceled","canceled","100",100,"2026-08-30T19:05:19.038657+00:00"
"cc28922a-e8a3-4f2c-970b-774b8f2dd304","OldSMM","9241636","refunded","Canceled","canceled","1000",1000,"2026-08-30T19:00:17.654698+00:00"
"f0d8c09b-4f93-49ee-b200-f8b3937dfd36","OldSMM","9241496","refunded","Canceled","canceled","1000",1000,"2026-08-30T18:56:40.973142+00:00"
"8880a1d9-0cc7-4913-85ce-d7627bc849ef","OldSMM","9241460","refunded","Canceled","canceled","500",500,"2026-08-30T18:55:38.512447+00:00"
"ec0e8f86-998a-4c04-aba5-e27ec7366447","OldSMM","9241402","refunded","Canceled","canceled","100",100,"2026-08-30T18:54:12.986566+00:00"
"29c9f337-bb68-4564-b01c-fa1b5b95dc19","OldSMM","9241389","refunded","Canceled","canceled","100",100,"2026-08-30T18:53:52.318713+00:00"
"80d3b370-a839-44a9-bff1-036e27fbb212","OldSMM","9241268","refunded","Canceled","canceled","500",500,"2026-08-30T18:51:06.821931+00:00"
"8860118a-4075-48f9-9516-8c9c7f90d366","OldSMM","9241237","refunded","Canceled","canceled","100",100,"2026-08-30T18:50:18.781954+00:00"
"4c26c559-d8ae-46dd-b092-b1d49b451e08","OldSMM","9241215","refunded","Canceled","canceled","200",200,"2026-08-30T18:49:43.682678+00:00"
"117bfbb0-9e80-4dc1-bacb-3017dce2ffc0","OldSMM","9241212","refunded","Canceled","canceled","1000",1000,"2026-08-30T18:49:36.031466+00:00"
"c944a60d-6aaf-483a-ae35-578d537baebf","OldSMM","9241189","refunded","Canceled","canceled","200",200,"2026-08-30T18:48:56.766071+00:00"
"fa9bda31-2512-4887-a8ab-ef39c398fa53","OldSMM","9241116","refunded","Canceled","canceled","100",100,"2026-08-30T18:47:15.774984+00:00"
"99736517-0f99-4dc2-995c-6bc15f270fd4","OldSMM","9241006","refunded","Canceled","canceled","100",100,"2026-08-30T18:44:46.41793+00:00"
"6c61abec-7179-45af-8f20-2df21ee97ccf","OldSMM","9240779","refunded","Canceled","canceled","100",100,"2026-08-30T18:40:03.046983+00:00"
"e0ae214d-f792-454c-9c0a-a3677c818c34","OldSMM","9240575","refunded","Canceled","canceled","100",100,"2026-08-30T18:35:34.481316+00:00"
"dede7423-d780-4a65-8110-6265bc4b0ff0","OldSMM","9240409","refunded","Canceled","canceled","100",100,"2026-08-30T18:32:32.971558+00:00"
"fb694552-7dec-45e8-8dcd-9e68abc50177","OldSMM","9240401","refunded","Canceled","canceled","100",100,"2026-08-30T18:32:21.051558+00:00"
"a3f9b472-d664-4a53-a655-ff65611eabd5","OldSMM","9240355","refunded","Canceled","canceled","100",100,"2026-08-30T18:31:09.949695+00:00"
"3ef9606f-dae6-4c49-9a2f-d735ddd1c021","OldSMM","9240322","refunded","Canceled","canceled","200",200,"2026-08-30T18:30:37.230413+00:00"
"69a34a08-d466-4391-8dae-5cd8432bab35","OldSMM","9240268","refunded","Canceled","canceled","12",12,"2026-08-30T18:29:37.448112+00:00"
"dd1abc03-e763-493e-9714-0dacb2b26052","OldSMM","9240213","completed","Canceled","canceled","1000",1000,"2026-08-30T18:28:14.935645+00:00"
"12703324-6643-4eab-8efe-90f22ac0118a","OldSMM","9240145","refunded","Canceled","canceled","390",390,"2026-08-30T18:26:41.911923+00:00"
"a1dc6749-ecc3-45ed-bd9f-cf076ac6dcce","OldSMM","9240138","refunded","Canceled","canceled","100",100,"2026-08-30T18:26:30.876602+00:00"
"5a628476-7298-4900-ab64-6e4a199b6414","OldSMM","9240084","refunded","Canceled","canceled","200",200,"2026-08-30T18:25:01.981965+00:00"
"c497cc77-3929-4ce9-b3b1-fd7fd072eb1f","OldSMM","9240072","refunded","Canceled","canceled","100",100,"2026-08-30T18:24:39.955864+00:00"
"5041ac64-20e8-4ce4-a1e7-93f25aa4c389","OldSMM","9240065","refunded","Canceled","canceled","200",200,"2026-08-30T18:24:31.64101+00:00"
"ef1e20df-186f-41c5-be5a-360fea28745b","OldSMM","9239934","refunded","Canceled","canceled","400",400,"2026-08-30T18:21:25.904799+00:00"
"63f12bc9-ccfa-4a82-8923-ed68daffc76f","OldSMM","9239901","refunded","Canceled","canceled","500",500,"2026-08-30T18:20:20.752903+00:00"
"bc28c22b-7515-4773-a192-17b6bdd838e7","OldSMM","9239708","refunded","Canceled","canceled","500",500,"2026-08-30T18:15:27.798632+00:00"
"f5dc18b7-779a-4aa6-90de-3bb5cb992a2b","OldSMM","9238962","refunded","Canceled","canceled","100",100,"2026-08-30T17:56:59.213809+00:00"
"d16abdcd-ae78-40c9-abcb-08611f555ed3","OldSMM","9238696","refunded","Canceled","canceled","200",200,"2026-08-30T17:50:19.231106+00:00"
"31538e4c-ca1e-4995-8280-9a11032c330e","OldSMM","9238308","refunded","Canceled","canceled","100",100,"2026-08-30T17:40:40.834176+00:00"
"60891c34-87d7-4ca6-b7b3-01098e731cd3","OldSMM","9237957","refunded","Canceled","canceled","199",199,"2026-08-30T17:33:11.856548+00:00"
"3e820a09-a84a-4815-aa1e-f0816fe97e02","OldSMM","9237288","refunded","Canceled","canceled","1000",1000,"2026-08-30T17:15:57.528404+00:00"
"ae5147d7-a1b8-4107-94f4-0e6fc87ffa66","OldSMM","9237101","refunded","Canceled","canceled","100",100,"2026-08-30T17:11:01.621845+00:00"
"7dad6981-99fd-4dad-8d89-c04c0d48be7b","OldSMM","9237083","refunded","Canceled","canceled","200",200,"2026-08-30T17:10:45.161747+00:00"
"43453279-b369-4c50-bd58-780f656750fe","OldSMM","9236852","refunded","Canceled","canceled","1000",1000,"2026-08-30T17:05:01.317848+00:00"
"f2372368-c1c2-449f-a423-57ae5c5a62c2","OldSMM","9236711","refunded","Canceled","canceled","500",500,"2026-08-30T17:02:11.427353+00:00"
"f3751454-b059-4483-bdda-429c2ef93093","OldSMM","9236544","refunded","Canceled","canceled","200",200,"2026-08-30T16:58:38.293458+00:00"
"2e58e2e2-c7ff-41f4-978b-c68ac65a0102","OldSMM","9236507","refunded","Canceled","canceled","100",100,"2026-08-30T16:57:48.186724+00:00"
"b1118b58-cc9f-4723-80d2-097411a68252","OldSMM","9236471","refunded","Canceled","canceled","1042",1042,"2026-08-30T16:57:03.215996+00:00"
"d7dc56a2-cee0-4464-ad69-9306b097513d","OldSMM","9236431","refunded","Canceled","canceled","1000",1000,"2026-08-30T16:56:03.22367+00:00"
"62826f3b-bbd2-4d3d-80ad-9527daf2cb47","OldSMM","9236402","refunded","Canceled","canceled","500",500,"2026-08-30T16:55:18.839225+00:00"
"9e10292f-df47-4115-afec-41835ca08bd0","OldSMM","9235389","refunded","Canceled","canceled","500",500,"2026-08-30T16:32:51.758122+00:00"
"8453dbe1-1beb-4aba-a359-b586aa035e1e","OldSMM","9235354","refunded","Canceled","canceled","1000",1000,"2026-08-30T16:32:07.87124+00:00"
"e247448d-9147-4712-9c8f-e9d02bf65436","OldSMM","9235329","refunded","Canceled","canceled","100",100,"2026-08-30T16:31:38.882331+00:00"
"a03b93e5-7d8f-4806-a424-44a4563e4e41","OldSMM","9234891","refunded","Canceled","canceled","1000",1000,"2026-08-30T16:20:30.199024+00:00"
"04ce5864-1ce2-4da6-8c19-1bd88d758207","OldSMM","9234577","refunded","Canceled","canceled","500",500,"2026-08-30T16:13:41.609409+00:00"
"3c22955c-8eb2-4db6-8eef-f9efd8fc0897","OldSMM","9234396","refunded","Canceled","canceled","1000",1000,"2026-08-30T16:08:33.409602+00:00"
"53ad6bad-bc50-4c3f-b530-24d686db7d94","OldSMM","9233625","refunded","Canceled","canceled","680",680,"2026-08-30T15:54:23.775969+00:00"
"eb8e8375-56af-4ebb-b31a-7b8c24b1dcd1","OldSMM","9233077","refunded","Canceled","canceled","100",100,"2026-08-30T15:44:21.88814+00:00"
"72562181-9d2a-49fd-95d3-dd6d917480ae","OldSMM","9232469","refunded","Canceled","canceled","100",100,"2026-08-30T15:28:45.901388+00:00"
"353d096b-fe03-4e35-950f-e518b199c817","OldSMM","9231833","refunded","Canceled","canceled","100",100,"2026-08-30T15:14:02.653165+00:00"
"acf0f91e-9259-4b88-86d9-2b4345205ecb","OldSMM","9231805","refunded","Canceled","canceled","500",500,"2026-08-30T15:13:14.187599+00:00"
"f6136c70-b3b8-48e2-9850-3943971cf319","OldSMM","9231703","refunded","Canceled","canceled","100",100,"2026-08-30T15:10:57.043361+00:00"
"c5f111f4-58f0-4d98-bac8-87541d26d902","OldSMM","9231474","refunded","Canceled","canceled","500",500,"2026-08-30T15:05:10.245554+00:00"
"4536c2ee-fca5-44ff-a2c3-f53067c01ffc","OldSMM","9231460","completed","Partial","partial","559",1000,"2026-08-30T15:04:31.681065+00:00"
"a345fa96-5a00-4a2c-80ef-fee27dc3a36e","OldSMM","9231291","refunded","Canceled","canceled","200",200,"2026-08-30T14:59:48.865677+00:00"
"6e76747e-4c01-4a76-b22d-f5e1c35068f7","OldSMM","9231166","refunded","Canceled","canceled","100",100,"2026-08-30T14:56:14.220342+00:00"
"7f5e1783-8fb8-48e9-9f00-54a5cb40a8d7","OldSMM","9230673","refunded","Canceled","canceled","200",200,"2026-08-30T14:55:05.723923+00:00"
"9f645466-bc96-4502-bf55-779bca720c6a","OldSMM","9230382","refunded","Canceled","canceled","200",200,"2026-08-30T14:47:53.305742+00:00"
"c0f31ace-72a6-4c10-ae9a-7584c48b10af","OldSMM","9230271","refunded","Canceled","canceled","500",500,"2026-08-30T14:44:11.021901+00:00"
"16694f6c-19e8-4149-b53f-4097b111caca","OldSMM","9229973","refunded","Canceled","canceled","200",200,"2026-08-30T14:33:42.778903+00:00"
"5b7717e5-86aa-4507-834e-8f2a1e700921","OldSMM","9229713","refunded","Canceled","canceled","230",230,"2026-08-30T14:24:17.052929+00:00"
"b2a4cbc5-c126-460c-a04a-e2f8a151e2f3","OldSMM","9229578","completed","Partial","partial","526",1000,"2026-08-30T14:20:40.603134+00:00"
"4ab7fe4b-36cc-46b7-be2a-a6c355627e0d","OldSMM","9229017","refunded","Canceled","canceled","200",200,"2026-08-30T14:06:08.566874+00:00"
"6fcae2e5-3548-4f45-9d0c-6467694c6be1","OldSMM","9228771","refunded","Canceled","canceled","500",500,"2026-08-30T14:00:21.369214+00:00"
"6139debd-82b5-407b-8d82-14fd02c07211","OldSMM","9228695","refunded","Canceled","canceled","500",500,"2026-08-30T13:59:02.025757+00:00"
"52412280-5a37-49fa-9522-87c328e05c91","OldSMM","9228653","refunded","Canceled","canceled","200",200,"2026-08-30T13:58:08.301951+00:00"
"fcd5ecdf-b45c-4d82-983c-652ac697b2ff","OldSMM","9228479","refunded","Canceled","canceled","230",230,"2026-08-30T13:54:10.174687+00:00"
"cf350070-1063-431c-b602-22d41ee8f024","OldSMM","9228026","refunded","Canceled","canceled","500",500,"2026-08-30T13:41:52.86694+00:00"
"065e1605-16ce-4a4f-b6a3-7642d4f1964a","OldSMM","9227874","refunded","Canceled","canceled","200",200,"2026-08-30T13:37:38.0441+00:00"
"037bf72d-5eb6-4e1a-aba9-4b601c0d80ee","OldSMM","9227796","refunded","Canceled","canceled","100",100,"2026-08-30T13:35:42.346622+00:00"
"310f2376-2ea2-45f8-b25a-aad4d92a9468","OldSMM","9227766","refunded","Canceled","canceled","200",200,"2026-08-30T13:34:59.986453+00:00"
"4d5e92eb-8b55-45b8-a32f-b27dbf3b11ab","OldSMM","9227703","refunded","Canceled","canceled","1000",1000,"2026-08-30T13:33:39.41397+00:00"
"781b7954-5095-4c81-bd7d-8a5690718c47","OldSMM","9227587","refunded","Canceled","canceled","200",200,"2026-08-30T13:30:34.901639+00:00"
"197ea8e7-a086-4026-830a-faa6161f9954","OldSMM","9227240","refunded","Canceled","canceled","500",500,"2026-08-30T13:22:39.406025+00:00"
"82f8275e-dd75-4ebf-8597-1c181a5e4cfd","OldSMM","9226905","refunded","Canceled","canceled","100",100,"2026-08-30T13:14:30.477242+00:00"
"d3270495-5c91-4bfd-bd43-ec7c65417eff","OldSMM","9226843","refunded","Canceled","canceled","1000",1000,"2026-08-30T13:13:06.034475+00:00"
"a3b2ebcd-cf1c-4e38-b735-13ab9dc8b800","OldSMM","9226733","refunded","Canceled","canceled","500",500,"2026-08-30T13:10:12.676673+00:00"
"8230e138-80db-49d6-b13d-f2f2815497ca","OldSMM","9226692","refunded","Canceled","canceled","200",200,"2026-08-30T13:09:24.985237+00:00"
"3fe52f78-ffa6-4e4f-94f0-2144bf3d8ca2","OldSMM","9226629","refunded","Canceled","canceled","500",500,"2026-08-30T13:08:03.563833+00:00"
"3649142a-dc27-427c-9522-f5f7381b7649","OldSMM","9226323","refunded","Canceled","canceled","100",100,"2026-08-30T13:00:52.474543+00:00"
"f1e9b66d-b946-4a00-897f-f62e5876628f","OldSMM","9225981","refunded","Canceled","canceled","200",200,"2026-08-30T12:52:28.701573+00:00"
"317a3094-732e-45c5-bbc6-188a0685f79e","OldSMM","9225949","refunded","Canceled","canceled","500",500,"2026-08-30T12:51:23.458018+00:00"
"55c52608-d34d-466c-8abf-24f18a92b288","OldSMM","9225631","refunded","Canceled","canceled","500",500,"2026-08-30T12:43:20.178751+00:00"
"5dad6164-ff27-4bc3-a0b3-9df6b2eb325e","OldSMM","9224511","refunded","Canceled","canceled","100",100,"2026-08-30T12:03:41.052301+00:00"
"73766a14-ed10-4b9e-9245-156feb9ecc44","ApiOwner","11827302","refunded","Canceled","canceled","1000",1000,"2026-09-03T19:47:25.627333+00:00"
"2e2931a0-dec3-462b-9379-0110c9c298c3","ApiOwner","11814617","in progress","Pending","pending","100",100,"2026-09-03T16:41:03.368655+00:00"
"b96c8d3f-6ccd-4c31-8052-2d9bf2005481","ApiOwner","11813668","in progress","Pending","pending","100",100,"2026-09-03T16:26:16.583133+00:00"
"3ccb5ea4-03ff-4dd5-8a37-26c8509b4317","ApiOwner","11797608","refunded","Canceled","canceled","490",490,"2026-09-03T12:49:33.334518+00:00"
"2a40529d-43c0-4366-9aea-0f6f29720b5b","ApiOwner","11795933","refunded","Canceled","canceled","1000",1000,"2026-09-03T12:21:31.298228+00:00"
"f66edca0-c948-493c-984a-00e688d36ee8","ApiOwner","11782038","in progress","Processing","processing","500",500,"2026-09-03T06:42:50.699179+00:00"
"02b4a5cc-e004-430a-a77e-f4b5fffe6bfe","ApiOwner","11773387","refunded","Canceled","canceled","100",100,"2026-09-03T02:36:03.178665+00:00"
"8b1eebec-ab38-4895-b613-179b5a9e79e0","ApiOwner","11773360","refunded","Canceled","canceled","100",100,"2026-09-03T02:34:57.745753+00:00"
"00f84bff-b3ef-4e09-9638-b7a2442fa134","ApiOwner","11773330","refunded","Canceled","canceled","100",100,"2026-09-03T02:34:03.656086+00:00"
"a1b9c98d-8a81-4898-9223-6136f94dd4c1","ApiOwner","11773301","refunded","Canceled","canceled","100",100,"2026-09-03T02:33:26.187329+00:00"
"ea6eda92-3bbc-4fe7-8e53-180c19d4e2d7","ApiOwner","11773278","refunded","Canceled","canceled","100",100,"2026-09-03T02:32:52.645275+00:00"
"cf7ce46d-4ea9-46ae-bd1b-2a0e4be670d8","ApiOwner","11773257","refunded","Canceled","canceled","200",200,"2026-09-03T02:32:03.840679+00:00"
"c3d4128d-75a0-4ac1-988f-de2fe4c4b38d","ApiOwner","11772698","refunded","Canceled","canceled","100",100,"2026-09-03T02:18:25.941461+00:00"
"4587f960-b337-4ade-a3c6-5e42d693e3bc","ApiOwner","11772141","refunded","Canceled","canceled","100",100,"2026-09-03T02:01:16.602572+00:00"
"d8a32a94-8eb8-4d6f-ae4c-a7a5135f2cef","ApiOwner","11771043","refunded","Canceled","canceled","100",100,"2026-09-03T01:32:11.61908+00:00"
"f30b53a3-595b-4131-a8ea-48ccdc65f310","ApiOwner","11759317","refunded","Canceled","canceled","800",800,"2026-09-02T20:35:06.644935+00:00"
"7092a382-b1df-434b-84b7-68cf59aa8f5a","ApiOwner","11749623","refunded","Canceled","canceled","500",500,"2026-09-02T17:45:17.94022+00:00"
"0af92437-41f2-4cdc-b91a-2d8ab2a77c55","ApiOwner","11744462","refunded","Canceled","canceled","100",100,"2026-09-02T16:38:00.321778+00:00"
"2264ade1-68cd-49b0-a75f-fda46d72641e","ApiOwner","11741834","refunded","Canceled","canceled","1000",1000,"2026-09-02T16:03:32.995213+00:00"
"1a5df408-d722-43af-b3e3-d18304838804","ApiOwner","11741288","refunded","Canceled","canceled","500",500,"2026-09-02T15:56:03.773909+00:00"
"da57c6d6-e879-4a4f-b912-5ef838d1091c","ApiOwner","11736973","refunded","Canceled","canceled","100",100,"2026-09-02T14:55:45.186469+00:00"
"89e5bf91-0113-4233-a2f2-4ee00a0a9e5c","ApiOwner","11736472","refunded","Canceled","canceled","100",100,"2026-09-02T14:45:06.853181+00:00"
"bd97a0e5-86bc-4cb7-9588-8535ee37750d","ApiOwner","11732473","refunded","Canceled","canceled","1000",1000,"2026-09-02T13:31:34.341552+00:00"
"93b70134-8017-48dc-a9b9-83c8d84834bc","ApiOwner","11729570","in progress","Pending","pending","500",500,"2026-09-02T12:30:48.833422+00:00"
"18750359-212c-4498-9b37-4980e4a1e0c5","ApiOwner","11718366","refunded","Canceled","canceled","1000",1000,"2026-09-02T08:35:20.338987+00:00"
"b8edfd2e-60e0-407a-b58a-7cf2bcf5a763","ApiOwner","11694900","refunded","Canceled","canceled","1000",1000,"2026-09-01T22:38:50.516247+00:00"
"bf824170-13de-4748-bff6-ee31208b74e9","ApiOwner","11694880","refunded","Canceled","canceled","10000",10000,"2026-09-01T22:38:18.042079+00:00"
"bd8cd72b-dfb3-4bd5-9c7d-c4086cffab1c","ApiOwner","11694688","refunded","Canceled","canceled","111",111,"2026-09-01T22:33:16.079187+00:00"
"680f2947-e1f4-4e08-9e11-8562cfeca3ba","ApiOwner","11694541","refunded","Canceled","canceled","1000",1000,"2026-09-01T22:30:20.813217+00:00"
"4ac33845-6bd2-4d23-8fa6-2bedbf739431","ApiOwner","11694359","refunded","Canceled","canceled","4000",4000,"2026-09-01T22:26:48.103631+00:00"
"f2436382-f040-416d-9a88-1cf23fdbf9d9","ApiOwner","11694317","refunded","Canceled","canceled","1000",1000,"2026-09-01T22:25:42.27912+00:00"
"6d2887b1-e1fe-45c0-95c9-fafa80bac0ef","ApiOwner","11694294","refunded","Canceled","canceled","1000",1000,"2026-09-01T22:25:06.141047+00:00"
"435064aa-1c2c-4b45-bd8c-f8c02a9a93fd","ApiOwner","11694258","refunded","Canceled","canceled","140",140,"2026-09-01T22:24:04.320597+00:00"
"82cc2ac6-cdb0-4a05-8f82-eac2e18d35aa","ApiOwner","11694202","refunded","Canceled","canceled","1000",1000,"2026-09-01T22:22:54.819915+00:00"
"eab5a07d-bee5-4808-b193-17537f95b0ae","ApiOwner","11694004","refunded","Canceled","canceled","1000",1000,"2026-09-01T22:18:47.406409+00:00"
"53b61a93-4dab-4376-98f2-0dc349056228","ApiOwner","11693546","refunded","Canceled","canceled","1000",1000,"2026-09-01T22:08:29.493744+00:00"
"848b52e2-3973-4062-9ebf-f569d712ed5d","ApiOwner","11693526","refunded","Canceled","canceled","1000",1000,"2026-09-01T22:07:59.28461+00:00"
"8dded419-a002-45b8-a7c9-718d30972969","ApiOwner","11693263","refunded","Canceled","canceled","1000",1000,"2026-09-01T22:01:50.14334+00:00"
"da2535c4-3f08-4be3-83df-2edff3667fef","ApiOwner","11693204","refunded","Canceled","canceled","1000",1000,"2026-09-01T22:00:34.427229+00:00"
"02e7d85b-6f35-493a-9ac1-e09186fe09a7","ApiOwner","11692744","refunded","Canceled","canceled","1000",1000,"2026-09-01T21:48:44.464795+00:00"
"9af0c0a3-8f4b-440f-a265-0e1516f1b81c","ApiOwner","11692675","refunded","Canceled","canceled","1000",1000,"2026-09-01T21:47:14.438312+00:00"
"f94c3479-1775-41fa-ac6a-82487b406081","ApiOwner","11692651","refunded","Canceled","canceled","300",300,"2026-09-01T21:46:29.468323+00:00"
"ed22c4c9-fcb9-47d2-bfba-8854dc316691","ApiOwner","11692604","refunded","Canceled","canceled","2000",2000,"2026-09-01T21:45:07.491018+00:00"
"c4eb9b21-3ec4-436b-abc2-8cde522ba959","ApiOwner","11692527","refunded","Canceled","canceled","2000",2000,"2026-09-01T21:43:12.960338+00:00"
"52c693dc-ff77-4fd4-8361-f24ffb54c675","ApiOwner","11692479","refunded","Canceled","canceled","100",100,"2026-09-01T21:42:16.431872+00:00"
"8c479fde-1a56-41ef-b124-dfd4e5f8bc4f","ApiOwner","11692398","refunded","Canceled","canceled","100",100,"2026-09-01T21:40:33.363457+00:00"
"1d445c2c-41ca-4a8d-8662-1b2747a64c68","ApiOwner","11692117","refunded","Canceled","canceled","1000",1000,"2026-09-01T21:33:33.777824+00:00"
"1e3e076a-80f0-4180-879c-580e93d88603","ApiOwner","11692106","refunded","Canceled","canceled","1000",1000,"2026-09-01T21:33:20.659312+00:00"
"f788610c-e943-4f21-8443-423f7c4e99bd","ApiOwner","11691600","refunded","Canceled","canceled","1000",1000,"2026-09-01T21:24:35.525083+00:00"
"d6dace64-e4ca-42d0-9ec7-f759ddca8825","ApiOwner","11691468","refunded","Canceled","canceled","1000",1000,"2026-09-01T21:22:05.663499+00:00"
"71a97d44-7492-43d3-b333-bc5ab7853618","ApiOwner","11691445","refunded","Canceled","canceled","1000",1000,"2026-09-01T21:21:34.952693+00:00"
"f6f857de-2604-4ce5-99ef-5f788498b9a9","ApiOwner","11691408","refunded","Canceled","canceled","1000",1000,"2026-09-01T21:20:40.087179+00:00"
"a19572aa-76d9-4c51-8d51-a1bd92be1e24","ApiOwner","11691361","refunded","Canceled","canceled","1000",1000,"2026-09-01T21:19:56.543781+00:00"
"3a4a85cc-30e9-494d-9b52-6daedd244bb3","ApiOwner","11691303","refunded","Canceled","canceled","700",700,"2026-09-01T21:18:57.469585+00:00"
"411e13b2-6240-4f81-ab9f-8154fe0fdd08","ApiOwner","11691269","refunded","Canceled","canceled","200",200,"2026-09-01T21:18:12.9175+00:00"
"36729e63-a37b-4aa8-a336-544be9103e5e","ApiOwner","11690840","refunded","Canceled","canceled","1000",1000,"2026-09-01T21:07:55.469299+00:00"
"938550ad-cd1e-42ba-9712-4625ceaa0dc2","ApiOwner","11690805","refunded","Canceled","canceled","1000",1000,"2026-09-01T21:07:07.378879+00:00"
"90955629-e325-4011-999a-e6580b1c4d5a","ApiOwner","11688796","refunded","Canceled","canceled","1000",1000,"2026-09-01T20:26:01.386382+00:00"
"90f790ba-f076-4dad-9d95-0d4ba302ed13","ApiOwner","11688773","refunded","Canceled","canceled","1000",1000,"2026-09-01T20:25:35.215969+00:00"
"dd588bb1-68fc-4779-ada6-9f4f9377a147","ApiOwner","11688635","refunded","Canceled","canceled","1000",1000,"2026-09-01T20:22:54.019524+00:00"
"b0b49f8d-5188-4eb4-88b4-70e3bf14e6f8","ApiOwner","11688424","refunded","Canceled","canceled","3000",3000,"2026-09-01T20:18:45.399382+00:00"
"aa68a934-73a2-4dac-8141-9e7c431814b3","ApiOwner","11688421","refunded","Canceled","canceled","700",700,"2026-09-01T20:18:35.803865+00:00"
"d6635e10-93c2-44a1-b4ce-df0d2ce94dfb","ApiOwner","11687505","refunded","Canceled","canceled","1000",1000,"2026-09-01T19:59:38.307016+00:00"
"26658ea7-272e-438e-b901-c9a442264bbb","ApiOwner","11687453","refunded","Canceled","canceled","1000",1000,"2026-09-01T19:58:36.157633+00:00"
"6ff4eecd-56e8-40e1-b8c8-edbb8d8b2dc1","ApiOwner","11687031","in progress","Pending","pending","456",500,"2026-09-01T19:48:19.034064+00:00"
"62d376d5-e125-4760-a878-c9a7798aba69","ApiOwner","11686749","refunded","Canceled","canceled","1000",1000,"2026-09-01T19:44:04.73702+00:00"
"c86c2e69-5081-4b13-9084-4eb8cd146387","ApiOwner","11686694","refunded","Canceled","canceled","1000",1000,"2026-09-01T19:42:55.689605+00:00"
"d0abf5db-1854-448b-b2cf-b8df47c2625e","ApiOwner","11686690","refunded","Canceled","canceled","1000",1000,"2026-09-01T19:42:47.316751+00:00"
"2e82da1a-4268-43f9-8560-0109ce245618","ApiOwner","11686556","refunded","Canceled","canceled","1000",1000,"2026-09-01T19:39:14.181155+00:00"
"e16e3cf0-d5df-4979-83b6-4c8c73d23026","ApiOwner","11686537","refunded","Canceled","canceled","100",100,"2026-09-01T19:38:50.40332+00:00"
"893837ac-8fe8-4afa-9197-8e0c4a1bf1be","ApiOwner","11686522","refunded","Canceled","canceled","1000",1000,"2026-09-01T19:38:31.068663+00:00"
"2c5a8a0b-d405-4317-be41-f7609c881c1d","ApiOwner","11686298","refunded","Canceled","canceled","1000",1000,"2026-09-01T19:32:33.213911+00:00"
"13799d72-b238-422d-bce0-d2fe09fbc418","ApiOwner","11684739","in progress","Pending","pending","448",500,"2026-09-01T19:03:24.472368+00:00"
"5ac8334e-7019-4c34-862e-af4bd603f78e","ApiOwner","11684172","refunded","Canceled","canceled","100",100,"2026-09-01T18:52:02.181347+00:00"
"990f2be4-a62b-4154-a55b-f1b6a812a683","ApiOwner","11682442","in progress","Pending","pending","420",500,"2026-09-01T18:18:25.460219+00:00"
"d1a25d67-db57-4d9a-9c8e-f00e82fc664d","ApiOwner","11681835","in progress","Pending","pending","18",100,"2026-09-01T18:07:26.30925+00:00"
"0e0235cd-89d4-41f1-b4c1-0349d7d5a43c","ApiOwner","11681758","in progress","Pending","pending","48",100,"2026-09-01T18:05:51.316868+00:00"
"0c481d83-f193-4399-9efe-c5b944494b20","ApiOwner","11681465","refunded","Canceled","canceled","100",100,"2026-09-01T17:59:47.200664+00:00"
"dd52e076-e535-44ca-a39d-911c7f79ef9a","ApiOwner","11679586","refunded","Canceled","canceled","1000",1000,"2026-09-01T17:30:24.076332+00:00"
"2de3cfa9-5b33-482d-90e9-dcf78ab71fb0","ApiOwner","11678089","refunded","Canceled","canceled","1000",1000,"2026-09-01T17:13:43.847729+00:00"
"29a4216d-9d0f-4322-895e-46d283d47752","ApiOwner","11677669","refunded","Canceled","canceled","600",600,"2026-09-01T17:07:01.59809+00:00"
"27e27457-ac6e-4e3d-b754-811410460e90","ApiOwner","11676954","in progress","Pending","pending","389",500,"2026-09-01T16:56:58.506947+00:00"
"8297d5dc-d621-4d38-bb1e-f50d0102cf27","ApiOwner","11676562","refunded","Canceled","canceled","200",200,"2026-09-01T16:49:25.819956+00:00"
"c106c1fa-ddc3-4cd9-adae-c5bd16033715","ApiOwner","11673490","refunded","Canceled","canceled","1000",1000,"2026-09-01T15:56:37.962785+00:00"
"7b6371db-0bd3-4b43-a5c3-ac36f33204c4","ApiOwner","11673088","refunded","Canceled","canceled","100",100,"2026-09-01T15:49:49.545153+00:00"
"603bf0af-ccf4-413c-b1e4-94e00595ed86","ApiOwner","11672416","refunded","Canceled","canceled","400",400,"2026-09-01T15:37:27.22689+00:00"
"d3949729-339b-4d19-a31a-a0e277f7f312","ApiOwner","11671936","refunded","Canceled","canceled","1000",1000,"2026-09-01T15:29:56.227239+00:00"
"3400431c-3cc4-45d9-b1d0-6c08134c030b","ApiOwner","11670723","refunded","Canceled","canceled","100",100,"2026-09-01T15:09:27.037802+00:00"
"79ceaf32-f7e8-4100-988f-c904bac34af2","ApiOwner","11670401","refunded","Canceled","canceled","500",500,"2026-09-01T15:03:40.311618+00:00"
"543a61a6-e070-465f-aed5-e3498ecfc2d7","ApiOwner","11669701","refunded","Canceled","canceled","400",400,"2026-09-01T14:51:45.103648+00:00"
"8f75bbb3-2e25-4deb-afaf-2c5a2eaefb9e","ApiOwner","11669275","refunded","Canceled","canceled","100",100,"2026-09-01T14:45:55.248587+00:00"
"afd4db11-e6b7-4642-877b-6998fdbe1d3d","ApiOwner","11669061","refunded","Canceled","canceled","1000",1000,"2026-09-01T14:43:06.682509+00:00"
"6ea290fc-7183-4ee7-a9e6-0928edb88225","ApiOwner","11666712","refunded","Canceled","canceled","100",100,"2026-09-01T14:14:06.880778+00:00"
"557b5df2-0e17-43eb-818f-727eccc70405","ApiOwner","11666611","refunded","Canceled","canceled","1000",1000,"2026-09-01T14:12:32.035569+00:00"
"5908f6c8-2f96-44d0-9def-ad7adea0aa7f","ApiOwner","11666117","refunded","Canceled","canceled","100",100,"2026-09-01T14:04:15.879579+00:00"
"b59c7297-f5e0-40df-aca8-9a1e85abb614","ApiOwner","11664987","refunded","Canceled","canceled","370",370,"2026-09-01T13:41:49.466256+00:00"
"e95417c2-34be-444a-ae9a-745e27d41aea","ApiOwner","11664631","refunded","Canceled","canceled","500",500,"2026-09-01T13:34:45.435628+00:00"
"1b5c5b37-3595-4df7-a3d9-210f3bf81e46","ApiOwner","11664377","in progress","Pending","pending","192",200,"2026-09-01T13:30:03.952906+00:00"
"5e5ab26f-d56b-4071-b67a-867a896c35db","ApiOwner","11664364","refunded","Canceled","canceled","1000",1000,"2026-09-01T13:29:46.565364+00:00"
"d044a3e5-3395-47fe-a09d-98a2f3f44d71","ApiOwner","11664362","refunded","Canceled","canceled","1000",1000,"2026-09-01T13:29:43.813145+00:00"
"3afeb701-7a96-4748-a02a-7eab59843d16","ApiOwner","11663336","refunded","Canceled","canceled","1000",1000,"2026-09-01T13:10:50.798558+00:00"
"a1a3dd9d-876f-4a65-b4a9-52192f98ecad","ApiOwner","11662776","refunded","Canceled","canceled","100",100,"2026-09-01T13:00:21.773464+00:00"
"be54f973-12d1-428d-99b1-6f0c0d47f6bd","ApiOwner","11661936","in progress","Pending","pending","53",100,"2026-09-01T12:46:21.501987+00:00"
"f9639b35-e655-49f2-8a1f-b69e1e28eab4","ApiOwner","11660672","refunded","Canceled","canceled","100",100,"2026-09-01T12:25:22.25843+00:00"
"a279513d-169b-41f5-a5d5-e1f279bbf555","ApiOwner","11660289","in progress","Pending","pending","100",100,"2026-09-01T12:19:12.478148+00:00"
"90d00a3b-44da-4f30-899b-b028b4e80d8b","ApiOwner","11659022","refunded","Canceled","canceled","1000",1000,"2026-09-01T11:57:15.199812+00:00"
"4322bfcb-d87f-4bb5-9307-830f74390d8d","ApiOwner","11658861","refunded","Canceled","canceled","1000",1000,"2026-09-01T11:54:09.320092+00:00"
"ef56788e-8bf7-4f91-b750-13c64ec46004","ApiOwner","11657942","refunded","Canceled","canceled","400",400,"2026-09-01T11:36:50.003434+00:00"
"560c1de9-fb9d-4f92-890c-eb18a09443f5","ApiOwner","11657893","refunded","Canceled","canceled","1000",1000,"2026-09-01T11:35:50.815323+00:00"
"6ddfe02f-f3a6-470c-892a-30a7542f9050","ApiOwner","11656671","refunded","Canceled","canceled","1000",1000,"2026-09-01T11:16:30.185682+00:00"
"664f9a65-07e5-421c-a82d-49ce4fe8c33c","ApiOwner","11654939","refunded","Canceled","canceled","1000",1000,"2026-09-01T10:52:41.082745+00:00"
"cce4b0de-fd7b-44b2-9c1a-9dd612b9578c","ApiOwner","11654721","refunded","Canceled","canceled","1000",1000,"2026-09-01T10:47:52.484639+00:00"
"3eee96ba-316d-447f-91a4-51c71fbfad87","ApiOwner","11654576","refunded","Canceled","canceled","1000",1000,"2026-09-01T10:44:31.255+00:00"
"0e022f3c-d696-49a1-8a3d-7d2ec8a36349","ApiOwner","11654520","refunded","Canceled","canceled","143",143,"2026-09-01T10:43:07.54658+00:00"
"a8ba224b-bc8c-4fb7-b112-2edd500d478f","ApiOwner","11654281","refunded","Canceled","canceled","1000",1000,"2026-09-01T10:38:09.325395+00:00"
"0c66dceb-dfa2-4bac-b557-a1fd59cacac7","ApiOwner","11654151","refunded","Canceled","canceled","100",100,"2026-09-01T10:35:24.050114+00:00"
"aad42520-958b-4b97-9bca-08de8f7ebb58","ApiOwner","11654113","refunded","Canceled","canceled","100",100,"2026-09-01T10:34:30.954119+00:00"
"1d4d7cb8-a867-4e8b-a07c-9ab30887a685","ApiOwner","11654039","refunded","Canceled","canceled","100",100,"2026-09-01T10:33:19.695999+00:00"
"245012d5-64a6-4596-939c-1b002ccfa346","ApiOwner","11653741","refunded","Canceled","canceled","1000",1000,"2026-09-01T10:27:16.307249+00:00"
"c07e3331-bbe7-40b8-9cf8-89a0cc8b5a3c","ApiOwner","11653371","refunded","Canceled","canceled","200",200,"2026-09-01T10:19:51.630745+00:00"
"42ee50a5-2dde-4f5e-ace8-2d695d19d8ab","ApiOwner","11653137","refunded","Canceled","canceled","200",200,"2026-09-01T10:16:07.327142+00:00"
"34d9a761-563f-4e5c-82ec-ea2427692837","ApiOwner","11652879","refunded","Canceled","canceled","1200",1200,"2026-09-01T10:11:40.771058+00:00"
"988857d7-5889-4a9f-91a7-110d48b09502","ApiOwner","11652747","refunded","Canceled","canceled","1000",1000,"2026-09-01T10:09:15.510222+00:00"
"0d401ec9-860c-4897-9ec1-b29bba0996f2","ApiOwner","11635218","refunded","Canceled","canceled","100",100,"2026-09-01T04:06:30.854008+00:00"
"b7860378-4e5d-45cf-944c-ed080e141d8e","ApiOwner","11619330","refunded","Canceled","canceled","500",500,"2026-08-31T22:55:14.149467+00:00"
"17230eac-ab63-4512-9084-8bdbadfe6c42","ApiOwner","11601021","refunded","Canceled","canceled","100",100,"2026-08-31T17:45:54.653806+00:00"
"6080f406-e274-47ae-8a41-11f166d3d800","ApiOwner","11588996","refunded","Canceled","canceled","100",100,"2026-08-31T14:48:38.981031+00:00"
"3569dcdc-919a-4cda-9ace-fe933a2d34e9","ApiOwner","11588533","refunded","Canceled","canceled","100",100,"2026-08-31T14:41:02.194118+00:00"
"423e79da-034d-4e72-a49c-e25721e50542","ApiOwner","11588333","refunded","Canceled","canceled","100",100,"2026-08-31T14:38:50.88475+00:00"
"8e58e823-72db-46b5-807e-20479e03f711","ApiOwner","11586456","refunded","Canceled","canceled","100",100,"2026-08-31T14:08:38.440174+00:00"
"2038cddb-20f1-4349-9093-3d265f912314","ApiOwner","11585853","refunded","Canceled","canceled","100",100,"2026-08-31T13:57:19.373074+00:00"
"585398a5-a35e-4f36-9e40-b918d50cc5e0","ApiOwner","11585556","refunded","Canceled","canceled","100",100,"2026-08-31T13:51:58.305214+00:00"
"0d5ec79f-dcf7-46ed-8cdb-1f302b42a607","ApiOwner","11529833","refunded","Canceled","canceled","100",100,"2026-08-30T20:41:15.27845+00:00"
"3920455a-84aa-44cc-a9ec-6cfc27dc940e","ApiOwner","11528388","refunded","Canceled","canceled","100",100,"2026-08-30T20:15:45.515185+00:00"
"679295b7-2302-4432-8a79-494b3ced5feb","ApiOwner","11526074","refunded","Canceled","canceled","100",100,"2026-08-30T19:40:50.225402+00:00"
"eab6859d-5630-490e-82a5-8b2188d3f7a9","ApiOwner","11522941","refunded","Canceled","canceled","100",100,"2026-08-30T18:58:49.533795+00:00"
"63c20cc1-c675-4b4f-aa5f-69d76b5505fd","ApiOwner","11520520","refunded","Canceled","canceled","100",100,"2026-08-30T18:33:43.146176+00:00"
"b702be92-41ea-4b8a-a23a-bb72ca6ca778","ApiOwner","11514890","refunded","Canceled","canceled","100",100,"2026-08-30T17:23:06.373666+00:00"
"1dde4ed1-5e7e-4fe2-839f-376844167440","ApiOwner","11514728","refunded","Canceled","canceled","100",100,"2026-08-30T17:22:01.856038+00:00"
"34223788-95c4-4a02-931a-dfd184fb2d73","ApiOwner","11514622","refunded","Canceled","canceled","100",100,"2026-08-30T17:21:04.23205+00:00"
"94e387a4-d490-4550-9d21-956089f767e7","ApiOwner","11514536","refunded","Canceled","canceled","100",100,"2026-08-30T17:20:04.05722+00:00"
"0b505d79-10e1-472c-b462-5756970a11e8","ApiOwner","11514500","refunded","Canceled","canceled","100",100,"2026-08-30T17:19:23.786643+00:00"
"cd5862e4-b1c8-49ee-b14c-fd2ce514ceba","ApiOwner","11514334","refunded","Canceled","canceled","100",100,"2026-08-30T17:16:48.110041+00:00"
"0c131239-f2ab-45a4-b591-3209f4cfe4f2","ApiOwner","11514129","refunded","Canceled","canceled","100",100,"2026-08-30T17:13:39.150502+00:00"
"f2e5011e-24a1-42e7-b092-2693e9a4e41f","ApiOwner","11503201","refunded","Canceled","canceled","100",100,"2026-08-30T15:27:28.814122+00:00"